filepath,filename,label,label_id,writer_id,pair_id,extension,model,prob_forged,pred_label_id,pred_label,correct
/kaggle/input/datasets/matteocarnebella/cedar-signatures/signatures/signatures_49/forgeries_49_5.png,forgeries_49_5.png,forged,1,writer_49,writer_49_sample_5,.png,Custom_CNN,0.8880517,1,forged,True
/kaggle/input/datasets/matteocarnebella/cedar-signatures/signatures/signatures_49/original_49_5.png,original_49_5.png,genuine,0,writer_49,writer_49_sample_5,.png,Custom_CNN,0.82117015,1,forged,False
/kaggle/input/datasets/matteocarnebella/cedar-signatures/signatures/signatures_49/forgeries_49_16.png,forgeries_49_16.png,forged,1,writer_49,writer_49_sample_16,.png,Custom_CNN,0.8463185,1,forged,True
/kaggle/input/datasets/matteocarnebella/cedar-signatures/signatures/signatures_49/forgeries_49_12.png,forgeries_49_12.png,forged,1,writer_49,writer_49_sample_12,.png,Custom_CNN,0.8307759,1,forged,True
/kaggle/input/datasets/matteocarnebella/cedar-signatures/signatures/signatures_49/original_49_22.png,original_49_22.png,genuine,0,writer_49,writer_49_sample_22,.png,Custom_CNN,0.84708875,1,forged,False
/kaggle/input/datasets/matteocarnebella/cedar-signatures/signatures/signatures_49/forgeries_49_17.png,forgeries_49_17.png,forged,1,writer_49,writer_49_sample_17,.png,Custom_CNN,0.86944765,1,forged,True
/kaggle/input/datasets/matteocarnebella/cedar-signatures/signatures/signatures_49/original_49_17.png,original_49_17.png,genuine,0,writer_49,writer_49_sample_17,.png,Custom_CNN,0.82237124,1,forged,False
/kaggle/input/datasets/matteocarnebella/cedar-signatures/signatures/signatures_49/forgeries_49_20.png,forgeries_49_20.png,forged,1,writer_49,writer_49_sample_20,.png,Custom_CNN,0.8887544,1,forged,True
/kaggle/input/datasets/matteocarnebella/cedar-signatures/signatures/signatures_49/original_49_16.png,original_49_16.png,genuine,0,writer_49,writer_49_sample_16,.png,Custom_CNN,0.8346194,1,forged,False
/kaggle/input/datasets/matteocarnebella/cedar-signatures/signatures/signatures_49/original_49_24.png,original_49_24.png,genuine,0,writer_49,writer_49_sample_24,.png,Custom_CNN,0.7974722,1,forged,False
/kaggle/input/datasets/matteocarnebella/cedar-signatures/signatures/signatures_49/forgeries_49_14.png,forgeries_49_14.png,forged,1,writer_49,writer_49_sample_14,.png,Custom_CNN,0.83705753,1,forged,True
/kaggle/input/datasets/matteocarnebella/cedar-signatures/signatures/signatures_49/forgeries_49_8.png,forgeries_49_8.png,forged,1,writer_49,writer_49_sample_8,.png,Custom_CNN,0.87818176,1,forged,True
/kaggle/input/datasets/matteocarnebella/cedar-signatures/signatures/signatures_49/forgeries_49_1.png,forgeries_49_1.png,forged,1,writer_49,writer_49_sample_1,.png,Custom_CNN,0.83858615,1,forged,True
/kaggle/input/datasets/matteocarnebella/cedar-signatures/signatures/signatures_49/original_49_11.png,original_49_11.png,genuine,0,writer_49,writer_49_sample_11,.png,Custom_CNN,0.82044894,1,forged,False
/kaggle/input/datasets/matteocarnebella/cedar-signatures/signatures/signatures_49/forgeries_49_10.png,forgeries_49_10.png,forged,1,writer_49,writer_49_sample_10,.png,Custom_CNN,0.8554882,1,forged,True
/kaggle/input/datasets/matteocarnebella/cedar-signatures/signatures/signatures_49/forgeries_49_21.png,forgeries_49_21.png,forged,1,writer_49,writer_49_sample_21,.png,Custom_CNN,0.89233315,1,forged,True
/kaggle/input/datasets/matteocarnebella/cedar-signatures/signatures/signatures_49/original_49_7.png,original_49_7.png,genuine,0,writer_49,writer_49_sample_7,.png,Custom_CNN,0.8599785,1,forged,False
/kaggle/input/datasets/matteocarnebella/cedar-signatures/signatures/signatures_49/forgeries_49_18.png,forgeries_49_18.png,forged,1,writer_49,writer_49_sample_18,.png,Custom_CNN,0.85075307,1,forged,True
/kaggle/input/datasets/matteocarnebella/cedar-signatures/signatures/signatures_49/original_49_8.png,original_49_8.png,genuine,0,writer_49,writer_49_sample_8,.png,Custom_CNN,0.83527976,1,forged,False
/kaggle/input/datasets/matteocarnebella/cedar-signatures/signatures/signatures_49/forgeries_49_19.png,forgeries_49_19.png,forged,1,writer_49,writer_49_sample_19,.png,Custom_CNN,0.8722146,1,forged,True
/kaggle/input/datasets/matteocarnebella/cedar-signatures/signatures/signatures_49/forgeries_49_23.png,forgeries_49_23.png,forged,1,writer_49,writer_49_sample_23,.png,Custom_CNN,0.86334413,1,forged,True
/kaggle/input/datasets/matteocarnebella/cedar-signatures/signatures/signatures_49/original_49_1.png,original_49_1.png,genuine,0,writer_49,writer_49_sample_1,.png,Custom_CNN,0.8425794,1,forged,False
/kaggle/input/datasets/matteocarnebella/cedar-signatures/signatures/signatures_49/forgeries_49_24.png,forgeries_49_24.png,forged,1,writer_49,writer_49_sample_24,.png,Custom_CNN,0.8501644,1,forged,True
/kaggle/input/datasets/matteocarnebella/cedar-signatures/signatures/signatures_49/original_49_10.png,original_49_10.png,genuine,0,writer_49,writer_49_sample_10,.png,Custom_CNN,0.84846354,1,forged,False
/kaggle/input/datasets/matteocarnebella/cedar-signatures/signatures/signatures_49/forgeries_49_2.png,forgeries_49_2.png,forged,1,writer_49,writer_49_sample_2,.png,Custom_CNN,0.8533348,1,forged,True
/kaggle/input/datasets/matteocarnebella/cedar-signatures/signatures/signatures_49/forgeries_49_15.png,forgeries_49_15.png,forged,1,writer_49,writer_49_sample_15,.png,Custom_CNN,0.8115614,1,forged,True
/kaggle/input/datasets/matteocarnebella/cedar-signatures/signatures/signatures_49/original_49_3.png,original_49_3.png,genuine,0,writer_49,writer_49_sample_3,.png,Custom_CNN,0.8603571,1,forged,False
/kaggle/input/datasets/matteocarnebella/cedar-signatures/signatures/signatures_49/original_49_14.png,original_49_14.png,genuine,0,writer_49,writer_49_sample_14,.png,Custom_CNN,0.836718,1,forged,False
/kaggle/input/datasets/matteocarnebella/cedar-signatures/signatures/signatures_49/original_49_6.png,original_49_6.png,genuine,0,writer_49,writer_49_sample_6,.png,Custom_CNN,0.8256834,1,forged,False
/kaggle/input/datasets/matteocarnebella/cedar-signatures/signatures/signatures_49/forgeries_49_9.png,forgeries_49_9.png,forged,1,writer_49,writer_49_sample_9,.png,Custom_CNN,0.8492664,1,forged,True
/kaggle/input/datasets/matteocarnebella/cedar-signatures/signatures/signatures_49/original_49_15.png,original_49_15.png,genuine,0,writer_49,writer_49_sample_15,.png,Custom_CNN,0.86518276,1,forged,False
/kaggle/input/datasets/matteocarnebella/cedar-signatures/signatures/signatures_49/original_49_4.png,original_49_4.png,genuine,0,writer_49,writer_49_sample_4,.png,Custom_CNN,0.83414507,1,forged,False
/kaggle/input/datasets/matteocarnebella/cedar-signatures/signatures/signatures_49/forgeries_49_3.png,forgeries_49_3.png,forged,1,writer_49,writer_49_sample_3,.png,Custom_CNN,0.8653096,1,forged,True
/kaggle/input/datasets/matteocarnebella/cedar-signatures/signatures/signatures_49/forgeries_49_6.png,forgeries_49_6.png,forged,1,writer_49,writer_49_sample_6,.png,Custom_CNN,0.81794095,1,forged,True
/kaggle/input/datasets/matteocarnebella/cedar-signatures/signatures/signatures_49/forgeries_49_13.png,forgeries_49_13.png,forged,1,writer_49,writer_49_sample_13,.png,Custom_CNN,0.87193304,1,forged,True
/kaggle/input/datasets/matteocarnebella/cedar-signatures/signatures/signatures_49/original_49_12.png,original_49_12.png,genuine,0,writer_49,writer_49_sample_12,.png,Custom_CNN,0.81295335,1,forged,False
/kaggle/input/datasets/matteocarnebella/cedar-signatures/signatures/signatures_49/original_49_13.png,original_49_13.png,genuine,0,writer_49,writer_49_sample_13,.png,Custom_CNN,0.816576,1,forged,False
/kaggle/input/datasets/matteocarnebella/cedar-signatures/signatures/signatures_49/forgeries_49_11.png,forgeries_49_11.png,forged,1,writer_49,writer_49_sample_11,.png,Custom_CNN,0.8806124,1,forged,True
/kaggle/input/datasets/matteocarnebella/cedar-signatures/signatures/signatures_49/original_49_2.png,original_49_2.png,genuine,0,writer_49,writer_49_sample_2,.png,Custom_CNN,0.8643197,1,forged,False
/kaggle/input/datasets/matteocarnebella/cedar-signatures/signatures/signatures_49/original_49_21.png,original_49_21.png,genuine,0,writer_49,writer_49_sample_21,.png,Custom_CNN,0.8296,1,forged,False
/kaggle/input/datasets/matteocarnebella/cedar-signatures/signatures/signatures_49/original_49_23.png,original_49_23.png,genuine,0,writer_49,writer_49_sample_23,.png,Custom_CNN,0.84172183,1,forged,False
/kaggle/input/datasets/matteocarnebella/cedar-signatures/signatures/signatures_49/forgeries_49_7.png,forgeries_49_7.png,forged,1,writer_49,writer_49_sample_7,.png,Custom_CNN,0.8887382,1,forged,True
/kaggle/input/datasets/matteocarnebella/cedar-signatures/signatures/signatures_49/forgeries_49_22.png,forgeries_49_22.png,forged,1,writer_49,writer_49_sample_22,.png,Custom_CNN,0.8390684,1,forged,True
/kaggle/input/datasets/matteocarnebella/cedar-signatures/signatures/signatures_49/original_49_9.png,original_49_9.png,genuine,0,writer_49,writer_49_sample_9,.png,Custom_CNN,0.850622,1,forged,False
/kaggle/input/datasets/matteocarnebella/cedar-signatures/signatures/signatures_49/original_49_19.png,original_49_19.png,genuine,0,writer_49,writer_49_sample_19,.png,Custom_CNN,0.8649856,1,forged,False
/kaggle/input/datasets/matteocarnebella/cedar-signatures/signatures/signatures_49/forgeries_49_4.png,forgeries_49_4.png,forged,1,writer_49,writer_49_sample_4,.png,Custom_CNN,0.88715625,1,forged,True
/kaggle/input/datasets/matteocarnebella/cedar-signatures/signatures/signatures_49/original_49_20.png,original_49_20.png,genuine,0,writer_49,writer_49_sample_20,.png,Custom_CNN,0.8698992,1,forged,False
/kaggle/input/datasets/matteocarnebella/cedar-signatures/signatures/signatures_49/original_49_18.png,original_49_18.png,genuine,0,writer_49,writer_49_sample_18,.png,Custom_CNN,0.8167079,1,forged,False
/kaggle/input/datasets/matteocarnebella/cedar-signatures/signatures/signatures_12/original_12_1.png,original_12_1.png,genuine,0,writer_12,writer_12_sample_1,.png,Custom_CNN,0.85056,1,forged,False
/kaggle/input/datasets/matteocarnebella/cedar-signatures/signatures/signatures_12/forgeries_12_16.png,forgeries_12_16.png,forged,1,writer_12,writer_12_sample_16,.png,Custom_CNN,0.9244639,1,forged,True
/kaggle/input/datasets/matteocarnebella/cedar-signatures/signatures/signatures_12/original_12_19.png,original_12_19.png,genuine,0,writer_12,writer_12_sample_19,.png,Custom_CNN,0.81098896,1,forged,False
/kaggle/input/datasets/matteocarnebella/cedar-signatures/signatures/signatures_12/forgeries_12_20.png,forgeries_12_20.png,forged,1,writer_12,writer_12_sample_20,.png,Custom_CNN,0.95282733,1,forged,True
/kaggle/input/datasets/matteocarnebella/cedar-signatures/signatures/signatures_12/forgeries_12_22.png,forgeries_12_22.png,forged,1,writer_12,writer_12_sample_22,.png,Custom_CNN,0.83008593,1,forged,True
/kaggle/input/datasets/matteocarnebella/cedar-signatures/signatures/signatures_12/original_12_20.png,original_12_20.png,genuine,0,writer_12,writer_12_sample_20,.png,Custom_CNN,0.78542626,1,forged,False
/kaggle/input/datasets/matteocarnebella/cedar-signatures/signatures/signatures_12/forgeries_12_7.png,forgeries_12_7.png,forged,1,writer_12,writer_12_sample_7,.png,Custom_CNN,0.8231609,1,forged,True
/kaggle/input/datasets/matteocarnebella/cedar-signatures/signatures/signatures_12/original_12_15.png,original_12_15.png,genuine,0,writer_12,writer_12_sample_15,.png,Custom_CNN,0.75552964,1,forged,False
/kaggle/input/datasets/matteocarnebella/cedar-signatures/signatures/signatures_12/original_12_9.png,original_12_9.png,genuine,0,writer_12,writer_12_sample_9,.png,Custom_CNN,0.7601779,1,forged,False
/kaggle/input/datasets/matteocarnebella/cedar-signatures/signatures/signatures_12/original_12_24.png,original_12_24.png,genuine,0,writer_12,writer_12_sample_24,.png,Custom_CNN,0.7936217,1,forged,False
/kaggle/input/datasets/matteocarnebella/cedar-signatures/signatures/signatures_12/original_12_21.png,original_12_21.png,genuine,0,writer_12,writer_12_sample_21,.png,Custom_CNN,0.7984498,1,forged,False
/kaggle/input/datasets/matteocarnebella/cedar-signatures/signatures/signatures_12/original_12_22.png,original_12_22.png,genuine,0,writer_12,writer_12_sample_22,.png,Custom_CNN,0.87268794,1,forged,False
/kaggle/input/datasets/matteocarnebella/cedar-signatures/signatures/signatures_12/forgeries_12_15.png,forgeries_12_15.png,forged,1,writer_12,writer_12_sample_15,.png,Custom_CNN,0.8605483,1,forged,True
/kaggle/input/datasets/matteocarnebella/cedar-signatures/signatures/signatures_12/original_12_17.png,original_12_17.png,genuine,0,writer_12,writer_12_sample_17,.png,Custom_CNN,0.7627204,1,forged,False
/kaggle/input/datasets/matteocarnebella/cedar-signatures/signatures/signatures_12/forgeries_12_14.png,forgeries_12_14.png,forged,1,writer_12,writer_12_sample_14,.png,Custom_CNN,0.93626976,1,forged,True
/kaggle/input/datasets/matteocarnebella/cedar-signatures/signatures/signatures_12/original_12_3.png,original_12_3.png,genuine,0,writer_12,writer_12_sample_3,.png,Custom_CNN,0.8549305,1,forged,False
/kaggle/input/datasets/matteocarnebella/cedar-signatures/signatures/signatures_12/forgeries_12_12.png,forgeries_12_12.png,forged,1,writer_12,writer_12_sample_12,.png,Custom_CNN,0.9042082,1,forged,True
/kaggle/input/datasets/matteocarnebella/cedar-signatures/signatures/signatures_12/forgeries_12_5.png,forgeries_12_5.png,forged,1,writer_12,writer_12_sample_5,.png,Custom_CNN,0.9390441,1,forged,True
/kaggle/input/datasets/matteocarnebella/cedar-signatures/signatures/signatures_12/original_12_8.png,original_12_8.png,genuine,0,writer_12,writer_12_sample_8,.png,Custom_CNN,0.69836605,1,forged,False
/kaggle/input/datasets/matteocarnebella/cedar-signatures/signatures/signatures_12/forgeries_12_3.png,forgeries_12_3.png,forged,1,writer_12,writer_12_sample_3,.png,Custom_CNN,0.95670897,1,forged,True
/kaggle/input/datasets/matteocarnebella/cedar-signatures/signatures/signatures_12/forgeries_12_17.png,forgeries_12_17.png,forged,1,writer_12,writer_12_sample_17,.png,Custom_CNN,0.95560354,1,forged,True
/kaggle/input/datasets/matteocarnebella/cedar-signatures/signatures/signatures_12/forgeries_12_9.png,forgeries_12_9.png,forged,1,writer_12,writer_12_sample_9,.png,Custom_CNN,0.86620784,1,forged,True
/kaggle/input/datasets/matteocarnebella/cedar-signatures/signatures/signatures_12/forgeries_12_6.png,forgeries_12_6.png,forged,1,writer_12,writer_12_sample_6,.png,Custom_CNN,0.94085747,1,forged,True
/kaggle/input/datasets/matteocarnebella/cedar-signatures/signatures/signatures_12/original_12_5.png,original_12_5.png,genuine,0,writer_12,writer_12_sample_5,.png,Custom_CNN,0.67383,1,forged,False
/kaggle/input/datasets/matteocarnebella/cedar-signatures/signatures/signatures_12/original_12_18.png,original_12_18.png,genuine,0,writer_12,writer_12_sample_18,.png,Custom_CNN,0.6564821,1,forged,False
/kaggle/input/datasets/matteocarnebella/cedar-signatures/signatures/signatures_12/forgeries_12_8.png,forgeries_12_8.png,forged,1,writer_12,writer_12_sample_8,.png,Custom_CNN,0.82121146,1,forged,True
/kaggle/input/datasets/matteocarnebella/cedar-signatures/signatures/signatures_12/original_12_12.png,original_12_12.png,genuine,0,writer_12,writer_12_sample_12,.png,Custom_CNN,0.8951188,1,forged,False
/kaggle/input/datasets/matteocarnebella/cedar-signatures/signatures/signatures_12/original_12_6.png,original_12_6.png,genuine,0,writer_12,writer_12_sample_6,.png,Custom_CNN,0.8319003,1,forged,False
/kaggle/input/datasets/matteocarnebella/cedar-signatures/signatures/signatures_12/original_12_7.png,original_12_7.png,genuine,0,writer_12,writer_12_sample_7,.png,Custom_CNN,0.76070976,1,forged,False
/kaggle/input/datasets/matteocarnebella/cedar-signatures/signatures/signatures_12/forgeries_12_4.png,forgeries_12_4.png,forged,1,writer_12,writer_12_sample_4,.png,Custom_CNN,0.95581925,1,forged,True
/kaggle/input/datasets/matteocarnebella/cedar-signatures/signatures/signatures_12/original_12_11.png,original_12_11.png,genuine,0,writer_12,writer_12_sample_11,.png,Custom_CNN,0.8003443,1,forged,False
/kaggle/input/datasets/matteocarnebella/cedar-signatures/signatures/signatures_12/original_12_2.png,original_12_2.png,genuine,0,writer_12,writer_12_sample_2,.png,Custom_CNN,0.7024813,1,forged,False
/kaggle/input/datasets/matteocarnebella/cedar-signatures/signatures/signatures_12/forgeries_12_21.png,forgeries_12_21.png,forged,1,writer_12,writer_12_sample_21,.png,Custom_CNN,0.81331617,1,forged,True
/kaggle/input/datasets/matteocarnebella/cedar-signatures/signatures/signatures_12/original_12_10.png,original_12_10.png,genuine,0,writer_12,writer_12_sample_10,.png,Custom_CNN,0.88809276,1,forged,False
/kaggle/input/datasets/matteocarnebella/cedar-signatures/signatures/signatures_12/original_12_4.png,original_12_4.png,genuine,0,writer_12,writer_12_sample_4,.png,Custom_CNN,0.7767704,1,forged,False
/kaggle/input/datasets/matteocarnebella/cedar-signatures/signatures/signatures_12/forgeries_12_11.png,forgeries_12_11.png,forged,1,writer_12,writer_12_sample_11,.png,Custom_CNN,0.86137515,1,forged,True
/kaggle/input/datasets/matteocarnebella/cedar-signatures/signatures/signatures_12/forgeries_12_18.png,forgeries_12_18.png,forged,1,writer_12,writer_12_sample_18,.png,Custom_CNN,0.9251386,1,forged,True
/kaggle/input/datasets/matteocarnebella/cedar-signatures/signatures/signatures_12/forgeries_12_1.png,forgeries_12_1.png,forged,1,writer_12,writer_12_sample_1,.png,Custom_CNN,0.9609125,1,forged,True
/kaggle/input/datasets/matteocarnebella/cedar-signatures/signatures/signatures_12/original_12_23.png,original_12_23.png,genuine,0,writer_12,writer_12_sample_23,.png,Custom_CNN,0.8493081,1,forged,False
/kaggle/input/datasets/matteocarnebella/cedar-signatures/signatures/signatures_12/forgeries_12_19.png,forgeries_12_19.png,forged,1,writer_12,writer_12_sample_19,.png,Custom_CNN,0.90334696,1,forged,True
/kaggle/input/datasets/matteocarnebella/cedar-signatures/signatures/signatures_12/original_12_13.png,original_12_13.png,genuine,0,writer_12,writer_12_sample_13,.png,Custom_CNN,0.44460618,0,genuine,True
/kaggle/input/datasets/matteocarnebella/cedar-signatures/signatures/signatures_12/original_12_14.png,original_12_14.png,genuine,0,writer_12,writer_12_sample_14,.png,Custom_CNN,0.4278828,0,genuine,True
/kaggle/input/datasets/matteocarnebella/cedar-signatures/signatures/signatures_12/forgeries_12_23.png,forgeries_12_23.png,forged,1,writer_12,writer_12_sample_23,.png,Custom_CNN,0.9507489,1,forged,True
/kaggle/input/datasets/matteocarnebella/cedar-signatures/signatures/signatures_12/forgeries_12_10.png,forgeries_12_10.png,forged,1,writer_12,writer_12_sample_10,.png,Custom_CNN,0.80011463,1,forged,True
/kaggle/input/datasets/matteocarnebella/cedar-signatures/signatures/signatures_12/forgeries_12_2.png,forgeries_12_2.png,forged,1,writer_12,writer_12_sample_2,.png,Custom_CNN,0.9480785,1,forged,True
/kaggle/input/datasets/matteocarnebella/cedar-signatures/signatures/signatures_12/forgeries_12_13.png,forgeries_12_13.png,forged,1,writer_12,writer_12_sample_13,.png,Custom_CNN,0.8997772,1,forged,True
/kaggle/input/datasets/matteocarnebella/cedar-signatures/signatures/signatures_12/forgeries_12_24.png,forgeries_12_24.png,forged,1,writer_12,writer_12_sample_24,.png,Custom_CNN,0.9636748,1,forged,True
/kaggle/input/datasets/matteocarnebella/cedar-signatures/signatures/signatures_12/original_12_16.png,original_12_16.png,genuine,0,writer_12,writer_12_sample_16,.png,Custom_CNN,0.8292367,1,forged,False
/kaggle/input/datasets/matteocarnebella/cedar-signatures/signatures/signatures_47/original_47_18.png,original_47_18.png,genuine,0,writer_47,writer_47_sample_18,.png,Custom_CNN,0.680312,1,forged,False
/kaggle/input/datasets/matteocarnebella/cedar-signatures/signatures/signatures_47/forgeries_47_14.png,forgeries_47_14.png,forged,1,writer_47,writer_47_sample_14,.png,Custom_CNN,0.7433215,1,forged,True
/kaggle/input/datasets/matteocarnebella/cedar-signatures/signatures/signatures_47/forgeries_47_23.png,forgeries_47_23.png,forged,1,writer_47,writer_47_sample_23,.png,Custom_CNN,0.75775534,1,forged,True
/kaggle/input/datasets/matteocarnebella/cedar-signatures/signatures/signatures_47/original_47_4.png,original_47_4.png,genuine,0,writer_47,writer_47_sample_4,.png,Custom_CNN,0.5933463,1,forged,False
/kaggle/input/datasets/matteocarnebella/cedar-signatures/signatures/signatures_47/original_47_15.png,original_47_15.png,genuine,0,writer_47,writer_47_sample_15,.png,Custom_CNN,0.6934956,1,forged,False
/kaggle/input/datasets/matteocarnebella/cedar-signatures/signatures/signatures_47/forgeries_47_7.png,forgeries_47_7.png,forged,1,writer_47,writer_47_sample_7,.png,Custom_CNN,0.7964095,1,forged,True
/kaggle/input/datasets/matteocarnebella/cedar-signatures/signatures/signatures_47/forgeries_47_19.png,forgeries_47_19.png,forged,1,writer_47,writer_47_sample_19,.png,Custom_CNN,0.75430584,1,forged,True
/kaggle/input/datasets/matteocarnebella/cedar-signatures/signatures/signatures_47/forgeries_47_5.png,forgeries_47_5.png,forged,1,writer_47,writer_47_sample_5,.png,Custom_CNN,0.8398048,1,forged,True
/kaggle/input/datasets/matteocarnebella/cedar-signatures/signatures/signatures_47/original_47_19.png,original_47_19.png,genuine,0,writer_47,writer_47_sample_19,.png,Custom_CNN,0.6602117,1,forged,False
/kaggle/input/datasets/matteocarnebella/cedar-signatures/signatures/signatures_47/original_47_3.png,original_47_3.png,genuine,0,writer_47,writer_47_sample_3,.png,Custom_CNN,0.7417948,1,forged,False
/kaggle/input/datasets/matteocarnebella/cedar-signatures/signatures/signatures_47/original_47_7.png,original_47_7.png,genuine,0,writer_47,writer_47_sample_7,.png,Custom_CNN,0.6930711,1,forged,False
/kaggle/input/datasets/matteocarnebella/cedar-signatures/signatures/signatures_47/forgeries_47_3.png,forgeries_47_3.png,forged,1,writer_47,writer_47_sample_3,.png,Custom_CNN,0.7804337,1,forged,True
/kaggle/input/datasets/matteocarnebella/cedar-signatures/signatures/signatures_47/original_47_24.png,original_47_24.png,genuine,0,writer_47,writer_47_sample_24,.png,Custom_CNN,0.6170783,1,forged,False
/kaggle/input/datasets/matteocarnebella/cedar-signatures/signatures/signatures_47/forgeries_47_22.png,forgeries_47_22.png,forged,1,writer_47,writer_47_sample_22,.png,Custom_CNN,0.82234746,1,forged,True
/kaggle/input/datasets/matteocarnebella/cedar-signatures/signatures/signatures_47/forgeries_47_21.png,forgeries_47_21.png,forged,1,writer_47,writer_47_sample_21,.png,Custom_CNN,0.68348867,1,forged,True
/kaggle/input/datasets/matteocarnebella/cedar-signatures/signatures/signatures_47/forgeries_47_6.png,forgeries_47_6.png,forged,1,writer_47,writer_47_sample_6,.png,Custom_CNN,0.792803,1,forged,True
/kaggle/input/datasets/matteocarnebella/cedar-signatures/signatures/signatures_47/original_47_23.png,original_47_23.png,genuine,0,writer_47,writer_47_sample_23,.png,Custom_CNN,0.6438719,1,forged,False
/kaggle/input/datasets/matteocarnebella/cedar-signatures/signatures/signatures_47/forgeries_47_20.png,forgeries_47_20.png,forged,1,writer_47,writer_47_sample_20,.png,Custom_CNN,0.71246314,1,forged,True
/kaggle/input/datasets/matteocarnebella/cedar-signatures/signatures/signatures_47/forgeries_47_18.png,forgeries_47_18.png,forged,1,writer_47,writer_47_sample_18,.png,Custom_CNN,0.7502114,1,forged,True
/kaggle/input/datasets/matteocarnebella/cedar-signatures/signatures/signatures_47/forgeries_47_9.png,forgeries_47_9.png,forged,1,writer_47,writer_47_sample_9,.png,Custom_CNN,0.7616377,1,forged,True
/kaggle/input/datasets/matteocarnebella/cedar-signatures/signatures/signatures_47/forgeries_47_4.png,forgeries_47_4.png,forged,1,writer_47,writer_47_sample_4,.png,Custom_CNN,0.81076175,1,forged,True
/kaggle/input/datasets/matteocarnebella/cedar-signatures/signatures/signatures_47/original_47_2.png,original_47_2.png,genuine,0,writer_47,writer_47_sample_2,.png,Custom_CNN,0.38758367,0,genuine,True
/kaggle/input/datasets/matteocarnebella/cedar-signatures/signatures/signatures_47/original_47_17.png,original_47_17.png,genuine,0,writer_47,writer_47_sample_17,.png,Custom_CNN,0.46065992,0,genuine,True
/kaggle/input/datasets/matteocarnebella/cedar-signatures/signatures/signatures_47/original_47_9.png,original_47_9.png,genuine,0,writer_47,writer_47_sample_9,.png,Custom_CNN,0.4384104,0,genuine,True
/kaggle/input/datasets/matteocarnebella/cedar-signatures/signatures/signatures_47/forgeries_47_8.png,forgeries_47_8.png,forged,1,writer_47,writer_47_sample_8,.png,Custom_CNN,0.8312047,1,forged,True
/kaggle/input/datasets/matteocarnebella/cedar-signatures/signatures/signatures_47/forgeries_47_2.png,forgeries_47_2.png,forged,1,writer_47,writer_47_sample_2,.png,Custom_CNN,0.8344101,1,forged,True
/kaggle/input/datasets/matteocarnebella/cedar-signatures/signatures/signatures_47/forgeries_47_16.png,forgeries_47_16.png,forged,1,writer_47,writer_47_sample_16,.png,Custom_CNN,0.76395196,1,forged,True
/kaggle/input/datasets/matteocarnebella/cedar-signatures/signatures/signatures_47/forgeries_47_15.png,forgeries_47_15.png,forged,1,writer_47,writer_47_sample_15,.png,Custom_CNN,0.7272739,1,forged,True
/kaggle/input/datasets/matteocarnebella/cedar-signatures/signatures/signatures_47/forgeries_47_24.png,forgeries_47_24.png,forged,1,writer_47,writer_47_sample_24,.png,Custom_CNN,0.7789228,1,forged,True
/kaggle/input/datasets/matteocarnebella/cedar-signatures/signatures/signatures_47/original_47_21.png,original_47_21.png,genuine,0,writer_47,writer_47_sample_21,.png,Custom_CNN,0.6655836,1,forged,False
/kaggle/input/datasets/matteocarnebella/cedar-signatures/signatures/signatures_47/original_47_12.png,original_47_12.png,genuine,0,writer_47,writer_47_sample_12,.png,Custom_CNN,0.6699407,1,forged,False
/kaggle/input/datasets/matteocarnebella/cedar-signatures/signatures/signatures_47/forgeries_47_11.png,forgeries_47_11.png,forged,1,writer_47,writer_47_sample_11,.png,Custom_CNN,0.70817333,1,forged,True
/kaggle/input/datasets/matteocarnebella/cedar-signatures/signatures/signatures_47/original_47_11.png,original_47_11.png,genuine,0,writer_47,writer_47_sample_11,.png,Custom_CNN,0.38747033,0,genuine,True
/kaggle/input/datasets/matteocarnebella/cedar-signatures/signatures/signatures_47/forgeries_47_1.png,forgeries_47_1.png,forged,1,writer_47,writer_47_sample_1,.png,Custom_CNN,0.7941736,1,forged,True
/kaggle/input/datasets/matteocarnebella/cedar-signatures/signatures/signatures_47/forgeries_47_12.png,forgeries_47_12.png,forged,1,writer_47,writer_47_sample_12,.png,Custom_CNN,0.76510483,1,forged,True
/kaggle/input/datasets/matteocarnebella/cedar-signatures/signatures/signatures_47/original_47_20.png,original_47_20.png,genuine,0,writer_47,writer_47_sample_20,.png,Custom_CNN,0.5120222,1,forged,False
/kaggle/input/datasets/matteocarnebella/cedar-signatures/signatures/signatures_47/original_47_6.png,original_47_6.png,genuine,0,writer_47,writer_47_sample_6,.png,Custom_CNN,0.7168481,1,forged,False
/kaggle/input/datasets/matteocarnebella/cedar-signatures/signatures/signatures_47/original_47_22.png,original_47_22.png,genuine,0,writer_47,writer_47_sample_22,.png,Custom_CNN,0.7041284,1,forged,False
/kaggle/input/datasets/matteocarnebella/cedar-signatures/signatures/signatures_47/original_47_16.png,original_47_16.png,genuine,0,writer_47,writer_47_sample_16,.png,Custom_CNN,0.69051987,1,forged,False
/kaggle/input/datasets/matteocarnebella/cedar-signatures/signatures/signatures_47/original_47_13.png,original_47_13.png,genuine,0,writer_47,writer_47_sample_13,.png,Custom_CNN,0.532244,1,forged,False
/kaggle/input/datasets/matteocarnebella/cedar-signatures/signatures/signatures_47/forgeries_47_13.png,forgeries_47_13.png,forged,1,writer_47,writer_47_sample_13,.png,Custom_CNN,0.79655313,1,forged,True
/kaggle/input/datasets/matteocarnebella/cedar-signatures/signatures/signatures_47/forgeries_47_10.png,forgeries_47_10.png,forged,1,writer_47,writer_47_sample_10,.png,Custom_CNN,0.76639086,1,forged,True
/kaggle/input/datasets/matteocarnebella/cedar-signatures/signatures/signatures_47/forgeries_47_17.png,forgeries_47_17.png,forged,1,writer_47,writer_47_sample_17,.png,Custom_CNN,0.78544974,1,forged,True
/kaggle/input/datasets/matteocarnebella/cedar-signatures/signatures/signatures_47/original_47_5.png,original_47_5.png,genuine,0,writer_47,writer_47_sample_5,.png,Custom_CNN,0.63813144,1,forged,False
/kaggle/input/datasets/matteocarnebella/cedar-signatures/signatures/signatures_47/original_47_14.png,original_47_14.png,genuine,0,writer_47,writer_47_sample_14,.png,Custom_CNN,0.5483723,1,forged,False
/kaggle/input/datasets/matteocarnebella/cedar-signatures/signatures/signatures_47/original_47_1.png,original_47_1.png,genuine,0,writer_47,writer_47_sample_1,.png,Custom_CNN,0.5700649,1,forged,False
/kaggle/input/datasets/matteocarnebella/cedar-signatures/signatures/signatures_47/original_47_10.png,original_47_10.png,genuine,0,writer_47,writer_47_sample_10,.png,Custom_CNN,0.4491236,0,genuine,True
/kaggle/input/datasets/matteocarnebella/cedar-signatures/signatures/signatures_47/original_47_8.png,original_47_8.png,genuine,0,writer_47,writer_47_sample_8,.png,Custom_CNN,0.5525977,1,forged,False
/kaggle/input/datasets/matteocarnebella/cedar-signatures/signatures/signatures_33/forgeries_33_20.png,forgeries_33_20.png,forged,1,writer_33,writer_33_sample_20,.png,Custom_CNN,0.81407595,1,forged,True
/kaggle/input/datasets/matteocarnebella/cedar-signatures/signatures/signatures_33/original_33_17.png,original_33_17.png,genuine,0,writer_33,writer_33_sample_17,.png,Custom_CNN,0.7222702,1,forged,False
/kaggle/input/datasets/matteocarnebella/cedar-signatures/signatures/signatures_33/original_33_15.png,original_33_15.png,genuine,0,writer_33,writer_33_sample_15,.png,Custom_CNN,0.61614287,1,forged,False
/kaggle/input/datasets/matteocarnebella/cedar-signatures/signatures/signatures_33/original_33_9.png,original_33_9.png,genuine,0,writer_33,writer_33_sample_9,.png,Custom_CNN,0.69018793,1,forged,False
/kaggle/input/datasets/matteocarnebella/cedar-signatures/signatures/signatures_33/forgeries_33_5.png,forgeries_33_5.png,forged,1,writer_33,writer_33_sample_5,.png,Custom_CNN,0.57995886,1,forged,True
/kaggle/input/datasets/matteocarnebella/cedar-signatures/signatures/signatures_33/original_33_4.png,original_33_4.png,genuine,0,writer_33,writer_33_sample_4,.png,Custom_CNN,0.63455737,1,forged,False
/kaggle/input/datasets/matteocarnebella/cedar-signatures/signatures/signatures_33/forgeries_33_4.png,forgeries_33_4.png,forged,1,writer_33,writer_33_sample_4,.png,Custom_CNN,0.60112584,1,forged,True
/kaggle/input/datasets/matteocarnebella/cedar-signatures/signatures/signatures_33/forgeries_33_14.png,forgeries_33_14.png,forged,1,writer_33,writer_33_sample_14,.png,Custom_CNN,0.75477237,1,forged,True
/kaggle/input/datasets/matteocarnebella/cedar-signatures/signatures/signatures_33/forgeries_33_13.png,forgeries_33_13.png,forged,1,writer_33,writer_33_sample_13,.png,Custom_CNN,0.7227004,1,forged,True
/kaggle/input/datasets/matteocarnebella/cedar-signatures/signatures/signatures_33/forgeries_33_24.png,forgeries_33_24.png,forged,1,writer_33,writer_33_sample_24,.png,Custom_CNN,0.73418,1,forged,True
/kaggle/input/datasets/matteocarnebella/cedar-signatures/signatures/signatures_33/original_33_18.png,original_33_18.png,genuine,0,writer_33,writer_33_sample_18,.png,Custom_CNN,0.8004377,1,forged,False
/kaggle/input/datasets/matteocarnebella/cedar-signatures/signatures/signatures_33/original_33_3.png,original_33_3.png,genuine,0,writer_33,writer_33_sample_3,.png,Custom_CNN,0.65688604,1,forged,False
/kaggle/input/datasets/matteocarnebella/cedar-signatures/signatures/signatures_33/original_33_19.png,original_33_19.png,genuine,0,writer_33,writer_33_sample_19,.png,Custom_CNN,0.78798926,1,forged,False
/kaggle/input/datasets/matteocarnebella/cedar-signatures/signatures/signatures_33/original_33_11.png,original_33_11.png,genuine,0,writer_33,writer_33_sample_11,.png,Custom_CNN,0.7703636,1,forged,False
/kaggle/input/datasets/matteocarnebella/cedar-signatures/signatures/signatures_33/original_33_20.png,original_33_20.png,genuine,0,writer_33,writer_33_sample_20,.png,Custom_CNN,0.69001997,1,forged,False
/kaggle/input/datasets/matteocarnebella/cedar-signatures/signatures/signatures_33/original_33_13.png,original_33_13.png,genuine,0,writer_33,writer_33_sample_13,.png,Custom_CNN,0.72046727,1,forged,False
/kaggle/input/datasets/matteocarnebella/cedar-signatures/signatures/signatures_33/forgeries_33_15.png,forgeries_33_15.png,forged,1,writer_33,writer_33_sample_15,.png,Custom_CNN,0.7716175,1,forged,True
/kaggle/input/datasets/matteocarnebella/cedar-signatures/signatures/signatures_33/original_33_24.png,original_33_24.png,genuine,0,writer_33,writer_33_sample_24,.png,Custom_CNN,0.7751253,1,forged,False
/kaggle/input/datasets/matteocarnebella/cedar-signatures/signatures/signatures_33/original_33_7.png,original_33_7.png,genuine,0,writer_33,writer_33_sample_7,.png,Custom_CNN,0.62461925,1,forged,False
/kaggle/input/datasets/matteocarnebella/cedar-signatures/signatures/signatures_33/forgeries_33_21.png,forgeries_33_21.png,forged,1,writer_33,writer_33_sample_21,.png,Custom_CNN,0.62198764,1,forged,True
/kaggle/input/datasets/matteocarnebella/cedar-signatures/signatures/signatures_33/original_33_5.png,original_33_5.png,genuine,0,writer_33,writer_33_sample_5,.png,Custom_CNN,0.71922076,1,forged,False
/kaggle/input/datasets/matteocarnebella/cedar-signatures/signatures/signatures_33/original_33_22.png,original_33_22.png,genuine,0,writer_33,writer_33_sample_22,.png,Custom_CNN,0.7942004,1,forged,False
/kaggle/input/datasets/matteocarnebella/cedar-signatures/signatures/signatures_33/forgeries_33_17.png,forgeries_33_17.png,forged,1,writer_33,writer_33_sample_17,.png,Custom_CNN,0.721177,1,forged,True
/kaggle/input/datasets/matteocarnebella/cedar-signatures/signatures/signatures_33/forgeries_33_18.png,forgeries_33_18.png,forged,1,writer_33,writer_33_sample_18,.png,Custom_CNN,0.6549176,1,forged,True
/kaggle/input/datasets/matteocarnebella/cedar-signatures/signatures/signatures_33/original_33_1.png,original_33_1.png,genuine,0,writer_33,writer_33_sample_1,.png,Custom_CNN,0.7686183,1,forged,False
/kaggle/input/datasets/matteocarnebella/cedar-signatures/signatures/signatures_33/forgeries_33_7.png,forgeries_33_7.png,forged,1,writer_33,writer_33_sample_7,.png,Custom_CNN,0.66530055,1,forged,True
/kaggle/input/datasets/matteocarnebella/cedar-signatures/signatures/signatures_33/original_33_8.png,original_33_8.png,genuine,0,writer_33,writer_33_sample_8,.png,Custom_CNN,0.6029331,1,forged,False
/kaggle/input/datasets/matteocarnebella/cedar-signatures/signatures/signatures_33/forgeries_33_3.png,forgeries_33_3.png,forged,1,writer_33,writer_33_sample_3,.png,Custom_CNN,0.8870907,1,forged,True
/kaggle/input/datasets/matteocarnebella/cedar-signatures/signatures/signatures_33/forgeries_33_11.png,forgeries_33_11.png,forged,1,writer_33,writer_33_sample_11,.png,Custom_CNN,0.70659167,1,forged,True
/kaggle/input/datasets/matteocarnebella/cedar-signatures/signatures/signatures_33/original_33_14.png,original_33_14.png,genuine,0,writer_33,writer_33_sample_14,.png,Custom_CNN,0.68389565,1,forged,False
/kaggle/input/datasets/matteocarnebella/cedar-signatures/signatures/signatures_33/original_33_23.png,original_33_23.png,genuine,0,writer_33,writer_33_sample_23,.png,Custom_CNN,0.78171813,1,forged,False
/kaggle/input/datasets/matteocarnebella/cedar-signatures/signatures/signatures_33/forgeries_33_8.png,forgeries_33_8.png,forged,1,writer_33,writer_33_sample_8,.png,Custom_CNN,0.69619834,1,forged,True
/kaggle/input/datasets/matteocarnebella/cedar-signatures/signatures/signatures_33/original_33_21.png,original_33_21.png,genuine,0,writer_33,writer_33_sample_21,.png,Custom_CNN,0.82028437,1,forged,False
/kaggle/input/datasets/matteocarnebella/cedar-signatures/signatures/signatures_33/forgeries_33_9.png,forgeries_33_9.png,forged,1,writer_33,writer_33_sample_9,.png,Custom_CNN,0.68690205,1,forged,True
/kaggle/input/datasets/matteocarnebella/cedar-signatures/signatures/signatures_33/original_33_2.png,original_33_2.png,genuine,0,writer_33,writer_33_sample_2,.png,Custom_CNN,0.6522981,1,forged,False
/kaggle/input/datasets/matteocarnebella/cedar-signatures/signatures/signatures_33/forgeries_33_22.png,forgeries_33_22.png,forged,1,writer_33,writer_33_sample_22,.png,Custom_CNN,0.7486249,1,forged,True
/kaggle/input/datasets/matteocarnebella/cedar-signatures/signatures/signatures_33/forgeries_33_23.png,forgeries_33_23.png,forged,1,writer_33,writer_33_sample_23,.png,Custom_CNN,0.7631165,1,forged,True
/kaggle/input/datasets/matteocarnebella/cedar-signatures/signatures/signatures_33/original_33_10.png,original_33_10.png,genuine,0,writer_33,writer_33_sample_10,.png,Custom_CNN,0.68087596,1,forged,False
/kaggle/input/datasets/matteocarnebella/cedar-signatures/signatures/signatures_33/forgeries_33_6.png,forgeries_33_6.png,forged,1,writer_33,writer_33_sample_6,.png,Custom_CNN,0.75804293,1,forged,True
/kaggle/input/datasets/matteocarnebella/cedar-signatures/signatures/signatures_33/original_33_6.png,original_33_6.png,genuine,0,writer_33,writer_33_sample_6,.png,Custom_CNN,0.6855594,1,forged,False
/kaggle/input/datasets/matteocarnebella/cedar-signatures/signatures/signatures_33/original_33_12.png,original_33_12.png,genuine,0,writer_33,writer_33_sample_12,.png,Custom_CNN,0.7335693,1,forged,False
/kaggle/input/datasets/matteocarnebella/cedar-signatures/signatures/signatures_33/forgeries_33_2.png,forgeries_33_2.png,forged,1,writer_33,writer_33_sample_2,.png,Custom_CNN,0.79715794,1,forged,True
/kaggle/input/datasets/matteocarnebella/cedar-signatures/signatures/signatures_33/original_33_16.png,original_33_16.png,genuine,0,writer_33,writer_33_sample_16,.png,Custom_CNN,0.7862855,1,forged,False
/kaggle/input/datasets/matteocarnebella/cedar-signatures/signatures/signatures_33/forgeries_33_10.png,forgeries_33_10.png,forged,1,writer_33,writer_33_sample_10,.png,Custom_CNN,0.7269769,1,forged,True
/kaggle/input/datasets/matteocarnebella/cedar-signatures/signatures/signatures_33/forgeries_33_1.png,forgeries_33_1.png,forged,1,writer_33,writer_33_sample_1,.png,Custom_CNN,0.7240097,1,forged,True
/kaggle/input/datasets/matteocarnebella/cedar-signatures/signatures/signatures_33/forgeries_33_19.png,forgeries_33_19.png,forged,1,writer_33,writer_33_sample_19,.png,Custom_CNN,0.6912638,1,forged,True
/kaggle/input/datasets/matteocarnebella/cedar-signatures/signatures/signatures_33/forgeries_33_16.png,forgeries_33_16.png,forged,1,writer_33,writer_33_sample_16,.png,Custom_CNN,0.72575986,1,forged,True
/kaggle/input/datasets/matteocarnebella/cedar-signatures/signatures/signatures_33/forgeries_33_12.png,forgeries_33_12.png,forged,1,writer_33,writer_33_sample_12,.png,Custom_CNN,0.71379775,1,forged,True
/kaggle/input/datasets/matteocarnebella/cedar-signatures/signatures/signatures_15/forgeries_15_24.png,forgeries_15_24.png,forged,1,writer_15,writer_15_sample_24,.png,Custom_CNN,0.79137266,1,forged,True
/kaggle/input/datasets/matteocarnebella/cedar-signatures/signatures/signatures_15/original_15_6.png,original_15_6.png,genuine,0,writer_15,writer_15_sample_6,.png,Custom_CNN,0.3428588,0,genuine,True
/kaggle/input/datasets/matteocarnebella/cedar-signatures/signatures/signatures_15/forgeries_15_22.png,forgeries_15_22.png,forged,1,writer_15,writer_15_sample_22,.png,Custom_CNN,0.80432624,1,forged,True
/kaggle/input/datasets/matteocarnebella/cedar-signatures/signatures/signatures_15/original_15_7.png,original_15_7.png,genuine,0,writer_15,writer_15_sample_7,.png,Custom_CNN,0.36993796,0,genuine,True
/kaggle/input/datasets/matteocarnebella/cedar-signatures/signatures/signatures_15/forgeries_15_3.png,forgeries_15_3.png,forged,1,writer_15,writer_15_sample_3,.png,Custom_CNN,0.89440143,1,forged,True
/kaggle/input/datasets/matteocarnebella/cedar-signatures/signatures/signatures_15/forgeries_15_2.png,forgeries_15_2.png,forged,1,writer_15,writer_15_sample_2,.png,Custom_CNN,0.88433135,1,forged,True
/kaggle/input/datasets/matteocarnebella/cedar-signatures/signatures/signatures_15/forgeries_15_21.png,forgeries_15_21.png,forged,1,writer_15,writer_15_sample_21,.png,Custom_CNN,0.86253214,1,forged,True
/kaggle/input/datasets/matteocarnebella/cedar-signatures/signatures/signatures_15/original_15_15.png,original_15_15.png,genuine,0,writer_15,writer_15_sample_15,.png,Custom_CNN,0.24949086,0,genuine,True
/kaggle/input/datasets/matteocarnebella/cedar-signatures/signatures/signatures_15/forgeries_15_8.png,forgeries_15_8.png,forged,1,writer_15,writer_15_sample_8,.png,Custom_CNN,0.87328744,1,forged,True
/kaggle/input/datasets/matteocarnebella/cedar-signatures/signatures/signatures_15/forgeries_15_1.png,forgeries_15_1.png,forged,1,writer_15,writer_15_sample_1,.png,Custom_CNN,0.8440041,1,forged,True
/kaggle/input/datasets/matteocarnebella/cedar-signatures/signatures/signatures_15/original_15_11.png,original_15_11.png,genuine,0,writer_15,writer_15_sample_11,.png,Custom_CNN,0.34053543,0,genuine,True
/kaggle/input/datasets/matteocarnebella/cedar-signatures/signatures/signatures_15/forgeries_15_13.png,forgeries_15_13.png,forged,1,writer_15,writer_15_sample_13,.png,Custom_CNN,0.86173046,1,forged,True
/kaggle/input/datasets/matteocarnebella/cedar-signatures/signatures/signatures_15/forgeries_15_10.png,forgeries_15_10.png,forged,1,writer_15,writer_15_sample_10,.png,Custom_CNN,0.8203122,1,forged,True
/kaggle/input/datasets/matteocarnebella/cedar-signatures/signatures/signatures_15/forgeries_15_18.png,forgeries_15_18.png,forged,1,writer_15,writer_15_sample_18,.png,Custom_CNN,0.89662355,1,forged,True
/kaggle/input/datasets/matteocarnebella/cedar-signatures/signatures/signatures_15/original_15_22.png,original_15_22.png,genuine,0,writer_15,writer_15_sample_22,.png,Custom_CNN,0.2114916,0,genuine,True
/kaggle/input/datasets/matteocarnebella/cedar-signatures/signatures/signatures_15/forgeries_15_6.png,forgeries_15_6.png,forged,1,writer_15,writer_15_sample_6,.png,Custom_CNN,0.784377,1,forged,True
/kaggle/input/datasets/matteocarnebella/cedar-signatures/signatures/signatures_15/forgeries_15_9.png,forgeries_15_9.png,forged,1,writer_15,writer_15_sample_9,.png,Custom_CNN,0.8097667,1,forged,True
/kaggle/input/datasets/matteocarnebella/cedar-signatures/signatures/signatures_15/forgeries_15_7.png,forgeries_15_7.png,forged,1,writer_15,writer_15_sample_7,.png,Custom_CNN,0.8841308,1,forged,True
/kaggle/input/datasets/matteocarnebella/cedar-signatures/signatures/signatures_15/original_15_23.png,original_15_23.png,genuine,0,writer_15,writer_15_sample_23,.png,Custom_CNN,0.2513786,0,genuine,True
/kaggle/input/datasets/matteocarnebella/cedar-signatures/signatures/signatures_15/forgeries_15_14.png,forgeries_15_14.png,forged,1,writer_15,writer_15_sample_14,.png,Custom_CNN,0.91174865,1,forged,True
/kaggle/input/datasets/matteocarnebella/cedar-signatures/signatures/signatures_15/original_15_4.png,original_15_4.png,genuine,0,writer_15,writer_15_sample_4,.png,Custom_CNN,0.46170342,0,genuine,True
/kaggle/input/datasets/matteocarnebella/cedar-signatures/signatures/signatures_15/original_15_5.png,original_15_5.png,genuine,0,writer_15,writer_15_sample_5,.png,Custom_CNN,0.29564244,0,genuine,True
/kaggle/input/datasets/matteocarnebella/cedar-signatures/signatures/signatures_15/original_15_2.png,original_15_2.png,genuine,0,writer_15,writer_15_sample_2,.png,Custom_CNN,0.24751003,0,genuine,True
/kaggle/input/datasets/matteocarnebella/cedar-signatures/signatures/signatures_15/forgeries_15_15.png,forgeries_15_15.png,forged,1,writer_15,writer_15_sample_15,.png,Custom_CNN,0.959199,1,forged,True
/kaggle/input/datasets/matteocarnebella/cedar-signatures/signatures/signatures_15/original_15_9.png,original_15_9.png,genuine,0,writer_15,writer_15_sample_9,.png,Custom_CNN,0.37182269,0,genuine,True
/kaggle/input/datasets/matteocarnebella/cedar-signatures/signatures/signatures_15/forgeries_15_20.png,forgeries_15_20.png,forged,1,writer_15,writer_15_sample_20,.png,Custom_CNN,0.8388624,1,forged,True
/kaggle/input/datasets/matteocarnebella/cedar-signatures/signatures/signatures_15/original_15_19.png,original_15_19.png,genuine,0,writer_15,writer_15_sample_19,.png,Custom_CNN,0.22152396,0,genuine,True
/kaggle/input/datasets/matteocarnebella/cedar-signatures/signatures/signatures_15/forgeries_15_19.png,forgeries_15_19.png,forged,1,writer_15,writer_15_sample_19,.png,Custom_CNN,0.83951664,1,forged,True
/kaggle/input/datasets/matteocarnebella/cedar-signatures/signatures/signatures_15/original_15_8.png,original_15_8.png,genuine,0,writer_15,writer_15_sample_8,.png,Custom_CNN,0.29547068,0,genuine,True
/kaggle/input/datasets/matteocarnebella/cedar-signatures/signatures/signatures_15/original_15_17.png,original_15_17.png,genuine,0,writer_15,writer_15_sample_17,.png,Custom_CNN,0.22474232,0,genuine,True
/kaggle/input/datasets/matteocarnebella/cedar-signatures/signatures/signatures_15/original_15_14.png,original_15_14.png,genuine,0,writer_15,writer_15_sample_14,.png,Custom_CNN,0.25776505,0,genuine,True
/kaggle/input/datasets/matteocarnebella/cedar-signatures/signatures/signatures_15/original_15_13.png,original_15_13.png,genuine,0,writer_15,writer_15_sample_13,.png,Custom_CNN,0.31512657,0,genuine,True
/kaggle/input/datasets/matteocarnebella/cedar-signatures/signatures/signatures_15/original_15_10.png,original_15_10.png,genuine,0,writer_15,writer_15_sample_10,.png,Custom_CNN,0.29683495,0,genuine,True
/kaggle/input/datasets/matteocarnebella/cedar-signatures/signatures/signatures_15/forgeries_15_17.png,forgeries_15_17.png,forged,1,writer_15,writer_15_sample_17,.png,Custom_CNN,0.8772173,1,forged,True
/kaggle/input/datasets/matteocarnebella/cedar-signatures/signatures/signatures_15/original_15_24.png,original_15_24.png,genuine,0,writer_15,writer_15_sample_24,.png,Custom_CNN,0.4143792,0,genuine,True
/kaggle/input/datasets/matteocarnebella/cedar-signatures/signatures/signatures_15/forgeries_15_16.png,forgeries_15_16.png,forged,1,writer_15,writer_15_sample_16,.png,Custom_CNN,0.827785,1,forged,True
/kaggle/input/datasets/matteocarnebella/cedar-signatures/signatures/signatures_15/original_15_21.png,original_15_21.png,genuine,0,writer_15,writer_15_sample_21,.png,Custom_CNN,0.31126994,0,genuine,True
/kaggle/input/datasets/matteocarnebella/cedar-signatures/signatures/signatures_15/forgeries_15_5.png,forgeries_15_5.png,forged,1,writer_15,writer_15_sample_5,.png,Custom_CNN,0.89522237,1,forged,True
/kaggle/input/datasets/matteocarnebella/cedar-signatures/signatures/signatures_15/original_15_20.png,original_15_20.png,genuine,0,writer_15,writer_15_sample_20,.png,Custom_CNN,0.25172913,0,genuine,True
/kaggle/input/datasets/matteocarnebella/cedar-signatures/signatures/signatures_15/original_15_16.png,original_15_16.png,genuine,0,writer_15,writer_15_sample_16,.png,Custom_CNN,0.23638889,0,genuine,True
/kaggle/input/datasets/matteocarnebella/cedar-signatures/signatures/signatures_15/forgeries_15_12.png,forgeries_15_12.png,forged,1,writer_15,writer_15_sample_12,.png,Custom_CNN,0.8171388,1,forged,True
/kaggle/input/datasets/matteocarnebella/cedar-signatures/signatures/signatures_15/original_15_18.png,original_15_18.png,genuine,0,writer_15,writer_15_sample_18,.png,Custom_CNN,0.2992394,0,genuine,True
/kaggle/input/datasets/matteocarnebella/cedar-signatures/signatures/signatures_15/original_15_3.png,original_15_3.png,genuine,0,writer_15,writer_15_sample_3,.png,Custom_CNN,0.374474,0,genuine,True
/kaggle/input/datasets/matteocarnebella/cedar-signatures/signatures/signatures_15/original_15_12.png,original_15_12.png,genuine,0,writer_15,writer_15_sample_12,.png,Custom_CNN,0.37892687,0,genuine,True
/kaggle/input/datasets/matteocarnebella/cedar-signatures/signatures/signatures_15/forgeries_15_4.png,forgeries_15_4.png,forged,1,writer_15,writer_15_sample_4,.png,Custom_CNN,0.947333,1,forged,True
/kaggle/input/datasets/matteocarnebella/cedar-signatures/signatures/signatures_15/forgeries_15_11.png,forgeries_15_11.png,forged,1,writer_15,writer_15_sample_11,.png,Custom_CNN,0.7607026,1,forged,True
/kaggle/input/datasets/matteocarnebella/cedar-signatures/signatures/signatures_15/original_15_1.png,original_15_1.png,genuine,0,writer_15,writer_15_sample_1,.png,Custom_CNN,0.6475297,1,forged,False
/kaggle/input/datasets/matteocarnebella/cedar-signatures/signatures/signatures_15/forgeries_15_23.png,forgeries_15_23.png,forged,1,writer_15,writer_15_sample_23,.png,Custom_CNN,0.8828178,1,forged,True
/kaggle/input/datasets/matteocarnebella/cedar-signatures/signatures/signatures_4/forgeries_4_17.png,forgeries_4_17.png,forged,1,writer_4,writer_4_sample_17,.png,Custom_CNN,0.7969695,1,forged,True
/kaggle/input/datasets/matteocarnebella/cedar-signatures/signatures/signatures_4/original_4_3.png,original_4_3.png,genuine,0,writer_4,writer_4_sample_3,.png,Custom_CNN,0.6950185,1,forged,False
/kaggle/input/datasets/matteocarnebella/cedar-signatures/signatures/signatures_4/forgeries_4_9.png,forgeries_4_9.png,forged,1,writer_4,writer_4_sample_9,.png,Custom_CNN,0.32792127,0,genuine,False
/kaggle/input/datasets/matteocarnebella/cedar-signatures/signatures/signatures_4/original_4_12.png,original_4_12.png,genuine,0,writer_4,writer_4_sample_12,.png,Custom_CNN,0.52509815,1,forged,False
/kaggle/input/datasets/matteocarnebella/cedar-signatures/signatures/signatures_4/original_4_10.png,original_4_10.png,genuine,0,writer_4,writer_4_sample_10,.png,Custom_CNN,0.49863902,0,genuine,True
/kaggle/input/datasets/matteocarnebella/cedar-signatures/signatures/signatures_4/forgeries_4_16.png,forgeries_4_16.png,forged,1,writer_4,writer_4_sample_16,.png,Custom_CNN,0.84989214,1,forged,True
/kaggle/input/datasets/matteocarnebella/cedar-signatures/signatures/signatures_4/original_4_11.png,original_4_11.png,genuine,0,writer_4,writer_4_sample_11,.png,Custom_CNN,0.23719828,0,genuine,True
/kaggle/input/datasets/matteocarnebella/cedar-signatures/signatures/signatures_4/forgeries_4_2.png,forgeries_4_2.png,forged,1,writer_4,writer_4_sample_2,.png,Custom_CNN,0.73061466,1,forged,True
/kaggle/input/datasets/matteocarnebella/cedar-signatures/signatures/signatures_4/forgeries_4_1.png,forgeries_4_1.png,forged,1,writer_4,writer_4_sample_1,.png,Custom_CNN,0.7214698,1,forged,True
/kaggle/input/datasets/matteocarnebella/cedar-signatures/signatures/signatures_4/original_4_9.png,original_4_9.png,genuine,0,writer_4,writer_4_sample_9,.png,Custom_CNN,0.26274315,0,genuine,True
/kaggle/input/datasets/matteocarnebella/cedar-signatures/signatures/signatures_4/forgeries_4_18.png,forgeries_4_18.png,forged,1,writer_4,writer_4_sample_18,.png,Custom_CNN,0.7759606,1,forged,True
/kaggle/input/datasets/matteocarnebella/cedar-signatures/signatures/signatures_4/original_4_24.png,original_4_24.png,genuine,0,writer_4,writer_4_sample_24,.png,Custom_CNN,0.7762414,1,forged,False
/kaggle/input/datasets/matteocarnebella/cedar-signatures/signatures/signatures_4/original_4_19.png,original_4_19.png,genuine,0,writer_4,writer_4_sample_19,.png,Custom_CNN,0.5532936,1,forged,False
/kaggle/input/datasets/matteocarnebella/cedar-signatures/signatures/signatures_4/original_4_13.png,original_4_13.png,genuine,0,writer_4,writer_4_sample_13,.png,Custom_CNN,0.4315929,0,genuine,True
/kaggle/input/datasets/matteocarnebella/cedar-signatures/signatures/signatures_4/original_4_23.png,original_4_23.png,genuine,0,writer_4,writer_4_sample_23,.png,Custom_CNN,0.46690077,0,genuine,True
/kaggle/input/datasets/matteocarnebella/cedar-signatures/signatures/signatures_4/forgeries_4_10.png,forgeries_4_10.png,forged,1,writer_4,writer_4_sample_10,.png,Custom_CNN,0.19008675,0,genuine,False
/kaggle/input/datasets/matteocarnebella/cedar-signatures/signatures/signatures_4/forgeries_4_4.png,forgeries_4_4.png,forged,1,writer_4,writer_4_sample_4,.png,Custom_CNN,0.72846454,1,forged,True
/kaggle/input/datasets/matteocarnebella/cedar-signatures/signatures/signatures_4/original_4_7.png,original_4_7.png,genuine,0,writer_4,writer_4_sample_7,.png,Custom_CNN,0.6154392,1,forged,False
/kaggle/input/datasets/matteocarnebella/cedar-signatures/signatures/signatures_4/original_4_6.png,original_4_6.png,genuine,0,writer_4,writer_4_sample_6,.png,Custom_CNN,0.6032607,1,forged,False
/kaggle/input/datasets/matteocarnebella/cedar-signatures/signatures/signatures_4/forgeries_4_23.png,forgeries_4_23.png,forged,1,writer_4,writer_4_sample_23,.png,Custom_CNN,0.6825964,1,forged,True
/kaggle/input/datasets/matteocarnebella/cedar-signatures/signatures/signatures_4/forgeries_4_3.png,forgeries_4_3.png,forged,1,writer_4,writer_4_sample_3,.png,Custom_CNN,0.753082,1,forged,True
/kaggle/input/datasets/matteocarnebella/cedar-signatures/signatures/signatures_4/forgeries_4_6.png,forgeries_4_6.png,forged,1,writer_4,writer_4_sample_6,.png,Custom_CNN,0.77494323,1,forged,True
/kaggle/input/datasets/matteocarnebella/cedar-signatures/signatures/signatures_4/original_4_5.png,original_4_5.png,genuine,0,writer_4,writer_4_sample_5,.png,Custom_CNN,0.802364,1,forged,False
/kaggle/input/datasets/matteocarnebella/cedar-signatures/signatures/signatures_4/forgeries_4_22.png,forgeries_4_22.png,forged,1,writer_4,writer_4_sample_22,.png,Custom_CNN,0.8680176,1,forged,True
/kaggle/input/datasets/matteocarnebella/cedar-signatures/signatures/signatures_4/forgeries_4_19.png,forgeries_4_19.png,forged,1,writer_4,writer_4_sample_19,.png,Custom_CNN,0.771752,1,forged,True
/kaggle/input/datasets/matteocarnebella/cedar-signatures/signatures/signatures_4/forgeries_4_11.png,forgeries_4_11.png,forged,1,writer_4,writer_4_sample_11,.png,Custom_CNN,0.69622195,1,forged,True
/kaggle/input/datasets/matteocarnebella/cedar-signatures/signatures/signatures_4/original_4_18.png,original_4_18.png,genuine,0,writer_4,writer_4_sample_18,.png,Custom_CNN,0.6986618,1,forged,False
/kaggle/input/datasets/matteocarnebella/cedar-signatures/signatures/signatures_4/forgeries_4_14.png,forgeries_4_14.png,forged,1,writer_4,writer_4_sample_14,.png,Custom_CNN,0.82774335,1,forged,True
/kaggle/input/datasets/matteocarnebella/cedar-signatures/signatures/signatures_4/forgeries_4_5.png,forgeries_4_5.png,forged,1,writer_4,writer_4_sample_5,.png,Custom_CNN,0.83398414,1,forged,True
/kaggle/input/datasets/matteocarnebella/cedar-signatures/signatures/signatures_4/original_4_16.png,original_4_16.png,genuine,0,writer_4,writer_4_sample_16,.png,Custom_CNN,0.8140932,1,forged,False
/kaggle/input/datasets/matteocarnebella/cedar-signatures/signatures/signatures_4/forgeries_4_15.png,forgeries_4_15.png,forged,1,writer_4,writer_4_sample_15,.png,Custom_CNN,0.74106354,1,forged,True
/kaggle/input/datasets/matteocarnebella/cedar-signatures/signatures/signatures_4/original_4_1.png,original_4_1.png,genuine,0,writer_4,writer_4_sample_1,.png,Custom_CNN,0.65669465,1,forged,False
/kaggle/input/datasets/matteocarnebella/cedar-signatures/signatures/signatures_4/original_4_4.png,original_4_4.png,genuine,0,writer_4,writer_4_sample_4,.png,Custom_CNN,0.61358476,1,forged,False
/kaggle/input/datasets/matteocarnebella/cedar-signatures/signatures/signatures_4/original_4_20.png,original_4_20.png,genuine,0,writer_4,writer_4_sample_20,.png,Custom_CNN,0.51619667,1,forged,False
/kaggle/input/datasets/matteocarnebella/cedar-signatures/signatures/signatures_4/original_4_14.png,original_4_14.png,genuine,0,writer_4,writer_4_sample_14,.png,Custom_CNN,0.30244264,0,genuine,True
/kaggle/input/datasets/matteocarnebella/cedar-signatures/signatures/signatures_4/original_4_15.png,original_4_15.png,genuine,0,writer_4,writer_4_sample_15,.png,Custom_CNN,0.6225082,1,forged,False
/kaggle/input/datasets/matteocarnebella/cedar-signatures/signatures/signatures_4/original_4_8.png,original_4_8.png,genuine,0,writer_4,writer_4_sample_8,.png,Custom_CNN,0.38942108,0,genuine,True
/kaggle/input/datasets/matteocarnebella/cedar-signatures/signatures/signatures_4/forgeries_4_13.png,forgeries_4_13.png,forged,1,writer_4,writer_4_sample_13,.png,Custom_CNN,0.90997016,1,forged,True
/kaggle/input/datasets/matteocarnebella/cedar-signatures/signatures/signatures_4/forgeries_4_20.png,forgeries_4_20.png,forged,1,writer_4,writer_4_sample_20,.png,Custom_CNN,0.7054965,1,forged,True
/kaggle/input/datasets/matteocarnebella/cedar-signatures/signatures/signatures_4/forgeries_4_8.png,forgeries_4_8.png,forged,1,writer_4,writer_4_sample_8,.png,Custom_CNN,0.5570623,1,forged,True
/kaggle/input/datasets/matteocarnebella/cedar-signatures/signatures/signatures_4/original_4_2.png,original_4_2.png,genuine,0,writer_4,writer_4_sample_2,.png,Custom_CNN,0.47633028,0,genuine,True
/kaggle/input/datasets/matteocarnebella/cedar-signatures/signatures/signatures_4/original_4_21.png,original_4_21.png,genuine,0,writer_4,writer_4_sample_21,.png,Custom_CNN,0.6709788,1,forged,False
/kaggle/input/datasets/matteocarnebella/cedar-signatures/signatures/signatures_4/original_4_17.png,original_4_17.png,genuine,0,writer_4,writer_4_sample_17,.png,Custom_CNN,0.43783817,0,genuine,True
/kaggle/input/datasets/matteocarnebella/cedar-signatures/signatures/signatures_4/forgeries_4_21.png,forgeries_4_21.png,forged,1,writer_4,writer_4_sample_21,.png,Custom_CNN,0.7644992,1,forged,True
/kaggle/input/datasets/matteocarnebella/cedar-signatures/signatures/signatures_4/original_4_22.png,original_4_22.png,genuine,0,writer_4,writer_4_sample_22,.png,Custom_CNN,0.49367288,0,genuine,True
/kaggle/input/datasets/matteocarnebella/cedar-signatures/signatures/signatures_4/forgeries_4_12.png,forgeries_4_12.png,forged,1,writer_4,writer_4_sample_12,.png,Custom_CNN,0.7239537,1,forged,True
/kaggle/input/datasets/matteocarnebella/cedar-signatures/signatures/signatures_4/forgeries_4_7.png,forgeries_4_7.png,forged,1,writer_4,writer_4_sample_7,.png,Custom_CNN,0.4405688,0,genuine,False
/kaggle/input/datasets/matteocarnebella/cedar-signatures/signatures/signatures_4/forgeries_4_24.png,forgeries_4_24.png,forged,1,writer_4,writer_4_sample_24,.png,Custom_CNN,0.8208099,1,forged,True
/kaggle/input/datasets/matteocarnebella/cedar-signatures/signatures/signatures_14/forgeries_14_1.png,forgeries_14_1.png,forged,1,writer_14,writer_14_sample_1,.png,Custom_CNN,0.83467066,1,forged,True
/kaggle/input/datasets/matteocarnebella/cedar-signatures/signatures/signatures_14/original_14_10.png,original_14_10.png,genuine,0,writer_14,writer_14_sample_10,.png,Custom_CNN,0.63522774,1,forged,False
/kaggle/input/datasets/matteocarnebella/cedar-signatures/signatures/signatures_14/forgeries_14_6.png,forgeries_14_6.png,forged,1,writer_14,writer_14_sample_6,.png,Custom_CNN,0.63766414,1,forged,True
/kaggle/input/datasets/matteocarnebella/cedar-signatures/signatures/signatures_14/forgeries_14_18.png,forgeries_14_18.png,forged,1,writer_14,writer_14_sample_18,.png,Custom_CNN,0.6134261,1,forged,True
/kaggle/input/datasets/matteocarnebella/cedar-signatures/signatures/signatures_14/forgeries_14_22.png,forgeries_14_22.png,forged,1,writer_14,writer_14_sample_22,.png,Custom_CNN,0.6578161,1,forged,True
/kaggle/input/datasets/matteocarnebella/cedar-signatures/signatures/signatures_14/original_14_5.png,original_14_5.png,genuine,0,writer_14,writer_14_sample_5,.png,Custom_CNN,0.64052993,1,forged,False
/kaggle/input/datasets/matteocarnebella/cedar-signatures/signatures/signatures_14/original_14_4.png,original_14_4.png,genuine,0,writer_14,writer_14_sample_4,.png,Custom_CNN,0.63179743,1,forged,False
/kaggle/input/datasets/matteocarnebella/cedar-signatures/signatures/signatures_14/original_14_24.png,original_14_24.png,genuine,0,writer_14,writer_14_sample_24,.png,Custom_CNN,0.44697753,0,genuine,True
/kaggle/input/datasets/matteocarnebella/cedar-signatures/signatures/signatures_14/original_14_15.png,original_14_15.png,genuine,0,writer_14,writer_14_sample_15,.png,Custom_CNN,0.5461961,1,forged,False
/kaggle/input/datasets/matteocarnebella/cedar-signatures/signatures/signatures_14/original_14_9.png,original_14_9.png,genuine,0,writer_14,writer_14_sample_9,.png,Custom_CNN,0.47936174,0,genuine,True
/kaggle/input/datasets/matteocarnebella/cedar-signatures/signatures/signatures_14/forgeries_14_10.png,forgeries_14_10.png,forged,1,writer_14,writer_14_sample_10,.png,Custom_CNN,0.76816666,1,forged,True
/kaggle/input/datasets/matteocarnebella/cedar-signatures/signatures/signatures_14/forgeries_14_16.png,forgeries_14_16.png,forged,1,writer_14,writer_14_sample_16,.png,Custom_CNN,0.63939947,1,forged,True
/kaggle/input/datasets/matteocarnebella/cedar-signatures/signatures/signatures_14/forgeries_14_14.png,forgeries_14_14.png,forged,1,writer_14,writer_14_sample_14,.png,Custom_CNN,0.7548048,1,forged,True
/kaggle/input/datasets/matteocarnebella/cedar-signatures/signatures/signatures_14/forgeries_14_19.png,forgeries_14_19.png,forged,1,writer_14,writer_14_sample_19,.png,Custom_CNN,0.6595924,1,forged,True
/kaggle/input/datasets/matteocarnebella/cedar-signatures/signatures/signatures_14/forgeries_14_24.png,forgeries_14_24.png,forged,1,writer_14,writer_14_sample_24,.png,Custom_CNN,0.7010626,1,forged,True
/kaggle/input/datasets/matteocarnebella/cedar-signatures/signatures/signatures_14/original_14_21.png,original_14_21.png,genuine,0,writer_14,writer_14_sample_21,.png,Custom_CNN,0.5560662,1,forged,False
/kaggle/input/datasets/matteocarnebella/cedar-signatures/signatures/signatures_14/forgeries_14_12.png,forgeries_14_12.png,forged,1,writer_14,writer_14_sample_12,.png,Custom_CNN,0.81649554,1,forged,True
/kaggle/input/datasets/matteocarnebella/cedar-signatures/signatures/signatures_14/original_14_6.png,original_14_6.png,genuine,0,writer_14,writer_14_sample_6,.png,Custom_CNN,0.6428197,1,forged,False
/kaggle/input/datasets/matteocarnebella/cedar-signatures/signatures/signatures_14/forgeries_14_5.png,forgeries_14_5.png,forged,1,writer_14,writer_14_sample_5,.png,Custom_CNN,0.8117119,1,forged,True
/kaggle/input/datasets/matteocarnebella/cedar-signatures/signatures/signatures_14/original_14_19.png,original_14_19.png,genuine,0,writer_14,writer_14_sample_19,.png,Custom_CNN,0.34765777,0,genuine,True
/kaggle/input/datasets/matteocarnebella/cedar-signatures/signatures/signatures_14/forgeries_14_11.png,forgeries_14_11.png,forged,1,writer_14,writer_14_sample_11,.png,Custom_CNN,0.82208055,1,forged,True
/kaggle/input/datasets/matteocarnebella/cedar-signatures/signatures/signatures_14/original_14_13.png,original_14_13.png,genuine,0,writer_14,writer_14_sample_13,.png,Custom_CNN,0.27348855,0,genuine,True
/kaggle/input/datasets/matteocarnebella/cedar-signatures/signatures/signatures_14/original_14_14.png,original_14_14.png,genuine,0,writer_14,writer_14_sample_14,.png,Custom_CNN,0.3489031,0,genuine,True
/kaggle/input/datasets/matteocarnebella/cedar-signatures/signatures/signatures_14/forgeries_14_3.png,forgeries_14_3.png,forged,1,writer_14,writer_14_sample_3,.png,Custom_CNN,0.78680277,1,forged,True
/kaggle/input/datasets/matteocarnebella/cedar-signatures/signatures/signatures_14/forgeries_14_21.png,forgeries_14_21.png,forged,1,writer_14,writer_14_sample_21,.png,Custom_CNN,0.66921103,1,forged,True
/kaggle/input/datasets/matteocarnebella/cedar-signatures/signatures/signatures_14/original_14_1.png,original_14_1.png,genuine,0,writer_14,writer_14_sample_1,.png,Custom_CNN,0.50352114,1,forged,False
/kaggle/input/datasets/matteocarnebella/cedar-signatures/signatures/signatures_14/original_14_20.png,original_14_20.png,genuine,0,writer_14,writer_14_sample_20,.png,Custom_CNN,0.4598554,0,genuine,True
/kaggle/input/datasets/matteocarnebella/cedar-signatures/signatures/signatures_14/original_14_3.png,original_14_3.png,genuine,0,writer_14,writer_14_sample_3,.png,Custom_CNN,0.54667956,1,forged,False
/kaggle/input/datasets/matteocarnebella/cedar-signatures/signatures/signatures_14/original_14_18.png,original_14_18.png,genuine,0,writer_14,writer_14_sample_18,.png,Custom_CNN,0.61593467,1,forged,False
/kaggle/input/datasets/matteocarnebella/cedar-signatures/signatures/signatures_14/forgeries_14_17.png,forgeries_14_17.png,forged,1,writer_14,writer_14_sample_17,.png,Custom_CNN,0.7813709,1,forged,True
/kaggle/input/datasets/matteocarnebella/cedar-signatures/signatures/signatures_14/original_14_17.png,original_14_17.png,genuine,0,writer_14,writer_14_sample_17,.png,Custom_CNN,0.31392968,0,genuine,True
/kaggle/input/datasets/matteocarnebella/cedar-signatures/signatures/signatures_14/forgeries_14_13.png,forgeries_14_13.png,forged,1,writer_14,writer_14_sample_13,.png,Custom_CNN,0.7638547,1,forged,True
/kaggle/input/datasets/matteocarnebella/cedar-signatures/signatures/signatures_14/forgeries_14_23.png,forgeries_14_23.png,forged,1,writer_14,writer_14_sample_23,.png,Custom_CNN,0.70319605,1,forged,True
/kaggle/input/datasets/matteocarnebella/cedar-signatures/signatures/signatures_14/forgeries_14_15.png,forgeries_14_15.png,forged,1,writer_14,writer_14_sample_15,.png,Custom_CNN,0.7106243,1,forged,True
/kaggle/input/datasets/matteocarnebella/cedar-signatures/signatures/signatures_14/original_14_8.png,original_14_8.png,genuine,0,writer_14,writer_14_sample_8,.png,Custom_CNN,0.6913465,1,forged,False
/kaggle/input/datasets/matteocarnebella/cedar-signatures/signatures/signatures_14/forgeries_14_8.png,forgeries_14_8.png,forged,1,writer_14,writer_14_sample_8,.png,Custom_CNN,0.82409126,1,forged,True
/kaggle/input/datasets/matteocarnebella/cedar-signatures/signatures/signatures_14/forgeries_14_2.png,forgeries_14_2.png,forged,1,writer_14,writer_14_sample_2,.png,Custom_CNN,0.6991674,1,forged,True
/kaggle/input/datasets/matteocarnebella/cedar-signatures/signatures/signatures_14/original_14_16.png,original_14_16.png,genuine,0,writer_14,writer_14_sample_16,.png,Custom_CNN,0.48650143,0,genuine,True
/kaggle/input/datasets/matteocarnebella/cedar-signatures/signatures/signatures_14/forgeries_14_7.png,forgeries_14_7.png,forged,1,writer_14,writer_14_sample_7,.png,Custom_CNN,0.7585126,1,forged,True
/kaggle/input/datasets/matteocarnebella/cedar-signatures/signatures/signatures_14/original_14_22.png,original_14_22.png,genuine,0,writer_14,writer_14_sample_22,.png,Custom_CNN,0.42957878,0,genuine,True
/kaggle/input/datasets/matteocarnebella/cedar-signatures/signatures/signatures_14/original_14_23.png,original_14_23.png,genuine,0,writer_14,writer_14_sample_23,.png,Custom_CNN,0.3598998,0,genuine,True
/kaggle/input/datasets/matteocarnebella/cedar-signatures/signatures/signatures_14/original_14_12.png,original_14_12.png,genuine,0,writer_14,writer_14_sample_12,.png,Custom_CNN,0.5827386,1,forged,False
/kaggle/input/datasets/matteocarnebella/cedar-signatures/signatures/signatures_14/original_14_11.png,original_14_11.png,genuine,0,writer_14,writer_14_sample_11,.png,Custom_CNN,0.47363028,0,genuine,True
/kaggle/input/datasets/matteocarnebella/cedar-signatures/signatures/signatures_14/original_14_2.png,original_14_2.png,genuine,0,writer_14,writer_14_sample_2,.png,Custom_CNN,0.61135584,1,forged,False
/kaggle/input/datasets/matteocarnebella/cedar-signatures/signatures/signatures_14/forgeries_14_9.png,forgeries_14_9.png,forged,1,writer_14,writer_14_sample_9,.png,Custom_CNN,0.5349679,1,forged,True
/kaggle/input/datasets/matteocarnebella/cedar-signatures/signatures/signatures_14/original_14_7.png,original_14_7.png,genuine,0,writer_14,writer_14_sample_7,.png,Custom_CNN,0.63100994,1,forged,False
/kaggle/input/datasets/matteocarnebella/cedar-signatures/signatures/signatures_14/forgeries_14_20.png,forgeries_14_20.png,forged,1,writer_14,writer_14_sample_20,.png,Custom_CNN,0.7504551,1,forged,True
/kaggle/input/datasets/matteocarnebella/cedar-signatures/signatures/signatures_14/forgeries_14_4.png,forgeries_14_4.png,forged,1,writer_14,writer_14_sample_4,.png,Custom_CNN,0.79484963,1,forged,True
/kaggle/input/datasets/matteocarnebella/cedar-signatures/signatures/signatures_21/original_21_14.png,original_21_14.png,genuine,0,writer_21,writer_21_sample_14,.png,Custom_CNN,0.33804423,0,genuine,True
/kaggle/input/datasets/matteocarnebella/cedar-signatures/signatures/signatures_21/original_21_5.png,original_21_5.png,genuine,0,writer_21,writer_21_sample_5,.png,Custom_CNN,0.44188595,0,genuine,True
/kaggle/input/datasets/matteocarnebella/cedar-signatures/signatures/signatures_21/forgeries_21_10.png,forgeries_21_10.png,forged,1,writer_21,writer_21_sample_10,.png,Custom_CNN,0.6515341,1,forged,True
/kaggle/input/datasets/matteocarnebella/cedar-signatures/signatures/signatures_21/original_21_17.png,original_21_17.png,genuine,0,writer_21,writer_21_sample_17,.png,Custom_CNN,0.4522498,0,genuine,True
/kaggle/input/datasets/matteocarnebella/cedar-signatures/signatures/signatures_21/original_21_13.png,original_21_13.png,genuine,0,writer_21,writer_21_sample_13,.png,Custom_CNN,0.4090051,0,genuine,True
/kaggle/input/datasets/matteocarnebella/cedar-signatures/signatures/signatures_21/forgeries_21_15.png,forgeries_21_15.png,forged,1,writer_21,writer_21_sample_15,.png,Custom_CNN,0.6621378,1,forged,True
/kaggle/input/datasets/matteocarnebella/cedar-signatures/signatures/signatures_21/original_21_22.png,original_21_22.png,genuine,0,writer_21,writer_21_sample_22,.png,Custom_CNN,0.43172035,0,genuine,True
/kaggle/input/datasets/matteocarnebella/cedar-signatures/signatures/signatures_21/original_21_15.png,original_21_15.png,genuine,0,writer_21,writer_21_sample_15,.png,Custom_CNN,0.49002337,0,genuine,True
/kaggle/input/datasets/matteocarnebella/cedar-signatures/signatures/signatures_21/forgeries_21_1.png,forgeries_21_1.png,forged,1,writer_21,writer_21_sample_1,.png,Custom_CNN,0.86441,1,forged,True
/kaggle/input/datasets/matteocarnebella/cedar-signatures/signatures/signatures_21/original_21_16.png,original_21_16.png,genuine,0,writer_21,writer_21_sample_16,.png,Custom_CNN,0.37604374,0,genuine,True
/kaggle/input/datasets/matteocarnebella/cedar-signatures/signatures/signatures_21/forgeries_21_11.png,forgeries_21_11.png,forged,1,writer_21,writer_21_sample_11,.png,Custom_CNN,0.75560606,1,forged,True
/kaggle/input/datasets/matteocarnebella/cedar-signatures/signatures/signatures_21/original_21_20.png,original_21_20.png,genuine,0,writer_21,writer_21_sample_20,.png,Custom_CNN,0.3881118,0,genuine,True
/kaggle/input/datasets/matteocarnebella/cedar-signatures/signatures/signatures_21/forgeries_21_22.png,forgeries_21_22.png,forged,1,writer_21,writer_21_sample_22,.png,Custom_CNN,0.831524,1,forged,True
/kaggle/input/datasets/matteocarnebella/cedar-signatures/signatures/signatures_21/original_21_12.png,original_21_12.png,genuine,0,writer_21,writer_21_sample_12,.png,Custom_CNN,0.4933109,0,genuine,True
/kaggle/input/datasets/matteocarnebella/cedar-signatures/signatures/signatures_21/forgeries_21_17.png,forgeries_21_17.png,forged,1,writer_21,writer_21_sample_17,.png,Custom_CNN,0.664784,1,forged,True
/kaggle/input/datasets/matteocarnebella/cedar-signatures/signatures/signatures_21/forgeries_21_5.png,forgeries_21_5.png,forged,1,writer_21,writer_21_sample_5,.png,Custom_CNN,0.5503148,1,forged,True
/kaggle/input/datasets/matteocarnebella/cedar-signatures/signatures/signatures_21/forgeries_21_6.png,forgeries_21_6.png,forged,1,writer_21,writer_21_sample_6,.png,Custom_CNN,0.54966766,1,forged,True
/kaggle/input/datasets/matteocarnebella/cedar-signatures/signatures/signatures_21/forgeries_21_21.png,forgeries_21_21.png,forged,1,writer_21,writer_21_sample_21,.png,Custom_CNN,0.7470189,1,forged,True
/kaggle/input/datasets/matteocarnebella/cedar-signatures/signatures/signatures_21/forgeries_21_20.png,forgeries_21_20.png,forged,1,writer_21,writer_21_sample_20,.png,Custom_CNN,0.8776279,1,forged,True
/kaggle/input/datasets/matteocarnebella/cedar-signatures/signatures/signatures_21/forgeries_21_2.png,forgeries_21_2.png,forged,1,writer_21,writer_21_sample_2,.png,Custom_CNN,0.842943,1,forged,True
/kaggle/input/datasets/matteocarnebella/cedar-signatures/signatures/signatures_21/original_21_10.png,original_21_10.png,genuine,0,writer_21,writer_21_sample_10,.png,Custom_CNN,0.4077599,0,genuine,True
/kaggle/input/datasets/matteocarnebella/cedar-signatures/signatures/signatures_21/forgeries_21_14.png,forgeries_21_14.png,forged,1,writer_21,writer_21_sample_14,.png,Custom_CNN,0.7767311,1,forged,True
/kaggle/input/datasets/matteocarnebella/cedar-signatures/signatures/signatures_21/original_21_4.png,original_21_4.png,genuine,0,writer_21,writer_21_sample_4,.png,Custom_CNN,0.42598036,0,genuine,True
/kaggle/input/datasets/matteocarnebella/cedar-signatures/signatures/signatures_21/forgeries_21_12.png,forgeries_21_12.png,forged,1,writer_21,writer_21_sample_12,.png,Custom_CNN,0.81789464,1,forged,True
/kaggle/input/datasets/matteocarnebella/cedar-signatures/signatures/signatures_21/forgeries_21_4.png,forgeries_21_4.png,forged,1,writer_21,writer_21_sample_4,.png,Custom_CNN,0.73610705,1,forged,True
/kaggle/input/datasets/matteocarnebella/cedar-signatures/signatures/signatures_21/original_21_1.png,original_21_1.png,genuine,0,writer_21,writer_21_sample_1,.png,Custom_CNN,0.38715836,0,genuine,True
/kaggle/input/datasets/matteocarnebella/cedar-signatures/signatures/signatures_21/original_21_2.png,original_21_2.png,genuine,0,writer_21,writer_21_sample_2,.png,Custom_CNN,0.46751997,0,genuine,True
/kaggle/input/datasets/matteocarnebella/cedar-signatures/signatures/signatures_21/original_21_7.png,original_21_7.png,genuine,0,writer_21,writer_21_sample_7,.png,Custom_CNN,0.57409775,1,forged,False
/kaggle/input/datasets/matteocarnebella/cedar-signatures/signatures/signatures_21/forgeries_21_13.png,forgeries_21_13.png,forged,1,writer_21,writer_21_sample_13,.png,Custom_CNN,0.62841034,1,forged,True
/kaggle/input/datasets/matteocarnebella/cedar-signatures/signatures/signatures_21/forgeries_21_18.png,forgeries_21_18.png,forged,1,writer_21,writer_21_sample_18,.png,Custom_CNN,0.64574665,1,forged,True
/kaggle/input/datasets/matteocarnebella/cedar-signatures/signatures/signatures_21/original_21_11.png,original_21_11.png,genuine,0,writer_21,writer_21_sample_11,.png,Custom_CNN,0.451028,0,genuine,True
/kaggle/input/datasets/matteocarnebella/cedar-signatures/signatures/signatures_21/forgeries_21_7.png,forgeries_21_7.png,forged,1,writer_21,writer_21_sample_7,.png,Custom_CNN,0.5739716,1,forged,True
/kaggle/input/datasets/matteocarnebella/cedar-signatures/signatures/signatures_21/forgeries_21_3.png,forgeries_21_3.png,forged,1,writer_21,writer_21_sample_3,.png,Custom_CNN,0.79593176,1,forged,True
/kaggle/input/datasets/matteocarnebella/cedar-signatures/signatures/signatures_21/original_21_21.png,original_21_21.png,genuine,0,writer_21,writer_21_sample_21,.png,Custom_CNN,0.46405736,0,genuine,True
/kaggle/input/datasets/matteocarnebella/cedar-signatures/signatures/signatures_21/original_21_23.png,original_21_23.png,genuine,0,writer_21,writer_21_sample_23,.png,Custom_CNN,0.3453139,0,genuine,True
/kaggle/input/datasets/matteocarnebella/cedar-signatures/signatures/signatures_21/original_21_19.png,original_21_19.png,genuine,0,writer_21,writer_21_sample_19,.png,Custom_CNN,0.5513914,1,forged,False
/kaggle/input/datasets/matteocarnebella/cedar-signatures/signatures/signatures_21/forgeries_21_16.png,forgeries_21_16.png,forged,1,writer_21,writer_21_sample_16,.png,Custom_CNN,0.7369278,1,forged,True
/kaggle/input/datasets/matteocarnebella/cedar-signatures/signatures/signatures_21/original_21_9.png,original_21_9.png,genuine,0,writer_21,writer_21_sample_9,.png,Custom_CNN,0.39661285,0,genuine,True
/kaggle/input/datasets/matteocarnebella/cedar-signatures/signatures/signatures_21/original_21_8.png,original_21_8.png,genuine,0,writer_21,writer_21_sample_8,.png,Custom_CNN,0.43065074,0,genuine,True
/kaggle/input/datasets/matteocarnebella/cedar-signatures/signatures/signatures_21/forgeries_21_19.png,forgeries_21_19.png,forged,1,writer_21,writer_21_sample_19,.png,Custom_CNN,0.7598448,1,forged,True
/kaggle/input/datasets/matteocarnebella/cedar-signatures/signatures/signatures_21/forgeries_21_8.png,forgeries_21_8.png,forged,1,writer_21,writer_21_sample_8,.png,Custom_CNN,0.7143456,1,forged,True
/kaggle/input/datasets/matteocarnebella/cedar-signatures/signatures/signatures_21/original_21_24.png,original_21_24.png,genuine,0,writer_21,writer_21_sample_24,.png,Custom_CNN,0.30404252,0,genuine,True
/kaggle/input/datasets/matteocarnebella/cedar-signatures/signatures/signatures_21/forgeries_21_23.png,forgeries_21_23.png,forged,1,writer_21,writer_21_sample_23,.png,Custom_CNN,0.8473826,1,forged,True
/kaggle/input/datasets/matteocarnebella/cedar-signatures/signatures/signatures_21/original_21_6.png,original_21_6.png,genuine,0,writer_21,writer_21_sample_6,.png,Custom_CNN,0.39911222,0,genuine,True
/kaggle/input/datasets/matteocarnebella/cedar-signatures/signatures/signatures_21/original_21_3.png,original_21_3.png,genuine,0,writer_21,writer_21_sample_3,.png,Custom_CNN,0.46184465,0,genuine,True
/kaggle/input/datasets/matteocarnebella/cedar-signatures/signatures/signatures_21/forgeries_21_24.png,forgeries_21_24.png,forged,1,writer_21,writer_21_sample_24,.png,Custom_CNN,0.69658315,1,forged,True
/kaggle/input/datasets/matteocarnebella/cedar-signatures/signatures/signatures_21/forgeries_21_9.png,forgeries_21_9.png,forged,1,writer_21,writer_21_sample_9,.png,Custom_CNN,0.6613046,1,forged,True
/kaggle/input/datasets/matteocarnebella/cedar-signatures/signatures/signatures_21/original_21_18.png,original_21_18.png,genuine,0,writer_21,writer_21_sample_18,.png,Custom_CNN,0.44044822,0,genuine,True
/kaggle/input/datasets/matteocarnebella/cedar-signatures/signatures/signatures_54/original_54_12.png,original_54_12.png,genuine,0,writer_54,writer_54_sample_12,.png,Custom_CNN,0.5682017,1,forged,False
/kaggle/input/datasets/matteocarnebella/cedar-signatures/signatures/signatures_54/original_54_5.png,original_54_5.png,genuine,0,writer_54,writer_54_sample_5,.png,Custom_CNN,0.27209273,0,genuine,True
/kaggle/input/datasets/matteocarnebella/cedar-signatures/signatures/signatures_54/forgeries_54_1.png,forgeries_54_1.png,forged,1,writer_54,writer_54_sample_1,.png,Custom_CNN,0.772361,1,forged,True
/kaggle/input/datasets/matteocarnebella/cedar-signatures/signatures/signatures_54/original_54_4.png,original_54_4.png,genuine,0,writer_54,writer_54_sample_4,.png,Custom_CNN,0.31513816,0,genuine,True
/kaggle/input/datasets/matteocarnebella/cedar-signatures/signatures/signatures_54/forgeries_54_6.png,forgeries_54_6.png,forged,1,writer_54,writer_54_sample_6,.png,Custom_CNN,0.8028038,1,forged,True
/kaggle/input/datasets/matteocarnebella/cedar-signatures/signatures/signatures_54/forgeries_54_22.png,forgeries_54_22.png,forged,1,writer_54,writer_54_sample_22,.png,Custom_CNN,0.81322205,1,forged,True
/kaggle/input/datasets/matteocarnebella/cedar-signatures/signatures/signatures_54/original_54_13.png,original_54_13.png,genuine,0,writer_54,writer_54_sample_13,.png,Custom_CNN,0.66630375,1,forged,False
/kaggle/input/datasets/matteocarnebella/cedar-signatures/signatures/signatures_54/forgeries_54_9.png,forgeries_54_9.png,forged,1,writer_54,writer_54_sample_9,.png,Custom_CNN,0.7797049,1,forged,True
/kaggle/input/datasets/matteocarnebella/cedar-signatures/signatures/signatures_54/forgeries_54_4.png,forgeries_54_4.png,forged,1,writer_54,writer_54_sample_4,.png,Custom_CNN,0.75400347,1,forged,True
/kaggle/input/datasets/matteocarnebella/cedar-signatures/signatures/signatures_54/forgeries_54_23.png,forgeries_54_23.png,forged,1,writer_54,writer_54_sample_23,.png,Custom_CNN,0.805913,1,forged,True
/kaggle/input/datasets/matteocarnebella/cedar-signatures/signatures/signatures_54/original_54_19.png,original_54_19.png,genuine,0,writer_54,writer_54_sample_19,.png,Custom_CNN,0.540276,1,forged,False
/kaggle/input/datasets/matteocarnebella/cedar-signatures/signatures/signatures_54/original_54_15.png,original_54_15.png,genuine,0,writer_54,writer_54_sample_15,.png,Custom_CNN,0.61670727,1,forged,False
/kaggle/input/datasets/matteocarnebella/cedar-signatures/signatures/signatures_54/original_54_6.png,original_54_6.png,genuine,0,writer_54,writer_54_sample_6,.png,Custom_CNN,0.32383528,0,genuine,True
/kaggle/input/datasets/matteocarnebella/cedar-signatures/signatures/signatures_54/original_54_2.png,original_54_2.png,genuine,0,writer_54,writer_54_sample_2,.png,Custom_CNN,0.42148048,0,genuine,True
/kaggle/input/datasets/matteocarnebella/cedar-signatures/signatures/signatures_54/original_54_24.png,original_54_24.png,genuine,0,writer_54,writer_54_sample_24,.png,Custom_CNN,0.7340448,1,forged,False
/kaggle/input/datasets/matteocarnebella/cedar-signatures/signatures/signatures_54/forgeries_54_16.png,forgeries_54_16.png,forged,1,writer_54,writer_54_sample_16,.png,Custom_CNN,0.64614284,1,forged,True
/kaggle/input/datasets/matteocarnebella/cedar-signatures/signatures/signatures_54/forgeries_54_21.png,forgeries_54_21.png,forged,1,writer_54,writer_54_sample_21,.png,Custom_CNN,0.82165164,1,forged,True
/kaggle/input/datasets/matteocarnebella/cedar-signatures/signatures/signatures_54/forgeries_54_14.png,forgeries_54_14.png,forged,1,writer_54,writer_54_sample_14,.png,Custom_CNN,0.8143595,1,forged,True
/kaggle/input/datasets/matteocarnebella/cedar-signatures/signatures/signatures_54/original_54_10.png,original_54_10.png,genuine,0,writer_54,writer_54_sample_10,.png,Custom_CNN,0.572012,1,forged,False
/kaggle/input/datasets/matteocarnebella/cedar-signatures/signatures/signatures_54/original_54_22.png,original_54_22.png,genuine,0,writer_54,writer_54_sample_22,.png,Custom_CNN,0.57177734,1,forged,False
/kaggle/input/datasets/matteocarnebella/cedar-signatures/signatures/signatures_54/forgeries_54_17.png,forgeries_54_17.png,forged,1,writer_54,writer_54_sample_17,.png,Custom_CNN,0.69222105,1,forged,True
/kaggle/input/datasets/matteocarnebella/cedar-signatures/signatures/signatures_54/original_54_9.png,original_54_9.png,genuine,0,writer_54,writer_54_sample_9,.png,Custom_CNN,0.5082638,1,forged,False
/kaggle/input/datasets/matteocarnebella/cedar-signatures/signatures/signatures_54/original_54_1.png,original_54_1.png,genuine,0,writer_54,writer_54_sample_1,.png,Custom_CNN,0.5042207,1,forged,False
/kaggle/input/datasets/matteocarnebella/cedar-signatures/signatures/signatures_54/forgeries_54_11.png,forgeries_54_11.png,forged,1,writer_54,writer_54_sample_11,.png,Custom_CNN,0.8653701,1,forged,True
/kaggle/input/datasets/matteocarnebella/cedar-signatures/signatures/signatures_54/forgeries_54_7.png,forgeries_54_7.png,forged,1,writer_54,writer_54_sample_7,.png,Custom_CNN,0.8766347,1,forged,True
/kaggle/input/datasets/matteocarnebella/cedar-signatures/signatures/signatures_54/original_54_23.png,original_54_23.png,genuine,0,writer_54,writer_54_sample_23,.png,Custom_CNN,0.32007536,0,genuine,True
/kaggle/input/datasets/matteocarnebella/cedar-signatures/signatures/signatures_54/original_54_20.png,original_54_20.png,genuine,0,writer_54,writer_54_sample_20,.png,Custom_CNN,0.5952326,1,forged,False
/kaggle/input/datasets/matteocarnebella/cedar-signatures/signatures/signatures_54/forgeries_54_2.png,forgeries_54_2.png,forged,1,writer_54,writer_54_sample_2,.png,Custom_CNN,0.78863394,1,forged,True
/kaggle/input/datasets/matteocarnebella/cedar-signatures/signatures/signatures_54/original_54_16.png,original_54_16.png,genuine,0,writer_54,writer_54_sample_16,.png,Custom_CNN,0.6943538,1,forged,False
/kaggle/input/datasets/matteocarnebella/cedar-signatures/signatures/signatures_54/forgeries_54_19.png,forgeries_54_19.png,forged,1,writer_54,writer_54_sample_19,.png,Custom_CNN,0.7991699,1,forged,True
/kaggle/input/datasets/matteocarnebella/cedar-signatures/signatures/signatures_54/forgeries_54_13.png,forgeries_54_13.png,forged,1,writer_54,writer_54_sample_13,.png,Custom_CNN,0.7907639,1,forged,True
/kaggle/input/datasets/matteocarnebella/cedar-signatures/signatures/signatures_54/forgeries_54_15.png,forgeries_54_15.png,forged,1,writer_54,writer_54_sample_15,.png,Custom_CNN,0.7493724,1,forged,True
/kaggle/input/datasets/matteocarnebella/cedar-signatures/signatures/signatures_54/forgeries_54_18.png,forgeries_54_18.png,forged,1,writer_54,writer_54_sample_18,.png,Custom_CNN,0.8028917,1,forged,True
/kaggle/input/datasets/matteocarnebella/cedar-signatures/signatures/signatures_54/forgeries_54_3.png,forgeries_54_3.png,forged,1,writer_54,writer_54_sample_3,.png,Custom_CNN,0.78326553,1,forged,True
/kaggle/input/datasets/matteocarnebella/cedar-signatures/signatures/signatures_54/original_54_21.png,original_54_21.png,genuine,0,writer_54,writer_54_sample_21,.png,Custom_CNN,0.62436545,1,forged,False
/kaggle/input/datasets/matteocarnebella/cedar-signatures/signatures/signatures_54/original_54_18.png,original_54_18.png,genuine,0,writer_54,writer_54_sample_18,.png,Custom_CNN,0.655918,1,forged,False
/kaggle/input/datasets/matteocarnebella/cedar-signatures/signatures/signatures_54/original_54_7.png,original_54_7.png,genuine,0,writer_54,writer_54_sample_7,.png,Custom_CNN,0.38279688,0,genuine,True
/kaggle/input/datasets/matteocarnebella/cedar-signatures/signatures/signatures_54/original_54_11.png,original_54_11.png,genuine,0,writer_54,writer_54_sample_11,.png,Custom_CNN,0.43734056,0,genuine,True
/kaggle/input/datasets/matteocarnebella/cedar-signatures/signatures/signatures_54/original_54_8.png,original_54_8.png,genuine,0,writer_54,writer_54_sample_8,.png,Custom_CNN,0.40037748,0,genuine,True
/kaggle/input/datasets/matteocarnebella/cedar-signatures/signatures/signatures_54/forgeries_54_24.png,forgeries_54_24.png,forged,1,writer_54,writer_54_sample_24,.png,Custom_CNN,0.80442846,1,forged,True
/kaggle/input/datasets/matteocarnebella/cedar-signatures/signatures/signatures_54/original_54_14.png,original_54_14.png,genuine,0,writer_54,writer_54_sample_14,.png,Custom_CNN,0.6254936,1,forged,False
/kaggle/input/datasets/matteocarnebella/cedar-signatures/signatures/signatures_54/forgeries_54_8.png,forgeries_54_8.png,forged,1,writer_54,writer_54_sample_8,.png,Custom_CNN,0.7773779,1,forged,True
/kaggle/input/datasets/matteocarnebella/cedar-signatures/signatures/signatures_54/forgeries_54_12.png,forgeries_54_12.png,forged,1,writer_54,writer_54_sample_12,.png,Custom_CNN,0.7209613,1,forged,True
/kaggle/input/datasets/matteocarnebella/cedar-signatures/signatures/signatures_54/original_54_3.png,original_54_3.png,genuine,0,writer_54,writer_54_sample_3,.png,Custom_CNN,0.39048475,0,genuine,True
/kaggle/input/datasets/matteocarnebella/cedar-signatures/signatures/signatures_54/forgeries_54_20.png,forgeries_54_20.png,forged,1,writer_54,writer_54_sample_20,.png,Custom_CNN,0.8563999,1,forged,True
/kaggle/input/datasets/matteocarnebella/cedar-signatures/signatures/signatures_54/forgeries_54_5.png,forgeries_54_5.png,forged,1,writer_54,writer_54_sample_5,.png,Custom_CNN,0.7781933,1,forged,True
/kaggle/input/datasets/matteocarnebella/cedar-signatures/signatures/signatures_54/forgeries_54_10.png,forgeries_54_10.png,forged,1,writer_54,writer_54_sample_10,.png,Custom_CNN,0.83038825,1,forged,True
/kaggle/input/datasets/matteocarnebella/cedar-signatures/signatures/signatures_54/original_54_17.png,original_54_17.png,genuine,0,writer_54,writer_54_sample_17,.png,Custom_CNN,0.52769756,1,forged,False
/kaggle/input/datasets/matteocarnebella/cedar-signatures/signatures/signatures_49/forgeries_49_5.png,forgeries_49_5.png,forged,1,writer_49,writer_49_sample_5,.png,MobileNetV2_FineTuned,0.8884484,1,forged,True
/kaggle/input/datasets/matteocarnebella/cedar-signatures/signatures/signatures_49/original_49_5.png,original_49_5.png,genuine,0,writer_49,writer_49_sample_5,.png,MobileNetV2_FineTuned,0.6942404,1,forged,False
/kaggle/input/datasets/matteocarnebella/cedar-signatures/signatures/signatures_49/forgeries_49_16.png,forgeries_49_16.png,forged,1,writer_49,writer_49_sample_16,.png,MobileNetV2_FineTuned,0.9085982,1,forged,True
/kaggle/input/datasets/matteocarnebella/cedar-signatures/signatures/signatures_49/forgeries_49_12.png,forgeries_49_12.png,forged,1,writer_49,writer_49_sample_12,.png,MobileNetV2_FineTuned,0.9181466,1,forged,True
/kaggle/input/datasets/matteocarnebella/cedar-signatures/signatures/signatures_49/original_49_22.png,original_49_22.png,genuine,0,writer_49,writer_49_sample_22,.png,MobileNetV2_FineTuned,0.84520066,1,forged,False
/kaggle/input/datasets/matteocarnebella/cedar-signatures/signatures/signatures_49/forgeries_49_17.png,forgeries_49_17.png,forged,1,writer_49,writer_49_sample_17,.png,MobileNetV2_FineTuned,0.9603656,1,forged,True
/kaggle/input/datasets/matteocarnebella/cedar-signatures/signatures/signatures_49/original_49_17.png,original_49_17.png,genuine,0,writer_49,writer_49_sample_17,.png,MobileNetV2_FineTuned,0.69324297,1,forged,False
/kaggle/input/datasets/matteocarnebella/cedar-signatures/signatures/signatures_49/forgeries_49_20.png,forgeries_49_20.png,forged,1,writer_49,writer_49_sample_20,.png,MobileNetV2_FineTuned,0.9229942,1,forged,True
/kaggle/input/datasets/matteocarnebella/cedar-signatures/signatures/signatures_49/original_49_16.png,original_49_16.png,genuine,0,writer_49,writer_49_sample_16,.png,MobileNetV2_FineTuned,0.6939632,1,forged,False
/kaggle/input/datasets/matteocarnebella/cedar-signatures/signatures/signatures_49/original_49_24.png,original_49_24.png,genuine,0,writer_49,writer_49_sample_24,.png,MobileNetV2_FineTuned,0.59540236,1,forged,False
/kaggle/input/datasets/matteocarnebella/cedar-signatures/signatures/signatures_49/forgeries_49_14.png,forgeries_49_14.png,forged,1,writer_49,writer_49_sample_14,.png,MobileNetV2_FineTuned,0.93241346,1,forged,True
/kaggle/input/datasets/matteocarnebella/cedar-signatures/signatures/signatures_49/forgeries_49_8.png,forgeries_49_8.png,forged,1,writer_49,writer_49_sample_8,.png,MobileNetV2_FineTuned,0.9198309,1,forged,True
/kaggle/input/datasets/matteocarnebella/cedar-signatures/signatures/signatures_49/forgeries_49_1.png,forgeries_49_1.png,forged,1,writer_49,writer_49_sample_1,.png,MobileNetV2_FineTuned,0.9100577,1,forged,True
/kaggle/input/datasets/matteocarnebella/cedar-signatures/signatures/signatures_49/original_49_11.png,original_49_11.png,genuine,0,writer_49,writer_49_sample_11,.png,MobileNetV2_FineTuned,0.62422,1,forged,False
/kaggle/input/datasets/matteocarnebella/cedar-signatures/signatures/signatures_49/forgeries_49_10.png,forgeries_49_10.png,forged,1,writer_49,writer_49_sample_10,.png,MobileNetV2_FineTuned,0.9285649,1,forged,True
/kaggle/input/datasets/matteocarnebella/cedar-signatures/signatures/signatures_49/forgeries_49_21.png,forgeries_49_21.png,forged,1,writer_49,writer_49_sample_21,.png,MobileNetV2_FineTuned,0.94689196,1,forged,True
/kaggle/input/datasets/matteocarnebella/cedar-signatures/signatures/signatures_49/original_49_7.png,original_49_7.png,genuine,0,writer_49,writer_49_sample_7,.png,MobileNetV2_FineTuned,0.81259006,1,forged,False
/kaggle/input/datasets/matteocarnebella/cedar-signatures/signatures/signatures_49/forgeries_49_18.png,forgeries_49_18.png,forged,1,writer_49,writer_49_sample_18,.png,MobileNetV2_FineTuned,0.95657676,1,forged,True
/kaggle/input/datasets/matteocarnebella/cedar-signatures/signatures/signatures_49/original_49_8.png,original_49_8.png,genuine,0,writer_49,writer_49_sample_8,.png,MobileNetV2_FineTuned,0.6292067,1,forged,False
/kaggle/input/datasets/matteocarnebella/cedar-signatures/signatures/signatures_49/forgeries_49_19.png,forgeries_49_19.png,forged,1,writer_49,writer_49_sample_19,.png,MobileNetV2_FineTuned,0.86654544,1,forged,True
/kaggle/input/datasets/matteocarnebella/cedar-signatures/signatures/signatures_49/forgeries_49_23.png,forgeries_49_23.png,forged,1,writer_49,writer_49_sample_23,.png,MobileNetV2_FineTuned,0.9285737,1,forged,True
/kaggle/input/datasets/matteocarnebella/cedar-signatures/signatures/signatures_49/original_49_1.png,original_49_1.png,genuine,0,writer_49,writer_49_sample_1,.png,MobileNetV2_FineTuned,0.7193807,1,forged,False
/kaggle/input/datasets/matteocarnebella/cedar-signatures/signatures/signatures_49/forgeries_49_24.png,forgeries_49_24.png,forged,1,writer_49,writer_49_sample_24,.png,MobileNetV2_FineTuned,0.8972796,1,forged,True
/kaggle/input/datasets/matteocarnebella/cedar-signatures/signatures/signatures_49/original_49_10.png,original_49_10.png,genuine,0,writer_49,writer_49_sample_10,.png,MobileNetV2_FineTuned,0.60570276,1,forged,False
/kaggle/input/datasets/matteocarnebella/cedar-signatures/signatures/signatures_49/forgeries_49_2.png,forgeries_49_2.png,forged,1,writer_49,writer_49_sample_2,.png,MobileNetV2_FineTuned,0.91264206,1,forged,True
/kaggle/input/datasets/matteocarnebella/cedar-signatures/signatures/signatures_49/forgeries_49_15.png,forgeries_49_15.png,forged,1,writer_49,writer_49_sample_15,.png,MobileNetV2_FineTuned,0.9292386,1,forged,True
/kaggle/input/datasets/matteocarnebella/cedar-signatures/signatures/signatures_49/original_49_3.png,original_49_3.png,genuine,0,writer_49,writer_49_sample_3,.png,MobileNetV2_FineTuned,0.831994,1,forged,False
/kaggle/input/datasets/matteocarnebella/cedar-signatures/signatures/signatures_49/original_49_14.png,original_49_14.png,genuine,0,writer_49,writer_49_sample_14,.png,MobileNetV2_FineTuned,0.7925456,1,forged,False
/kaggle/input/datasets/matteocarnebella/cedar-signatures/signatures/signatures_49/original_49_6.png,original_49_6.png,genuine,0,writer_49,writer_49_sample_6,.png,MobileNetV2_FineTuned,0.69679725,1,forged,False
/kaggle/input/datasets/matteocarnebella/cedar-signatures/signatures/signatures_49/forgeries_49_9.png,forgeries_49_9.png,forged,1,writer_49,writer_49_sample_9,.png,MobileNetV2_FineTuned,0.94695807,1,forged,True
/kaggle/input/datasets/matteocarnebella/cedar-signatures/signatures/signatures_49/original_49_15.png,original_49_15.png,genuine,0,writer_49,writer_49_sample_15,.png,MobileNetV2_FineTuned,0.81962615,1,forged,False
/kaggle/input/datasets/matteocarnebella/cedar-signatures/signatures/signatures_49/original_49_4.png,original_49_4.png,genuine,0,writer_49,writer_49_sample_4,.png,MobileNetV2_FineTuned,0.71412146,1,forged,False
/kaggle/input/datasets/matteocarnebella/cedar-signatures/signatures/signatures_49/forgeries_49_3.png,forgeries_49_3.png,forged,1,writer_49,writer_49_sample_3,.png,MobileNetV2_FineTuned,0.9178807,1,forged,True
/kaggle/input/datasets/matteocarnebella/cedar-signatures/signatures/signatures_49/forgeries_49_6.png,forgeries_49_6.png,forged,1,writer_49,writer_49_sample_6,.png,MobileNetV2_FineTuned,0.9305097,1,forged,True
/kaggle/input/datasets/matteocarnebella/cedar-signatures/signatures/signatures_49/forgeries_49_13.png,forgeries_49_13.png,forged,1,writer_49,writer_49_sample_13,.png,MobileNetV2_FineTuned,0.93920565,1,forged,True
/kaggle/input/datasets/matteocarnebella/cedar-signatures/signatures/signatures_49/original_49_12.png,original_49_12.png,genuine,0,writer_49,writer_49_sample_12,.png,MobileNetV2_FineTuned,0.5889311,1,forged,False
/kaggle/input/datasets/matteocarnebella/cedar-signatures/signatures/signatures_49/original_49_13.png,original_49_13.png,genuine,0,writer_49,writer_49_sample_13,.png,MobileNetV2_FineTuned,0.6112732,1,forged,False
/kaggle/input/datasets/matteocarnebella/cedar-signatures/signatures/signatures_49/forgeries_49_11.png,forgeries_49_11.png,forged,1,writer_49,writer_49_sample_11,.png,MobileNetV2_FineTuned,0.9397676,1,forged,True
/kaggle/input/datasets/matteocarnebella/cedar-signatures/signatures/signatures_49/original_49_2.png,original_49_2.png,genuine,0,writer_49,writer_49_sample_2,.png,MobileNetV2_FineTuned,0.7398499,1,forged,False
/kaggle/input/datasets/matteocarnebella/cedar-signatures/signatures/signatures_49/original_49_21.png,original_49_21.png,genuine,0,writer_49,writer_49_sample_21,.png,MobileNetV2_FineTuned,0.75069255,1,forged,False
/kaggle/input/datasets/matteocarnebella/cedar-signatures/signatures/signatures_49/original_49_23.png,original_49_23.png,genuine,0,writer_49,writer_49_sample_23,.png,MobileNetV2_FineTuned,0.63831973,1,forged,False
/kaggle/input/datasets/matteocarnebella/cedar-signatures/signatures/signatures_49/forgeries_49_7.png,forgeries_49_7.png,forged,1,writer_49,writer_49_sample_7,.png,MobileNetV2_FineTuned,0.95237297,1,forged,True
/kaggle/input/datasets/matteocarnebella/cedar-signatures/signatures/signatures_49/forgeries_49_22.png,forgeries_49_22.png,forged,1,writer_49,writer_49_sample_22,.png,MobileNetV2_FineTuned,0.8947227,1,forged,True
/kaggle/input/datasets/matteocarnebella/cedar-signatures/signatures/signatures_49/original_49_9.png,original_49_9.png,genuine,0,writer_49,writer_49_sample_9,.png,MobileNetV2_FineTuned,0.6954727,1,forged,False
/kaggle/input/datasets/matteocarnebella/cedar-signatures/signatures/signatures_49/original_49_19.png,original_49_19.png,genuine,0,writer_49,writer_49_sample_19,.png,MobileNetV2_FineTuned,0.70927787,1,forged,False
/kaggle/input/datasets/matteocarnebella/cedar-signatures/signatures/signatures_49/forgeries_49_4.png,forgeries_49_4.png,forged,1,writer_49,writer_49_sample_4,.png,MobileNetV2_FineTuned,0.94658756,1,forged,True
/kaggle/input/datasets/matteocarnebella/cedar-signatures/signatures/signatures_49/original_49_20.png,original_49_20.png,genuine,0,writer_49,writer_49_sample_20,.png,MobileNetV2_FineTuned,0.81071544,1,forged,False
/kaggle/input/datasets/matteocarnebella/cedar-signatures/signatures/signatures_49/original_49_18.png,original_49_18.png,genuine,0,writer_49,writer_49_sample_18,.png,MobileNetV2_FineTuned,0.66749436,1,forged,False
/kaggle/input/datasets/matteocarnebella/cedar-signatures/signatures/signatures_12/original_12_1.png,original_12_1.png,genuine,0,writer_12,writer_12_sample_1,.png,MobileNetV2_FineTuned,0.8125376,1,forged,False
/kaggle/input/datasets/matteocarnebella/cedar-signatures/signatures/signatures_12/forgeries_12_16.png,forgeries_12_16.png,forged,1,writer_12,writer_12_sample_16,.png,MobileNetV2_FineTuned,0.78452027,1,forged,True
/kaggle/input/datasets/matteocarnebella/cedar-signatures/signatures/signatures_12/original_12_19.png,original_12_19.png,genuine,0,writer_12,writer_12_sample_19,.png,MobileNetV2_FineTuned,0.63342965,1,forged,False
/kaggle/input/datasets/matteocarnebella/cedar-signatures/signatures/signatures_12/forgeries_12_20.png,forgeries_12_20.png,forged,1,writer_12,writer_12_sample_20,.png,MobileNetV2_FineTuned,0.9381435,1,forged,True
/kaggle/input/datasets/matteocarnebella/cedar-signatures/signatures/signatures_12/forgeries_12_22.png,forgeries_12_22.png,forged,1,writer_12,writer_12_sample_22,.png,MobileNetV2_FineTuned,0.864459,1,forged,True
/kaggle/input/datasets/matteocarnebella/cedar-signatures/signatures/signatures_12/original_12_20.png,original_12_20.png,genuine,0,writer_12,writer_12_sample_20,.png,MobileNetV2_FineTuned,0.5817654,1,forged,False
/kaggle/input/datasets/matteocarnebella/cedar-signatures/signatures/signatures_12/forgeries_12_7.png,forgeries_12_7.png,forged,1,writer_12,writer_12_sample_7,.png,MobileNetV2_FineTuned,0.77680814,1,forged,True
/kaggle/input/datasets/matteocarnebella/cedar-signatures/signatures/signatures_12/original_12_15.png,original_12_15.png,genuine,0,writer_12,writer_12_sample_15,.png,MobileNetV2_FineTuned,0.62393117,1,forged,False
/kaggle/input/datasets/matteocarnebella/cedar-signatures/signatures/signatures_12/original_12_9.png,original_12_9.png,genuine,0,writer_12,writer_12_sample_9,.png,MobileNetV2_FineTuned,0.5271484,1,forged,False
/kaggle/input/datasets/matteocarnebella/cedar-signatures/signatures/signatures_12/original_12_24.png,original_12_24.png,genuine,0,writer_12,writer_12_sample_24,.png,MobileNetV2_FineTuned,0.5412401,1,forged,False
/kaggle/input/datasets/matteocarnebella/cedar-signatures/signatures/signatures_12/original_12_21.png,original_12_21.png,genuine,0,writer_12,writer_12_sample_21,.png,MobileNetV2_FineTuned,0.35356212,0,genuine,True
/kaggle/input/datasets/matteocarnebella/cedar-signatures/signatures/signatures_12/original_12_22.png,original_12_22.png,genuine,0,writer_12,writer_12_sample_22,.png,MobileNetV2_FineTuned,0.7825787,1,forged,False
/kaggle/input/datasets/matteocarnebella/cedar-signatures/signatures/signatures_12/forgeries_12_15.png,forgeries_12_15.png,forged,1,writer_12,writer_12_sample_15,.png,MobileNetV2_FineTuned,0.77004504,1,forged,True
/kaggle/input/datasets/matteocarnebella/cedar-signatures/signatures/signatures_12/original_12_17.png,original_12_17.png,genuine,0,writer_12,writer_12_sample_17,.png,MobileNetV2_FineTuned,0.6441758,1,forged,False
/kaggle/input/datasets/matteocarnebella/cedar-signatures/signatures/signatures_12/forgeries_12_14.png,forgeries_12_14.png,forged,1,writer_12,writer_12_sample_14,.png,MobileNetV2_FineTuned,0.8522694,1,forged,True
/kaggle/input/datasets/matteocarnebella/cedar-signatures/signatures/signatures_12/original_12_3.png,original_12_3.png,genuine,0,writer_12,writer_12_sample_3,.png,MobileNetV2_FineTuned,0.47843072,0,genuine,True
/kaggle/input/datasets/matteocarnebella/cedar-signatures/signatures/signatures_12/forgeries_12_12.png,forgeries_12_12.png,forged,1,writer_12,writer_12_sample_12,.png,MobileNetV2_FineTuned,0.8616184,1,forged,True
/kaggle/input/datasets/matteocarnebella/cedar-signatures/signatures/signatures_12/forgeries_12_5.png,forgeries_12_5.png,forged,1,writer_12,writer_12_sample_5,.png,MobileNetV2_FineTuned,0.8725181,1,forged,True
/kaggle/input/datasets/matteocarnebella/cedar-signatures/signatures/signatures_12/original_12_8.png,original_12_8.png,genuine,0,writer_12,writer_12_sample_8,.png,MobileNetV2_FineTuned,0.7249922,1,forged,False
/kaggle/input/datasets/matteocarnebella/cedar-signatures/signatures/signatures_12/forgeries_12_3.png,forgeries_12_3.png,forged,1,writer_12,writer_12_sample_3,.png,MobileNetV2_FineTuned,0.8056285,1,forged,True
/kaggle/input/datasets/matteocarnebella/cedar-signatures/signatures/signatures_12/forgeries_12_17.png,forgeries_12_17.png,forged,1,writer_12,writer_12_sample_17,.png,MobileNetV2_FineTuned,0.86030096,1,forged,True
/kaggle/input/datasets/matteocarnebella/cedar-signatures/signatures/signatures_12/forgeries_12_9.png,forgeries_12_9.png,forged,1,writer_12,writer_12_sample_9,.png,MobileNetV2_FineTuned,0.83718306,1,forged,True
/kaggle/input/datasets/matteocarnebella/cedar-signatures/signatures/signatures_12/forgeries_12_6.png,forgeries_12_6.png,forged,1,writer_12,writer_12_sample_6,.png,MobileNetV2_FineTuned,0.79789346,1,forged,True
/kaggle/input/datasets/matteocarnebella/cedar-signatures/signatures/signatures_12/original_12_5.png,original_12_5.png,genuine,0,writer_12,writer_12_sample_5,.png,MobileNetV2_FineTuned,0.50700444,1,forged,False
/kaggle/input/datasets/matteocarnebella/cedar-signatures/signatures/signatures_12/original_12_18.png,original_12_18.png,genuine,0,writer_12,writer_12_sample_18,.png,MobileNetV2_FineTuned,0.26816002,0,genuine,True
/kaggle/input/datasets/matteocarnebella/cedar-signatures/signatures/signatures_12/forgeries_12_8.png,forgeries_12_8.png,forged,1,writer_12,writer_12_sample_8,.png,MobileNetV2_FineTuned,0.8450387,1,forged,True
/kaggle/input/datasets/matteocarnebella/cedar-signatures/signatures/signatures_12/original_12_12.png,original_12_12.png,genuine,0,writer_12,writer_12_sample_12,.png,MobileNetV2_FineTuned,0.6457048,1,forged,False
/kaggle/input/datasets/matteocarnebella/cedar-signatures/signatures/signatures_12/original_12_6.png,original_12_6.png,genuine,0,writer_12,writer_12_sample_6,.png,MobileNetV2_FineTuned,0.71343446,1,forged,False
/kaggle/input/datasets/matteocarnebella/cedar-signatures/signatures/signatures_12/original_12_7.png,original_12_7.png,genuine,0,writer_12,writer_12_sample_7,.png,MobileNetV2_FineTuned,0.73802656,1,forged,False
/kaggle/input/datasets/matteocarnebella/cedar-signatures/signatures/signatures_12/forgeries_12_4.png,forgeries_12_4.png,forged,1,writer_12,writer_12_sample_4,.png,MobileNetV2_FineTuned,0.83214325,1,forged,True
/kaggle/input/datasets/matteocarnebella/cedar-signatures/signatures/signatures_12/original_12_11.png,original_12_11.png,genuine,0,writer_12,writer_12_sample_11,.png,MobileNetV2_FineTuned,0.5312609,1,forged,False
/kaggle/input/datasets/matteocarnebella/cedar-signatures/signatures/signatures_12/original_12_2.png,original_12_2.png,genuine,0,writer_12,writer_12_sample_2,.png,MobileNetV2_FineTuned,0.6748868,1,forged,False
/kaggle/input/datasets/matteocarnebella/cedar-signatures/signatures/signatures_12/forgeries_12_21.png,forgeries_12_21.png,forged,1,writer_12,writer_12_sample_21,.png,MobileNetV2_FineTuned,0.8065848,1,forged,True
/kaggle/input/datasets/matteocarnebella/cedar-signatures/signatures/signatures_12/original_12_10.png,original_12_10.png,genuine,0,writer_12,writer_12_sample_10,.png,MobileNetV2_FineTuned,0.47427306,0,genuine,True
/kaggle/input/datasets/matteocarnebella/cedar-signatures/signatures/signatures_12/original_12_4.png,original_12_4.png,genuine,0,writer_12,writer_12_sample_4,.png,MobileNetV2_FineTuned,0.46813613,0,genuine,True
/kaggle/input/datasets/matteocarnebella/cedar-signatures/signatures/signatures_12/forgeries_12_11.png,forgeries_12_11.png,forged,1,writer_12,writer_12_sample_11,.png,MobileNetV2_FineTuned,0.8697721,1,forged,True
/kaggle/input/datasets/matteocarnebella/cedar-signatures/signatures/signatures_12/forgeries_12_18.png,forgeries_12_18.png,forged,1,writer_12,writer_12_sample_18,.png,MobileNetV2_FineTuned,0.8230398,1,forged,True
/kaggle/input/datasets/matteocarnebella/cedar-signatures/signatures/signatures_12/forgeries_12_1.png,forgeries_12_1.png,forged,1,writer_12,writer_12_sample_1,.png,MobileNetV2_FineTuned,0.85238606,1,forged,True
/kaggle/input/datasets/matteocarnebella/cedar-signatures/signatures/signatures_12/original_12_23.png,original_12_23.png,genuine,0,writer_12,writer_12_sample_23,.png,MobileNetV2_FineTuned,0.50316834,1,forged,False
/kaggle/input/datasets/matteocarnebella/cedar-signatures/signatures/signatures_12/forgeries_12_19.png,forgeries_12_19.png,forged,1,writer_12,writer_12_sample_19,.png,MobileNetV2_FineTuned,0.82668585,1,forged,True
/kaggle/input/datasets/matteocarnebella/cedar-signatures/signatures/signatures_12/original_12_13.png,original_12_13.png,genuine,0,writer_12,writer_12_sample_13,.png,MobileNetV2_FineTuned,0.45865244,0,genuine,True
/kaggle/input/datasets/matteocarnebella/cedar-signatures/signatures/signatures_12/original_12_14.png,original_12_14.png,genuine,0,writer_12,writer_12_sample_14,.png,MobileNetV2_FineTuned,0.35989264,0,genuine,True
/kaggle/input/datasets/matteocarnebella/cedar-signatures/signatures/signatures_12/forgeries_12_23.png,forgeries_12_23.png,forged,1,writer_12,writer_12_sample_23,.png,MobileNetV2_FineTuned,0.93081594,1,forged,True
/kaggle/input/datasets/matteocarnebella/cedar-signatures/signatures/signatures_12/forgeries_12_10.png,forgeries_12_10.png,forged,1,writer_12,writer_12_sample_10,.png,MobileNetV2_FineTuned,0.81266356,1,forged,True
/kaggle/input/datasets/matteocarnebella/cedar-signatures/signatures/signatures_12/forgeries_12_2.png,forgeries_12_2.png,forged,1,writer_12,writer_12_sample_2,.png,MobileNetV2_FineTuned,0.90847725,1,forged,True
/kaggle/input/datasets/matteocarnebella/cedar-signatures/signatures/signatures_12/forgeries_12_13.png,forgeries_12_13.png,forged,1,writer_12,writer_12_sample_13,.png,MobileNetV2_FineTuned,0.71193415,1,forged,True
/kaggle/input/datasets/matteocarnebella/cedar-signatures/signatures/signatures_12/forgeries_12_24.png,forgeries_12_24.png,forged,1,writer_12,writer_12_sample_24,.png,MobileNetV2_FineTuned,0.78649193,1,forged,True
/kaggle/input/datasets/matteocarnebella/cedar-signatures/signatures/signatures_12/original_12_16.png,original_12_16.png,genuine,0,writer_12,writer_12_sample_16,.png,MobileNetV2_FineTuned,0.8432128,1,forged,False
/kaggle/input/datasets/matteocarnebella/cedar-signatures/signatures/signatures_47/original_47_18.png,original_47_18.png,genuine,0,writer_47,writer_47_sample_18,.png,MobileNetV2_FineTuned,0.22298364,0,genuine,True
/kaggle/input/datasets/matteocarnebella/cedar-signatures/signatures/signatures_47/forgeries_47_14.png,forgeries_47_14.png,forged,1,writer_47,writer_47_sample_14,.png,MobileNetV2_FineTuned,0.90640396,1,forged,True
/kaggle/input/datasets/matteocarnebella/cedar-signatures/signatures/signatures_47/forgeries_47_23.png,forgeries_47_23.png,forged,1,writer_47,writer_47_sample_23,.png,MobileNetV2_FineTuned,0.74812704,1,forged,True
/kaggle/input/datasets/matteocarnebella/cedar-signatures/signatures/signatures_47/original_47_4.png,original_47_4.png,genuine,0,writer_47,writer_47_sample_4,.png,MobileNetV2_FineTuned,0.48519886,0,genuine,True
/kaggle/input/datasets/matteocarnebella/cedar-signatures/signatures/signatures_47/original_47_15.png,original_47_15.png,genuine,0,writer_47,writer_47_sample_15,.png,MobileNetV2_FineTuned,0.435275,0,genuine,True
/kaggle/input/datasets/matteocarnebella/cedar-signatures/signatures/signatures_47/forgeries_47_7.png,forgeries_47_7.png,forged,1,writer_47,writer_47_sample_7,.png,MobileNetV2_FineTuned,0.85764897,1,forged,True
/kaggle/input/datasets/matteocarnebella/cedar-signatures/signatures/signatures_47/forgeries_47_19.png,forgeries_47_19.png,forged,1,writer_47,writer_47_sample_19,.png,MobileNetV2_FineTuned,0.92250586,1,forged,True
/kaggle/input/datasets/matteocarnebella/cedar-signatures/signatures/signatures_47/forgeries_47_5.png,forgeries_47_5.png,forged,1,writer_47,writer_47_sample_5,.png,MobileNetV2_FineTuned,0.77999973,1,forged,True
/kaggle/input/datasets/matteocarnebella/cedar-signatures/signatures/signatures_47/original_47_19.png,original_47_19.png,genuine,0,writer_47,writer_47_sample_19,.png,MobileNetV2_FineTuned,0.33116218,0,genuine,True
/kaggle/input/datasets/matteocarnebella/cedar-signatures/signatures/signatures_47/original_47_3.png,original_47_3.png,genuine,0,writer_47,writer_47_sample_3,.png,MobileNetV2_FineTuned,0.45910957,0,genuine,True
/kaggle/input/datasets/matteocarnebella/cedar-signatures/signatures/signatures_47/original_47_7.png,original_47_7.png,genuine,0,writer_47,writer_47_sample_7,.png,MobileNetV2_FineTuned,0.42957532,0,genuine,True
/kaggle/input/datasets/matteocarnebella/cedar-signatures/signatures/signatures_47/forgeries_47_3.png,forgeries_47_3.png,forged,1,writer_47,writer_47_sample_3,.png,MobileNetV2_FineTuned,0.62860197,1,forged,True
/kaggle/input/datasets/matteocarnebella/cedar-signatures/signatures/signatures_47/original_47_24.png,original_47_24.png,genuine,0,writer_47,writer_47_sample_24,.png,MobileNetV2_FineTuned,0.4492894,0,genuine,True
/kaggle/input/datasets/matteocarnebella/cedar-signatures/signatures/signatures_47/forgeries_47_22.png,forgeries_47_22.png,forged,1,writer_47,writer_47_sample_22,.png,MobileNetV2_FineTuned,0.86789274,1,forged,True
/kaggle/input/datasets/matteocarnebella/cedar-signatures/signatures/signatures_47/forgeries_47_21.png,forgeries_47_21.png,forged,1,writer_47,writer_47_sample_21,.png,MobileNetV2_FineTuned,0.8914006,1,forged,True
/kaggle/input/datasets/matteocarnebella/cedar-signatures/signatures/signatures_47/forgeries_47_6.png,forgeries_47_6.png,forged,1,writer_47,writer_47_sample_6,.png,MobileNetV2_FineTuned,0.7455822,1,forged,True
/kaggle/input/datasets/matteocarnebella/cedar-signatures/signatures/signatures_47/original_47_23.png,original_47_23.png,genuine,0,writer_47,writer_47_sample_23,.png,MobileNetV2_FineTuned,0.4526055,0,genuine,True
/kaggle/input/datasets/matteocarnebella/cedar-signatures/signatures/signatures_47/forgeries_47_20.png,forgeries_47_20.png,forged,1,writer_47,writer_47_sample_20,.png,MobileNetV2_FineTuned,0.9129933,1,forged,True
/kaggle/input/datasets/matteocarnebella/cedar-signatures/signatures/signatures_47/forgeries_47_18.png,forgeries_47_18.png,forged,1,writer_47,writer_47_sample_18,.png,MobileNetV2_FineTuned,0.92630255,1,forged,True
/kaggle/input/datasets/matteocarnebella/cedar-signatures/signatures/signatures_47/forgeries_47_9.png,forgeries_47_9.png,forged,1,writer_47,writer_47_sample_9,.png,MobileNetV2_FineTuned,0.8573672,1,forged,True
/kaggle/input/datasets/matteocarnebella/cedar-signatures/signatures/signatures_47/forgeries_47_4.png,forgeries_47_4.png,forged,1,writer_47,writer_47_sample_4,.png,MobileNetV2_FineTuned,0.80444354,1,forged,True
/kaggle/input/datasets/matteocarnebella/cedar-signatures/signatures/signatures_47/original_47_2.png,original_47_2.png,genuine,0,writer_47,writer_47_sample_2,.png,MobileNetV2_FineTuned,0.3873312,0,genuine,True
/kaggle/input/datasets/matteocarnebella/cedar-signatures/signatures/signatures_47/original_47_17.png,original_47_17.png,genuine,0,writer_47,writer_47_sample_17,.png,MobileNetV2_FineTuned,0.44173938,0,genuine,True
/kaggle/input/datasets/matteocarnebella/cedar-signatures/signatures/signatures_47/original_47_9.png,original_47_9.png,genuine,0,writer_47,writer_47_sample_9,.png,MobileNetV2_FineTuned,0.20929815,0,genuine,True
/kaggle/input/datasets/matteocarnebella/cedar-signatures/signatures/signatures_47/forgeries_47_8.png,forgeries_47_8.png,forged,1,writer_47,writer_47_sample_8,.png,MobileNetV2_FineTuned,0.9255094,1,forged,True
/kaggle/input/datasets/matteocarnebella/cedar-signatures/signatures/signatures_47/forgeries_47_2.png,forgeries_47_2.png,forged,1,writer_47,writer_47_sample_2,.png,MobileNetV2_FineTuned,0.78766215,1,forged,True
/kaggle/input/datasets/matteocarnebella/cedar-signatures/signatures/signatures_47/forgeries_47_16.png,forgeries_47_16.png,forged,1,writer_47,writer_47_sample_16,.png,MobileNetV2_FineTuned,0.89509475,1,forged,True
/kaggle/input/datasets/matteocarnebella/cedar-signatures/signatures/signatures_47/forgeries_47_15.png,forgeries_47_15.png,forged,1,writer_47,writer_47_sample_15,.png,MobileNetV2_FineTuned,0.8107612,1,forged,True
/kaggle/input/datasets/matteocarnebella/cedar-signatures/signatures/signatures_47/forgeries_47_24.png,forgeries_47_24.png,forged,1,writer_47,writer_47_sample_24,.png,MobileNetV2_FineTuned,0.8505633,1,forged,True
/kaggle/input/datasets/matteocarnebella/cedar-signatures/signatures/signatures_47/original_47_21.png,original_47_21.png,genuine,0,writer_47,writer_47_sample_21,.png,MobileNetV2_FineTuned,0.71190834,1,forged,False
/kaggle/input/datasets/matteocarnebella/cedar-signatures/signatures/signatures_47/original_47_12.png,original_47_12.png,genuine,0,writer_47,writer_47_sample_12,.png,MobileNetV2_FineTuned,0.33813187,0,genuine,True
/kaggle/input/datasets/matteocarnebella/cedar-signatures/signatures/signatures_47/forgeries_47_11.png,forgeries_47_11.png,forged,1,writer_47,writer_47_sample_11,.png,MobileNetV2_FineTuned,0.78587335,1,forged,True
/kaggle/input/datasets/matteocarnebella/cedar-signatures/signatures/signatures_47/original_47_11.png,original_47_11.png,genuine,0,writer_47,writer_47_sample_11,.png,MobileNetV2_FineTuned,0.38083887,0,genuine,True
/kaggle/input/datasets/matteocarnebella/cedar-signatures/signatures/signatures_47/forgeries_47_1.png,forgeries_47_1.png,forged,1,writer_47,writer_47_sample_1,.png,MobileNetV2_FineTuned,0.7906281,1,forged,True
/kaggle/input/datasets/matteocarnebella/cedar-signatures/signatures/signatures_47/forgeries_47_12.png,forgeries_47_12.png,forged,1,writer_47,writer_47_sample_12,.png,MobileNetV2_FineTuned,0.8251312,1,forged,True
/kaggle/input/datasets/matteocarnebella/cedar-signatures/signatures/signatures_47/original_47_20.png,original_47_20.png,genuine,0,writer_47,writer_47_sample_20,.png,MobileNetV2_FineTuned,0.39039987,0,genuine,True
/kaggle/input/datasets/matteocarnebella/cedar-signatures/signatures/signatures_47/original_47_6.png,original_47_6.png,genuine,0,writer_47,writer_47_sample_6,.png,MobileNetV2_FineTuned,0.38576886,0,genuine,True
/kaggle/input/datasets/matteocarnebella/cedar-signatures/signatures/signatures_47/original_47_22.png,original_47_22.png,genuine,0,writer_47,writer_47_sample_22,.png,MobileNetV2_FineTuned,0.5120567,1,forged,False
/kaggle/input/datasets/matteocarnebella/cedar-signatures/signatures/signatures_47/original_47_16.png,original_47_16.png,genuine,0,writer_47,writer_47_sample_16,.png,MobileNetV2_FineTuned,0.4286396,0,genuine,True
/kaggle/input/datasets/matteocarnebella/cedar-signatures/signatures/signatures_47/original_47_13.png,original_47_13.png,genuine,0,writer_47,writer_47_sample_13,.png,MobileNetV2_FineTuned,0.36833915,0,genuine,True
/kaggle/input/datasets/matteocarnebella/cedar-signatures/signatures/signatures_47/forgeries_47_13.png,forgeries_47_13.png,forged,1,writer_47,writer_47_sample_13,.png,MobileNetV2_FineTuned,0.924978,1,forged,True
/kaggle/input/datasets/matteocarnebella/cedar-signatures/signatures/signatures_47/forgeries_47_10.png,forgeries_47_10.png,forged,1,writer_47,writer_47_sample_10,.png,MobileNetV2_FineTuned,0.7544985,1,forged,True
/kaggle/input/datasets/matteocarnebella/cedar-signatures/signatures/signatures_47/forgeries_47_17.png,forgeries_47_17.png,forged,1,writer_47,writer_47_sample_17,.png,MobileNetV2_FineTuned,0.8423761,1,forged,True
/kaggle/input/datasets/matteocarnebella/cedar-signatures/signatures/signatures_47/original_47_5.png,original_47_5.png,genuine,0,writer_47,writer_47_sample_5,.png,MobileNetV2_FineTuned,0.5629411,1,forged,False
/kaggle/input/datasets/matteocarnebella/cedar-signatures/signatures/signatures_47/original_47_14.png,original_47_14.png,genuine,0,writer_47,writer_47_sample_14,.png,MobileNetV2_FineTuned,0.20260103,0,genuine,True
/kaggle/input/datasets/matteocarnebella/cedar-signatures/signatures/signatures_47/original_47_1.png,original_47_1.png,genuine,0,writer_47,writer_47_sample_1,.png,MobileNetV2_FineTuned,0.50365317,1,forged,False
/kaggle/input/datasets/matteocarnebella/cedar-signatures/signatures/signatures_47/original_47_10.png,original_47_10.png,genuine,0,writer_47,writer_47_sample_10,.png,MobileNetV2_FineTuned,0.2642251,0,genuine,True
/kaggle/input/datasets/matteocarnebella/cedar-signatures/signatures/signatures_47/original_47_8.png,original_47_8.png,genuine,0,writer_47,writer_47_sample_8,.png,MobileNetV2_FineTuned,0.31589448,0,genuine,True
/kaggle/input/datasets/matteocarnebella/cedar-signatures/signatures/signatures_33/forgeries_33_20.png,forgeries_33_20.png,forged,1,writer_33,writer_33_sample_20,.png,MobileNetV2_FineTuned,0.35668734,0,genuine,False
/kaggle/input/datasets/matteocarnebella/cedar-signatures/signatures/signatures_33/original_33_17.png,original_33_17.png,genuine,0,writer_33,writer_33_sample_17,.png,MobileNetV2_FineTuned,0.13704254,0,genuine,True
/kaggle/input/datasets/matteocarnebella/cedar-signatures/signatures/signatures_33/original_33_15.png,original_33_15.png,genuine,0,writer_33,writer_33_sample_15,.png,MobileNetV2_FineTuned,0.13054575,0,genuine,True
/kaggle/input/datasets/matteocarnebella/cedar-signatures/signatures/signatures_33/original_33_9.png,original_33_9.png,genuine,0,writer_33,writer_33_sample_9,.png,MobileNetV2_FineTuned,0.14210148,0,genuine,True
/kaggle/input/datasets/matteocarnebella/cedar-signatures/signatures/signatures_33/forgeries_33_5.png,forgeries_33_5.png,forged,1,writer_33,writer_33_sample_5,.png,MobileNetV2_FineTuned,0.28711343,0,genuine,False
/kaggle/input/datasets/matteocarnebella/cedar-signatures/signatures/signatures_33/original_33_4.png,original_33_4.png,genuine,0,writer_33,writer_33_sample_4,.png,MobileNetV2_FineTuned,0.19563457,0,genuine,True
/kaggle/input/datasets/matteocarnebella/cedar-signatures/signatures/signatures_33/forgeries_33_4.png,forgeries_33_4.png,forged,1,writer_33,writer_33_sample_4,.png,MobileNetV2_FineTuned,0.45804757,0,genuine,False
/kaggle/input/datasets/matteocarnebella/cedar-signatures/signatures/signatures_33/forgeries_33_14.png,forgeries_33_14.png,forged,1,writer_33,writer_33_sample_14,.png,MobileNetV2_FineTuned,0.2403085,0,genuine,False
/kaggle/input/datasets/matteocarnebella/cedar-signatures/signatures/signatures_33/forgeries_33_13.png,forgeries_33_13.png,forged,1,writer_33,writer_33_sample_13,.png,MobileNetV2_FineTuned,0.37816817,0,genuine,False
/kaggle/input/datasets/matteocarnebella/cedar-signatures/signatures/signatures_33/forgeries_33_24.png,forgeries_33_24.png,forged,1,writer_33,writer_33_sample_24,.png,MobileNetV2_FineTuned,0.29969278,0,genuine,False
/kaggle/input/datasets/matteocarnebella/cedar-signatures/signatures/signatures_33/original_33_18.png,original_33_18.png,genuine,0,writer_33,writer_33_sample_18,.png,MobileNetV2_FineTuned,0.26281157,0,genuine,True
/kaggle/input/datasets/matteocarnebella/cedar-signatures/signatures/signatures_33/original_33_3.png,original_33_3.png,genuine,0,writer_33,writer_33_sample_3,.png,MobileNetV2_FineTuned,0.22240491,0,genuine,True
/kaggle/input/datasets/matteocarnebella/cedar-signatures/signatures/signatures_33/original_33_19.png,original_33_19.png,genuine,0,writer_33,writer_33_sample_19,.png,MobileNetV2_FineTuned,0.19723019,0,genuine,True
/kaggle/input/datasets/matteocarnebella/cedar-signatures/signatures/signatures_33/original_33_11.png,original_33_11.png,genuine,0,writer_33,writer_33_sample_11,.png,MobileNetV2_FineTuned,0.21154305,0,genuine,True
/kaggle/input/datasets/matteocarnebella/cedar-signatures/signatures/signatures_33/original_33_20.png,original_33_20.png,genuine,0,writer_33,writer_33_sample_20,.png,MobileNetV2_FineTuned,0.24049991,0,genuine,True
/kaggle/input/datasets/matteocarnebella/cedar-signatures/signatures/signatures_33/original_33_13.png,original_33_13.png,genuine,0,writer_33,writer_33_sample_13,.png,MobileNetV2_FineTuned,0.19241764,0,genuine,True
/kaggle/input/datasets/matteocarnebella/cedar-signatures/signatures/signatures_33/forgeries_33_15.png,forgeries_33_15.png,forged,1,writer_33,writer_33_sample_15,.png,MobileNetV2_FineTuned,0.26101953,0,genuine,False
/kaggle/input/datasets/matteocarnebella/cedar-signatures/signatures/signatures_33/original_33_24.png,original_33_24.png,genuine,0,writer_33,writer_33_sample_24,.png,MobileNetV2_FineTuned,0.1922922,0,genuine,True
/kaggle/input/datasets/matteocarnebella/cedar-signatures/signatures/signatures_33/original_33_7.png,original_33_7.png,genuine,0,writer_33,writer_33_sample_7,.png,MobileNetV2_FineTuned,0.16865695,0,genuine,True
/kaggle/input/datasets/matteocarnebella/cedar-signatures/signatures/signatures_33/forgeries_33_21.png,forgeries_33_21.png,forged,1,writer_33,writer_33_sample_21,.png,MobileNetV2_FineTuned,0.32264805,0,genuine,False
/kaggle/input/datasets/matteocarnebella/cedar-signatures/signatures/signatures_33/original_33_5.png,original_33_5.png,genuine,0,writer_33,writer_33_sample_5,.png,MobileNetV2_FineTuned,0.20439054,0,genuine,True
/kaggle/input/datasets/matteocarnebella/cedar-signatures/signatures/signatures_33/original_33_22.png,original_33_22.png,genuine,0,writer_33,writer_33_sample_22,.png,MobileNetV2_FineTuned,0.17505574,0,genuine,True
/kaggle/input/datasets/matteocarnebella/cedar-signatures/signatures/signatures_33/forgeries_33_17.png,forgeries_33_17.png,forged,1,writer_33,writer_33_sample_17,.png,MobileNetV2_FineTuned,0.33276466,0,genuine,False
/kaggle/input/datasets/matteocarnebella/cedar-signatures/signatures/signatures_33/forgeries_33_18.png,forgeries_33_18.png,forged,1,writer_33,writer_33_sample_18,.png,MobileNetV2_FineTuned,0.2958501,0,genuine,False
/kaggle/input/datasets/matteocarnebella/cedar-signatures/signatures/signatures_33/original_33_1.png,original_33_1.png,genuine,0,writer_33,writer_33_sample_1,.png,MobileNetV2_FineTuned,0.28124595,0,genuine,True
/kaggle/input/datasets/matteocarnebella/cedar-signatures/signatures/signatures_33/forgeries_33_7.png,forgeries_33_7.png,forged,1,writer_33,writer_33_sample_7,.png,MobileNetV2_FineTuned,0.3465329,0,genuine,False
/kaggle/input/datasets/matteocarnebella/cedar-signatures/signatures/signatures_33/original_33_8.png,original_33_8.png,genuine,0,writer_33,writer_33_sample_8,.png,MobileNetV2_FineTuned,0.20979924,0,genuine,True
/kaggle/input/datasets/matteocarnebella/cedar-signatures/signatures/signatures_33/forgeries_33_3.png,forgeries_33_3.png,forged,1,writer_33,writer_33_sample_3,.png,MobileNetV2_FineTuned,0.4367812,0,genuine,False
/kaggle/input/datasets/matteocarnebella/cedar-signatures/signatures/signatures_33/forgeries_33_11.png,forgeries_33_11.png,forged,1,writer_33,writer_33_sample_11,.png,MobileNetV2_FineTuned,0.23981333,0,genuine,False
/kaggle/input/datasets/matteocarnebella/cedar-signatures/signatures/signatures_33/original_33_14.png,original_33_14.png,genuine,0,writer_33,writer_33_sample_14,.png,MobileNetV2_FineTuned,0.1866554,0,genuine,True
/kaggle/input/datasets/matteocarnebella/cedar-signatures/signatures/signatures_33/original_33_23.png,original_33_23.png,genuine,0,writer_33,writer_33_sample_23,.png,MobileNetV2_FineTuned,0.24970849,0,genuine,True
/kaggle/input/datasets/matteocarnebella/cedar-signatures/signatures/signatures_33/forgeries_33_8.png,forgeries_33_8.png,forged,1,writer_33,writer_33_sample_8,.png,MobileNetV2_FineTuned,0.44371802,0,genuine,False
/kaggle/input/datasets/matteocarnebella/cedar-signatures/signatures/signatures_33/original_33_21.png,original_33_21.png,genuine,0,writer_33,writer_33_sample_21,.png,MobileNetV2_FineTuned,0.22670631,0,genuine,True
/kaggle/input/datasets/matteocarnebella/cedar-signatures/signatures/signatures_33/forgeries_33_9.png,forgeries_33_9.png,forged,1,writer_33,writer_33_sample_9,.png,MobileNetV2_FineTuned,0.14450064,0,genuine,False
/kaggle/input/datasets/matteocarnebella/cedar-signatures/signatures/signatures_33/original_33_2.png,original_33_2.png,genuine,0,writer_33,writer_33_sample_2,.png,MobileNetV2_FineTuned,0.22568321,0,genuine,True
/kaggle/input/datasets/matteocarnebella/cedar-signatures/signatures/signatures_33/forgeries_33_22.png,forgeries_33_22.png,forged,1,writer_33,writer_33_sample_22,.png,MobileNetV2_FineTuned,0.4685457,0,genuine,False
/kaggle/input/datasets/matteocarnebella/cedar-signatures/signatures/signatures_33/forgeries_33_23.png,forgeries_33_23.png,forged,1,writer_33,writer_33_sample_23,.png,MobileNetV2_FineTuned,0.39480612,0,genuine,False
/kaggle/input/datasets/matteocarnebella/cedar-signatures/signatures/signatures_33/original_33_10.png,original_33_10.png,genuine,0,writer_33,writer_33_sample_10,.png,MobileNetV2_FineTuned,0.19573246,0,genuine,True
/kaggle/input/datasets/matteocarnebella/cedar-signatures/signatures/signatures_33/forgeries_33_6.png,forgeries_33_6.png,forged,1,writer_33,writer_33_sample_6,.png,MobileNetV2_FineTuned,0.3605786,0,genuine,False
/kaggle/input/datasets/matteocarnebella/cedar-signatures/signatures/signatures_33/original_33_6.png,original_33_6.png,genuine,0,writer_33,writer_33_sample_6,.png,MobileNetV2_FineTuned,0.20934196,0,genuine,True
/kaggle/input/datasets/matteocarnebella/cedar-signatures/signatures/signatures_33/original_33_12.png,original_33_12.png,genuine,0,writer_33,writer_33_sample_12,.png,MobileNetV2_FineTuned,0.25908327,0,genuine,True
/kaggle/input/datasets/matteocarnebella/cedar-signatures/signatures/signatures_33/forgeries_33_2.png,forgeries_33_2.png,forged,1,writer_33,writer_33_sample_2,.png,MobileNetV2_FineTuned,0.33253178,0,genuine,False
/kaggle/input/datasets/matteocarnebella/cedar-signatures/signatures/signatures_33/original_33_16.png,original_33_16.png,genuine,0,writer_33,writer_33_sample_16,.png,MobileNetV2_FineTuned,0.26506206,0,genuine,True
/kaggle/input/datasets/matteocarnebella/cedar-signatures/signatures/signatures_33/forgeries_33_10.png,forgeries_33_10.png,forged,1,writer_33,writer_33_sample_10,.png,MobileNetV2_FineTuned,0.48274085,0,genuine,False
/kaggle/input/datasets/matteocarnebella/cedar-signatures/signatures/signatures_33/forgeries_33_1.png,forgeries_33_1.png,forged,1,writer_33,writer_33_sample_1,.png,MobileNetV2_FineTuned,0.42507946,0,genuine,False
/kaggle/input/datasets/matteocarnebella/cedar-signatures/signatures/signatures_33/forgeries_33_19.png,forgeries_33_19.png,forged,1,writer_33,writer_33_sample_19,.png,MobileNetV2_FineTuned,0.40666977,0,genuine,False
/kaggle/input/datasets/matteocarnebella/cedar-signatures/signatures/signatures_33/forgeries_33_16.png,forgeries_33_16.png,forged,1,writer_33,writer_33_sample_16,.png,MobileNetV2_FineTuned,0.24809565,0,genuine,False
/kaggle/input/datasets/matteocarnebella/cedar-signatures/signatures/signatures_33/forgeries_33_12.png,forgeries_33_12.png,forged,1,writer_33,writer_33_sample_12,.png,MobileNetV2_FineTuned,0.51052725,1,forged,True
/kaggle/input/datasets/matteocarnebella/cedar-signatures/signatures/signatures_15/forgeries_15_24.png,forgeries_15_24.png,forged,1,writer_15,writer_15_sample_24,.png,MobileNetV2_FineTuned,0.8026801,1,forged,True
/kaggle/input/datasets/matteocarnebella/cedar-signatures/signatures/signatures_15/original_15_6.png,original_15_6.png,genuine,0,writer_15,writer_15_sample_6,.png,MobileNetV2_FineTuned,0.21100193,0,genuine,True
/kaggle/input/datasets/matteocarnebella/cedar-signatures/signatures/signatures_15/forgeries_15_22.png,forgeries_15_22.png,forged,1,writer_15,writer_15_sample_22,.png,MobileNetV2_FineTuned,0.83386505,1,forged,True
/kaggle/input/datasets/matteocarnebella/cedar-signatures/signatures/signatures_15/original_15_7.png,original_15_7.png,genuine,0,writer_15,writer_15_sample_7,.png,MobileNetV2_FineTuned,0.2677906,0,genuine,True
/kaggle/input/datasets/matteocarnebella/cedar-signatures/signatures/signatures_15/forgeries_15_3.png,forgeries_15_3.png,forged,1,writer_15,writer_15_sample_3,.png,MobileNetV2_FineTuned,0.8149816,1,forged,True
/kaggle/input/datasets/matteocarnebella/cedar-signatures/signatures/signatures_15/forgeries_15_2.png,forgeries_15_2.png,forged,1,writer_15,writer_15_sample_2,.png,MobileNetV2_FineTuned,0.8965041,1,forged,True
/kaggle/input/datasets/matteocarnebella/cedar-signatures/signatures/signatures_15/forgeries_15_21.png,forgeries_15_21.png,forged,1,writer_15,writer_15_sample_21,.png,MobileNetV2_FineTuned,0.80764645,1,forged,True
/kaggle/input/datasets/matteocarnebella/cedar-signatures/signatures/signatures_15/original_15_15.png,original_15_15.png,genuine,0,writer_15,writer_15_sample_15,.png,MobileNetV2_FineTuned,0.24559645,0,genuine,True
/kaggle/input/datasets/matteocarnebella/cedar-signatures/signatures/signatures_15/forgeries_15_8.png,forgeries_15_8.png,forged,1,writer_15,writer_15_sample_8,.png,MobileNetV2_FineTuned,0.86114234,1,forged,True
/kaggle/input/datasets/matteocarnebella/cedar-signatures/signatures/signatures_15/forgeries_15_1.png,forgeries_15_1.png,forged,1,writer_15,writer_15_sample_1,.png,MobileNetV2_FineTuned,0.73907554,1,forged,True
/kaggle/input/datasets/matteocarnebella/cedar-signatures/signatures/signatures_15/original_15_11.png,original_15_11.png,genuine,0,writer_15,writer_15_sample_11,.png,MobileNetV2_FineTuned,0.17903535,0,genuine,True
/kaggle/input/datasets/matteocarnebella/cedar-signatures/signatures/signatures_15/forgeries_15_13.png,forgeries_15_13.png,forged,1,writer_15,writer_15_sample_13,.png,MobileNetV2_FineTuned,0.84112746,1,forged,True
/kaggle/input/datasets/matteocarnebella/cedar-signatures/signatures/signatures_15/forgeries_15_10.png,forgeries_15_10.png,forged,1,writer_15,writer_15_sample_10,.png,MobileNetV2_FineTuned,0.84040225,1,forged,True
/kaggle/input/datasets/matteocarnebella/cedar-signatures/signatures/signatures_15/forgeries_15_18.png,forgeries_15_18.png,forged,1,writer_15,writer_15_sample_18,.png,MobileNetV2_FineTuned,0.8848286,1,forged,True
/kaggle/input/datasets/matteocarnebella/cedar-signatures/signatures/signatures_15/original_15_22.png,original_15_22.png,genuine,0,writer_15,writer_15_sample_22,.png,MobileNetV2_FineTuned,0.21657224,0,genuine,True
/kaggle/input/datasets/matteocarnebella/cedar-signatures/signatures/signatures_15/forgeries_15_6.png,forgeries_15_6.png,forged,1,writer_15,writer_15_sample_6,.png,MobileNetV2_FineTuned,0.8638189,1,forged,True
/kaggle/input/datasets/matteocarnebella/cedar-signatures/signatures/signatures_15/forgeries_15_9.png,forgeries_15_9.png,forged,1,writer_15,writer_15_sample_9,.png,MobileNetV2_FineTuned,0.74176687,1,forged,True
/kaggle/input/datasets/matteocarnebella/cedar-signatures/signatures/signatures_15/forgeries_15_7.png,forgeries_15_7.png,forged,1,writer_15,writer_15_sample_7,.png,MobileNetV2_FineTuned,0.8443506,1,forged,True
/kaggle/input/datasets/matteocarnebella/cedar-signatures/signatures/signatures_15/original_15_23.png,original_15_23.png,genuine,0,writer_15,writer_15_sample_23,.png,MobileNetV2_FineTuned,0.20985419,0,genuine,True
/kaggle/input/datasets/matteocarnebella/cedar-signatures/signatures/signatures_15/forgeries_15_14.png,forgeries_15_14.png,forged,1,writer_15,writer_15_sample_14,.png,MobileNetV2_FineTuned,0.84199476,1,forged,True
/kaggle/input/datasets/matteocarnebella/cedar-signatures/signatures/signatures_15/original_15_4.png,original_15_4.png,genuine,0,writer_15,writer_15_sample_4,.png,MobileNetV2_FineTuned,0.24829768,0,genuine,True
/kaggle/input/datasets/matteocarnebella/cedar-signatures/signatures/signatures_15/original_15_5.png,original_15_5.png,genuine,0,writer_15,writer_15_sample_5,.png,MobileNetV2_FineTuned,0.24578792,0,genuine,True
/kaggle/input/datasets/matteocarnebella/cedar-signatures/signatures/signatures_15/original_15_2.png,original_15_2.png,genuine,0,writer_15,writer_15_sample_2,.png,MobileNetV2_FineTuned,0.1819899,0,genuine,True
/kaggle/input/datasets/matteocarnebella/cedar-signatures/signatures/signatures_15/forgeries_15_15.png,forgeries_15_15.png,forged,1,writer_15,writer_15_sample_15,.png,MobileNetV2_FineTuned,0.8912712,1,forged,True
/kaggle/input/datasets/matteocarnebella/cedar-signatures/signatures/signatures_15/original_15_9.png,original_15_9.png,genuine,0,writer_15,writer_15_sample_9,.png,MobileNetV2_FineTuned,0.27082562,0,genuine,True
/kaggle/input/datasets/matteocarnebella/cedar-signatures/signatures/signatures_15/forgeries_15_20.png,forgeries_15_20.png,forged,1,writer_15,writer_15_sample_20,.png,MobileNetV2_FineTuned,0.7680128,1,forged,True
/kaggle/input/datasets/matteocarnebella/cedar-signatures/signatures/signatures_15/original_15_19.png,original_15_19.png,genuine,0,writer_15,writer_15_sample_19,.png,MobileNetV2_FineTuned,0.39187276,0,genuine,True
/kaggle/input/datasets/matteocarnebella/cedar-signatures/signatures/signatures_15/forgeries_15_19.png,forgeries_15_19.png,forged,1,writer_15,writer_15_sample_19,.png,MobileNetV2_FineTuned,0.8091711,1,forged,True
/kaggle/input/datasets/matteocarnebella/cedar-signatures/signatures/signatures_15/original_15_8.png,original_15_8.png,genuine,0,writer_15,writer_15_sample_8,.png,MobileNetV2_FineTuned,0.22415137,0,genuine,True
/kaggle/input/datasets/matteocarnebella/cedar-signatures/signatures/signatures_15/original_15_17.png,original_15_17.png,genuine,0,writer_15,writer_15_sample_17,.png,MobileNetV2_FineTuned,0.27160123,0,genuine,True
/kaggle/input/datasets/matteocarnebella/cedar-signatures/signatures/signatures_15/original_15_14.png,original_15_14.png,genuine,0,writer_15,writer_15_sample_14,.png,MobileNetV2_FineTuned,0.16804118,0,genuine,True
/kaggle/input/datasets/matteocarnebella/cedar-signatures/signatures/signatures_15/original_15_13.png,original_15_13.png,genuine,0,writer_15,writer_15_sample_13,.png,MobileNetV2_FineTuned,0.14928578,0,genuine,True
/kaggle/input/datasets/matteocarnebella/cedar-signatures/signatures/signatures_15/original_15_10.png,original_15_10.png,genuine,0,writer_15,writer_15_sample_10,.png,MobileNetV2_FineTuned,0.20677714,0,genuine,True
/kaggle/input/datasets/matteocarnebella/cedar-signatures/signatures/signatures_15/forgeries_15_17.png,forgeries_15_17.png,forged,1,writer_15,writer_15_sample_17,.png,MobileNetV2_FineTuned,0.7164684,1,forged,True
/kaggle/input/datasets/matteocarnebella/cedar-signatures/signatures/signatures_15/original_15_24.png,original_15_24.png,genuine,0,writer_15,writer_15_sample_24,.png,MobileNetV2_FineTuned,0.37936625,0,genuine,True
/kaggle/input/datasets/matteocarnebella/cedar-signatures/signatures/signatures_15/forgeries_15_16.png,forgeries_15_16.png,forged,1,writer_15,writer_15_sample_16,.png,MobileNetV2_FineTuned,0.7580779,1,forged,True
/kaggle/input/datasets/matteocarnebella/cedar-signatures/signatures/signatures_15/original_15_21.png,original_15_21.png,genuine,0,writer_15,writer_15_sample_21,.png,MobileNetV2_FineTuned,0.32613263,0,genuine,True
/kaggle/input/datasets/matteocarnebella/cedar-signatures/signatures/signatures_15/forgeries_15_5.png,forgeries_15_5.png,forged,1,writer_15,writer_15_sample_5,.png,MobileNetV2_FineTuned,0.8796074,1,forged,True
/kaggle/input/datasets/matteocarnebella/cedar-signatures/signatures/signatures_15/original_15_20.png,original_15_20.png,genuine,0,writer_15,writer_15_sample_20,.png,MobileNetV2_FineTuned,0.26975855,0,genuine,True
/kaggle/input/datasets/matteocarnebella/cedar-signatures/signatures/signatures_15/original_15_16.png,original_15_16.png,genuine,0,writer_15,writer_15_sample_16,.png,MobileNetV2_FineTuned,0.18431455,0,genuine,True
/kaggle/input/datasets/matteocarnebella/cedar-signatures/signatures/signatures_15/forgeries_15_12.png,forgeries_15_12.png,forged,1,writer_15,writer_15_sample_12,.png,MobileNetV2_FineTuned,0.6123465,1,forged,True
/kaggle/input/datasets/matteocarnebella/cedar-signatures/signatures/signatures_15/original_15_18.png,original_15_18.png,genuine,0,writer_15,writer_15_sample_18,.png,MobileNetV2_FineTuned,0.22927442,0,genuine,True
/kaggle/input/datasets/matteocarnebella/cedar-signatures/signatures/signatures_15/original_15_3.png,original_15_3.png,genuine,0,writer_15,writer_15_sample_3,.png,MobileNetV2_FineTuned,0.2414173,0,genuine,True
/kaggle/input/datasets/matteocarnebella/cedar-signatures/signatures/signatures_15/original_15_12.png,original_15_12.png,genuine,0,writer_15,writer_15_sample_12,.png,MobileNetV2_FineTuned,0.26495278,0,genuine,True
/kaggle/input/datasets/matteocarnebella/cedar-signatures/signatures/signatures_15/forgeries_15_4.png,forgeries_15_4.png,forged,1,writer_15,writer_15_sample_4,.png,MobileNetV2_FineTuned,0.8491,1,forged,True
/kaggle/input/datasets/matteocarnebella/cedar-signatures/signatures/signatures_15/forgeries_15_11.png,forgeries_15_11.png,forged,1,writer_15,writer_15_sample_11,.png,MobileNetV2_FineTuned,0.6066752,1,forged,True
/kaggle/input/datasets/matteocarnebella/cedar-signatures/signatures/signatures_15/original_15_1.png,original_15_1.png,genuine,0,writer_15,writer_15_sample_1,.png,MobileNetV2_FineTuned,0.3047813,0,genuine,True
/kaggle/input/datasets/matteocarnebella/cedar-signatures/signatures/signatures_15/forgeries_15_23.png,forgeries_15_23.png,forged,1,writer_15,writer_15_sample_23,.png,MobileNetV2_FineTuned,0.8620385,1,forged,True
/kaggle/input/datasets/matteocarnebella/cedar-signatures/signatures/signatures_4/forgeries_4_17.png,forgeries_4_17.png,forged,1,writer_4,writer_4_sample_17,.png,MobileNetV2_FineTuned,0.50983256,1,forged,True
/kaggle/input/datasets/matteocarnebella/cedar-signatures/signatures/signatures_4/original_4_3.png,original_4_3.png,genuine,0,writer_4,writer_4_sample_3,.png,MobileNetV2_FineTuned,0.3699198,0,genuine,True
/kaggle/input/datasets/matteocarnebella/cedar-signatures/signatures/signatures_4/forgeries_4_9.png,forgeries_4_9.png,forged,1,writer_4,writer_4_sample_9,.png,MobileNetV2_FineTuned,0.4547823,0,genuine,False
/kaggle/input/datasets/matteocarnebella/cedar-signatures/signatures/signatures_4/original_4_12.png,original_4_12.png,genuine,0,writer_4,writer_4_sample_12,.png,MobileNetV2_FineTuned,0.64337045,1,forged,False
/kaggle/input/datasets/matteocarnebella/cedar-signatures/signatures/signatures_4/original_4_10.png,original_4_10.png,genuine,0,writer_4,writer_4_sample_10,.png,MobileNetV2_FineTuned,0.21608108,0,genuine,True
/kaggle/input/datasets/matteocarnebella/cedar-signatures/signatures/signatures_4/forgeries_4_16.png,forgeries_4_16.png,forged,1,writer_4,writer_4_sample_16,.png,MobileNetV2_FineTuned,0.7074735,1,forged,True
/kaggle/input/datasets/matteocarnebella/cedar-signatures/signatures/signatures_4/original_4_11.png,original_4_11.png,genuine,0,writer_4,writer_4_sample_11,.png,MobileNetV2_FineTuned,0.35152468,0,genuine,True
/kaggle/input/datasets/matteocarnebella/cedar-signatures/signatures/signatures_4/forgeries_4_2.png,forgeries_4_2.png,forged,1,writer_4,writer_4_sample_2,.png,MobileNetV2_FineTuned,0.60269606,1,forged,True
/kaggle/input/datasets/matteocarnebella/cedar-signatures/signatures/signatures_4/forgeries_4_1.png,forgeries_4_1.png,forged,1,writer_4,writer_4_sample_1,.png,MobileNetV2_FineTuned,0.6671049,1,forged,True
/kaggle/input/datasets/matteocarnebella/cedar-signatures/signatures/signatures_4/original_4_9.png,original_4_9.png,genuine,0,writer_4,writer_4_sample_9,.png,MobileNetV2_FineTuned,0.24888304,0,genuine,True
/kaggle/input/datasets/matteocarnebella/cedar-signatures/signatures/signatures_4/forgeries_4_18.png,forgeries_4_18.png,forged,1,writer_4,writer_4_sample_18,.png,MobileNetV2_FineTuned,0.2903942,0,genuine,False
/kaggle/input/datasets/matteocarnebella/cedar-signatures/signatures/signatures_4/original_4_24.png,original_4_24.png,genuine,0,writer_4,writer_4_sample_24,.png,MobileNetV2_FineTuned,0.3555876,0,genuine,True
/kaggle/input/datasets/matteocarnebella/cedar-signatures/signatures/signatures_4/original_4_19.png,original_4_19.png,genuine,0,writer_4,writer_4_sample_19,.png,MobileNetV2_FineTuned,0.3652649,0,genuine,True
/kaggle/input/datasets/matteocarnebella/cedar-signatures/signatures/signatures_4/original_4_13.png,original_4_13.png,genuine,0,writer_4,writer_4_sample_13,.png,MobileNetV2_FineTuned,0.2835152,0,genuine,True
/kaggle/input/datasets/matteocarnebella/cedar-signatures/signatures/signatures_4/original_4_23.png,original_4_23.png,genuine,0,writer_4,writer_4_sample_23,.png,MobileNetV2_FineTuned,0.3180566,0,genuine,True
/kaggle/input/datasets/matteocarnebella/cedar-signatures/signatures/signatures_4/forgeries_4_10.png,forgeries_4_10.png,forged,1,writer_4,writer_4_sample_10,.png,MobileNetV2_FineTuned,0.30750236,0,genuine,False
/kaggle/input/datasets/matteocarnebella/cedar-signatures/signatures/signatures_4/forgeries_4_4.png,forgeries_4_4.png,forged,1,writer_4,writer_4_sample_4,.png,MobileNetV2_FineTuned,0.45099965,0,genuine,False
/kaggle/input/datasets/matteocarnebella/cedar-signatures/signatures/signatures_4/original_4_7.png,original_4_7.png,genuine,0,writer_4,writer_4_sample_7,.png,MobileNetV2_FineTuned,0.27303293,0,genuine,True
/kaggle/input/datasets/matteocarnebella/cedar-signatures/signatures/signatures_4/original_4_6.png,original_4_6.png,genuine,0,writer_4,writer_4_sample_6,.png,MobileNetV2_FineTuned,0.33707815,0,genuine,True
/kaggle/input/datasets/matteocarnebella/cedar-signatures/signatures/signatures_4/forgeries_4_23.png,forgeries_4_23.png,forged,1,writer_4,writer_4_sample_23,.png,MobileNetV2_FineTuned,0.41068345,0,genuine,False
/kaggle/input/datasets/matteocarnebella/cedar-signatures/signatures/signatures_4/forgeries_4_3.png,forgeries_4_3.png,forged,1,writer_4,writer_4_sample_3,.png,MobileNetV2_FineTuned,0.46219566,0,genuine,False
/kaggle/input/datasets/matteocarnebella/cedar-signatures/signatures/signatures_4/forgeries_4_6.png,forgeries_4_6.png,forged,1,writer_4,writer_4_sample_6,.png,MobileNetV2_FineTuned,0.66848695,1,forged,True
/kaggle/input/datasets/matteocarnebella/cedar-signatures/signatures/signatures_4/original_4_5.png,original_4_5.png,genuine,0,writer_4,writer_4_sample_5,.png,MobileNetV2_FineTuned,0.5815199,1,forged,False
/kaggle/input/datasets/matteocarnebella/cedar-signatures/signatures/signatures_4/forgeries_4_22.png,forgeries_4_22.png,forged,1,writer_4,writer_4_sample_22,.png,MobileNetV2_FineTuned,0.63811934,1,forged,True
/kaggle/input/datasets/matteocarnebella/cedar-signatures/signatures/signatures_4/forgeries_4_19.png,forgeries_4_19.png,forged,1,writer_4,writer_4_sample_19,.png,MobileNetV2_FineTuned,0.53261733,1,forged,True
/kaggle/input/datasets/matteocarnebella/cedar-signatures/signatures/signatures_4/forgeries_4_11.png,forgeries_4_11.png,forged,1,writer_4,writer_4_sample_11,.png,MobileNetV2_FineTuned,0.63012964,1,forged,True
/kaggle/input/datasets/matteocarnebella/cedar-signatures/signatures/signatures_4/original_4_18.png,original_4_18.png,genuine,0,writer_4,writer_4_sample_18,.png,MobileNetV2_FineTuned,0.34663785,0,genuine,True
/kaggle/input/datasets/matteocarnebella/cedar-signatures/signatures/signatures_4/forgeries_4_14.png,forgeries_4_14.png,forged,1,writer_4,writer_4_sample_14,.png,MobileNetV2_FineTuned,0.57833123,1,forged,True
/kaggle/input/datasets/matteocarnebella/cedar-signatures/signatures/signatures_4/forgeries_4_5.png,forgeries_4_5.png,forged,1,writer_4,writer_4_sample_5,.png,MobileNetV2_FineTuned,0.7038442,1,forged,True
/kaggle/input/datasets/matteocarnebella/cedar-signatures/signatures/signatures_4/original_4_16.png,original_4_16.png,genuine,0,writer_4,writer_4_sample_16,.png,MobileNetV2_FineTuned,0.36401203,0,genuine,True
/kaggle/input/datasets/matteocarnebella/cedar-signatures/signatures/signatures_4/forgeries_4_15.png,forgeries_4_15.png,forged,1,writer_4,writer_4_sample_15,.png,MobileNetV2_FineTuned,0.48787758,0,genuine,False
/kaggle/input/datasets/matteocarnebella/cedar-signatures/signatures/signatures_4/original_4_1.png,original_4_1.png,genuine,0,writer_4,writer_4_sample_1,.png,MobileNetV2_FineTuned,0.34217966,0,genuine,True
/kaggle/input/datasets/matteocarnebella/cedar-signatures/signatures/signatures_4/original_4_4.png,original_4_4.png,genuine,0,writer_4,writer_4_sample_4,.png,MobileNetV2_FineTuned,0.24877971,0,genuine,True
/kaggle/input/datasets/matteocarnebella/cedar-signatures/signatures/signatures_4/original_4_20.png,original_4_20.png,genuine,0,writer_4,writer_4_sample_20,.png,MobileNetV2_FineTuned,0.36499858,0,genuine,True
/kaggle/input/datasets/matteocarnebella/cedar-signatures/signatures/signatures_4/original_4_14.png,original_4_14.png,genuine,0,writer_4,writer_4_sample_14,.png,MobileNetV2_FineTuned,0.19516425,0,genuine,True
/kaggle/input/datasets/matteocarnebella/cedar-signatures/signatures/signatures_4/original_4_15.png,original_4_15.png,genuine,0,writer_4,writer_4_sample_15,.png,MobileNetV2_FineTuned,0.27256387,0,genuine,True
/kaggle/input/datasets/matteocarnebella/cedar-signatures/signatures/signatures_4/original_4_8.png,original_4_8.png,genuine,0,writer_4,writer_4_sample_8,.png,MobileNetV2_FineTuned,0.45661572,0,genuine,True
/kaggle/input/datasets/matteocarnebella/cedar-signatures/signatures/signatures_4/forgeries_4_13.png,forgeries_4_13.png,forged,1,writer_4,writer_4_sample_13,.png,MobileNetV2_FineTuned,0.7520522,1,forged,True
/kaggle/input/datasets/matteocarnebella/cedar-signatures/signatures/signatures_4/forgeries_4_20.png,forgeries_4_20.png,forged,1,writer_4,writer_4_sample_20,.png,MobileNetV2_FineTuned,0.3844247,0,genuine,False
/kaggle/input/datasets/matteocarnebella/cedar-signatures/signatures/signatures_4/forgeries_4_8.png,forgeries_4_8.png,forged,1,writer_4,writer_4_sample_8,.png,MobileNetV2_FineTuned,0.38558984,0,genuine,False
/kaggle/input/datasets/matteocarnebella/cedar-signatures/signatures/signatures_4/original_4_2.png,original_4_2.png,genuine,0,writer_4,writer_4_sample_2,.png,MobileNetV2_FineTuned,0.21652594,0,genuine,True
/kaggle/input/datasets/matteocarnebella/cedar-signatures/signatures/signatures_4/original_4_21.png,original_4_21.png,genuine,0,writer_4,writer_4_sample_21,.png,MobileNetV2_FineTuned,0.24578129,0,genuine,True
/kaggle/input/datasets/matteocarnebella/cedar-signatures/signatures/signatures_4/original_4_17.png,original_4_17.png,genuine,0,writer_4,writer_4_sample_17,.png,MobileNetV2_FineTuned,0.2390968,0,genuine,True
/kaggle/input/datasets/matteocarnebella/cedar-signatures/signatures/signatures_4/forgeries_4_21.png,forgeries_4_21.png,forged,1,writer_4,writer_4_sample_21,.png,MobileNetV2_FineTuned,0.45436585,0,genuine,False
/kaggle/input/datasets/matteocarnebella/cedar-signatures/signatures/signatures_4/original_4_22.png,original_4_22.png,genuine,0,writer_4,writer_4_sample_22,.png,MobileNetV2_FineTuned,0.19621782,0,genuine,True
/kaggle/input/datasets/matteocarnebella/cedar-signatures/signatures/signatures_4/forgeries_4_12.png,forgeries_4_12.png,forged,1,writer_4,writer_4_sample_12,.png,MobileNetV2_FineTuned,0.5725337,1,forged,True
/kaggle/input/datasets/matteocarnebella/cedar-signatures/signatures/signatures_4/forgeries_4_7.png,forgeries_4_7.png,forged,1,writer_4,writer_4_sample_7,.png,MobileNetV2_FineTuned,0.42159206,0,genuine,False
/kaggle/input/datasets/matteocarnebella/cedar-signatures/signatures/signatures_4/forgeries_4_24.png,forgeries_4_24.png,forged,1,writer_4,writer_4_sample_24,.png,MobileNetV2_FineTuned,0.50613517,1,forged,True
/kaggle/input/datasets/matteocarnebella/cedar-signatures/signatures/signatures_14/forgeries_14_1.png,forgeries_14_1.png,forged,1,writer_14,writer_14_sample_1,.png,MobileNetV2_FineTuned,0.31378898,0,genuine,False
/kaggle/input/datasets/matteocarnebella/cedar-signatures/signatures/signatures_14/original_14_10.png,original_14_10.png,genuine,0,writer_14,writer_14_sample_10,.png,MobileNetV2_FineTuned,0.3227792,0,genuine,True
/kaggle/input/datasets/matteocarnebella/cedar-signatures/signatures/signatures_14/forgeries_14_6.png,forgeries_14_6.png,forged,1,writer_14,writer_14_sample_6,.png,MobileNetV2_FineTuned,0.4233385,0,genuine,False
/kaggle/input/datasets/matteocarnebella/cedar-signatures/signatures/signatures_14/forgeries_14_18.png,forgeries_14_18.png,forged,1,writer_14,writer_14_sample_18,.png,MobileNetV2_FineTuned,0.51635414,1,forged,True
/kaggle/input/datasets/matteocarnebella/cedar-signatures/signatures/signatures_14/forgeries_14_22.png,forgeries_14_22.png,forged,1,writer_14,writer_14_sample_22,.png,MobileNetV2_FineTuned,0.44953284,0,genuine,False
/kaggle/input/datasets/matteocarnebella/cedar-signatures/signatures/signatures_14/original_14_5.png,original_14_5.png,genuine,0,writer_14,writer_14_sample_5,.png,MobileNetV2_FineTuned,0.38070384,0,genuine,True
/kaggle/input/datasets/matteocarnebella/cedar-signatures/signatures/signatures_14/original_14_4.png,original_14_4.png,genuine,0,writer_14,writer_14_sample_4,.png,MobileNetV2_FineTuned,0.38013765,0,genuine,True
/kaggle/input/datasets/matteocarnebella/cedar-signatures/signatures/signatures_14/original_14_24.png,original_14_24.png,genuine,0,writer_14,writer_14_sample_24,.png,MobileNetV2_FineTuned,0.3587567,0,genuine,True
/kaggle/input/datasets/matteocarnebella/cedar-signatures/signatures/signatures_14/original_14_15.png,original_14_15.png,genuine,0,writer_14,writer_14_sample_15,.png,MobileNetV2_FineTuned,0.27095887,0,genuine,True
/kaggle/input/datasets/matteocarnebella/cedar-signatures/signatures/signatures_14/original_14_9.png,original_14_9.png,genuine,0,writer_14,writer_14_sample_9,.png,MobileNetV2_FineTuned,0.37777165,0,genuine,True
/kaggle/input/datasets/matteocarnebella/cedar-signatures/signatures/signatures_14/forgeries_14_10.png,forgeries_14_10.png,forged,1,writer_14,writer_14_sample_10,.png,MobileNetV2_FineTuned,0.5944005,1,forged,True
/kaggle/input/datasets/matteocarnebella/cedar-signatures/signatures/signatures_14/forgeries_14_16.png,forgeries_14_16.png,forged,1,writer_14,writer_14_sample_16,.png,MobileNetV2_FineTuned,0.60384077,1,forged,True
/kaggle/input/datasets/matteocarnebella/cedar-signatures/signatures/signatures_14/forgeries_14_14.png,forgeries_14_14.png,forged,1,writer_14,writer_14_sample_14,.png,MobileNetV2_FineTuned,0.30005908,0,genuine,False
/kaggle/input/datasets/matteocarnebella/cedar-signatures/signatures/signatures_14/forgeries_14_19.png,forgeries_14_19.png,forged,1,writer_14,writer_14_sample_19,.png,MobileNetV2_FineTuned,0.32679173,0,genuine,False
/kaggle/input/datasets/matteocarnebella/cedar-signatures/signatures/signatures_14/forgeries_14_24.png,forgeries_14_24.png,forged,1,writer_14,writer_14_sample_24,.png,MobileNetV2_FineTuned,0.24086723,0,genuine,False
/kaggle/input/datasets/matteocarnebella/cedar-signatures/signatures/signatures_14/original_14_21.png,original_14_21.png,genuine,0,writer_14,writer_14_sample_21,.png,MobileNetV2_FineTuned,0.18233702,0,genuine,True
/kaggle/input/datasets/matteocarnebella/cedar-signatures/signatures/signatures_14/forgeries_14_12.png,forgeries_14_12.png,forged,1,writer_14,writer_14_sample_12,.png,MobileNetV2_FineTuned,0.67247695,1,forged,True
/kaggle/input/datasets/matteocarnebella/cedar-signatures/signatures/signatures_14/original_14_6.png,original_14_6.png,genuine,0,writer_14,writer_14_sample_6,.png,MobileNetV2_FineTuned,0.28788334,0,genuine,True
/kaggle/input/datasets/matteocarnebella/cedar-signatures/signatures/signatures_14/forgeries_14_5.png,forgeries_14_5.png,forged,1,writer_14,writer_14_sample_5,.png,MobileNetV2_FineTuned,0.46780506,0,genuine,False
/kaggle/input/datasets/matteocarnebella/cedar-signatures/signatures/signatures_14/original_14_19.png,original_14_19.png,genuine,0,writer_14,writer_14_sample_19,.png,MobileNetV2_FineTuned,0.3043947,0,genuine,True
/kaggle/input/datasets/matteocarnebella/cedar-signatures/signatures/signatures_14/forgeries_14_11.png,forgeries_14_11.png,forged,1,writer_14,writer_14_sample_11,.png,MobileNetV2_FineTuned,0.5510903,1,forged,True
/kaggle/input/datasets/matteocarnebella/cedar-signatures/signatures/signatures_14/original_14_13.png,original_14_13.png,genuine,0,writer_14,writer_14_sample_13,.png,MobileNetV2_FineTuned,0.17044124,0,genuine,True
/kaggle/input/datasets/matteocarnebella/cedar-signatures/signatures/signatures_14/original_14_14.png,original_14_14.png,genuine,0,writer_14,writer_14_sample_14,.png,MobileNetV2_FineTuned,0.20059882,0,genuine,True
/kaggle/input/datasets/matteocarnebella/cedar-signatures/signatures/signatures_14/forgeries_14_3.png,forgeries_14_3.png,forged,1,writer_14,writer_14_sample_3,.png,MobileNetV2_FineTuned,0.6085587,1,forged,True
/kaggle/input/datasets/matteocarnebella/cedar-signatures/signatures/signatures_14/forgeries_14_21.png,forgeries_14_21.png,forged,1,writer_14,writer_14_sample_21,.png,MobileNetV2_FineTuned,0.47567615,0,genuine,False
/kaggle/input/datasets/matteocarnebella/cedar-signatures/signatures/signatures_14/original_14_1.png,original_14_1.png,genuine,0,writer_14,writer_14_sample_1,.png,MobileNetV2_FineTuned,0.30374032,0,genuine,True
/kaggle/input/datasets/matteocarnebella/cedar-signatures/signatures/signatures_14/original_14_20.png,original_14_20.png,genuine,0,writer_14,writer_14_sample_20,.png,MobileNetV2_FineTuned,0.19707192,0,genuine,True
/kaggle/input/datasets/matteocarnebella/cedar-signatures/signatures/signatures_14/original_14_3.png,original_14_3.png,genuine,0,writer_14,writer_14_sample_3,.png,MobileNetV2_FineTuned,0.33587897,0,genuine,True
/kaggle/input/datasets/matteocarnebella/cedar-signatures/signatures/signatures_14/original_14_18.png,original_14_18.png,genuine,0,writer_14,writer_14_sample_18,.png,MobileNetV2_FineTuned,0.33534408,0,genuine,True
/kaggle/input/datasets/matteocarnebella/cedar-signatures/signatures/signatures_14/forgeries_14_17.png,forgeries_14_17.png,forged,1,writer_14,writer_14_sample_17,.png,MobileNetV2_FineTuned,0.71837366,1,forged,True
/kaggle/input/datasets/matteocarnebella/cedar-signatures/signatures/signatures_14/original_14_17.png,original_14_17.png,genuine,0,writer_14,writer_14_sample_17,.png,MobileNetV2_FineTuned,0.30141017,0,genuine,True
/kaggle/input/datasets/matteocarnebella/cedar-signatures/signatures/signatures_14/forgeries_14_13.png,forgeries_14_13.png,forged,1,writer_14,writer_14_sample_13,.png,MobileNetV2_FineTuned,0.4897127,0,genuine,False
/kaggle/input/datasets/matteocarnebella/cedar-signatures/signatures/signatures_14/forgeries_14_23.png,forgeries_14_23.png,forged,1,writer_14,writer_14_sample_23,.png,MobileNetV2_FineTuned,0.5360674,1,forged,True
/kaggle/input/datasets/matteocarnebella/cedar-signatures/signatures/signatures_14/forgeries_14_15.png,forgeries_14_15.png,forged,1,writer_14,writer_14_sample_15,.png,MobileNetV2_FineTuned,0.49601725,0,genuine,False
/kaggle/input/datasets/matteocarnebella/cedar-signatures/signatures/signatures_14/original_14_8.png,original_14_8.png,genuine,0,writer_14,writer_14_sample_8,.png,MobileNetV2_FineTuned,0.4487438,0,genuine,True
/kaggle/input/datasets/matteocarnebella/cedar-signatures/signatures/signatures_14/forgeries_14_8.png,forgeries_14_8.png,forged,1,writer_14,writer_14_sample_8,.png,MobileNetV2_FineTuned,0.65791124,1,forged,True
/kaggle/input/datasets/matteocarnebella/cedar-signatures/signatures/signatures_14/forgeries_14_2.png,forgeries_14_2.png,forged,1,writer_14,writer_14_sample_2,.png,MobileNetV2_FineTuned,0.5800992,1,forged,True
/kaggle/input/datasets/matteocarnebella/cedar-signatures/signatures/signatures_14/original_14_16.png,original_14_16.png,genuine,0,writer_14,writer_14_sample_16,.png,MobileNetV2_FineTuned,0.19973746,0,genuine,True
/kaggle/input/datasets/matteocarnebella/cedar-signatures/signatures/signatures_14/forgeries_14_7.png,forgeries_14_7.png,forged,1,writer_14,writer_14_sample_7,.png,MobileNetV2_FineTuned,0.4427979,0,genuine,False
/kaggle/input/datasets/matteocarnebella/cedar-signatures/signatures/signatures_14/original_14_22.png,original_14_22.png,genuine,0,writer_14,writer_14_sample_22,.png,MobileNetV2_FineTuned,0.23472932,0,genuine,True
/kaggle/input/datasets/matteocarnebella/cedar-signatures/signatures/signatures_14/original_14_23.png,original_14_23.png,genuine,0,writer_14,writer_14_sample_23,.png,MobileNetV2_FineTuned,0.28886122,0,genuine,True
/kaggle/input/datasets/matteocarnebella/cedar-signatures/signatures/signatures_14/original_14_12.png,original_14_12.png,genuine,0,writer_14,writer_14_sample_12,.png,MobileNetV2_FineTuned,0.2873409,0,genuine,True
/kaggle/input/datasets/matteocarnebella/cedar-signatures/signatures/signatures_14/original_14_11.png,original_14_11.png,genuine,0,writer_14,writer_14_sample_11,.png,MobileNetV2_FineTuned,0.28702536,0,genuine,True
/kaggle/input/datasets/matteocarnebella/cedar-signatures/signatures/signatures_14/original_14_2.png,original_14_2.png,genuine,0,writer_14,writer_14_sample_2,.png,MobileNetV2_FineTuned,0.27850804,0,genuine,True
/kaggle/input/datasets/matteocarnebella/cedar-signatures/signatures/signatures_14/forgeries_14_9.png,forgeries_14_9.png,forged,1,writer_14,writer_14_sample_9,.png,MobileNetV2_FineTuned,0.45051628,0,genuine,False
/kaggle/input/datasets/matteocarnebella/cedar-signatures/signatures/signatures_14/original_14_7.png,original_14_7.png,genuine,0,writer_14,writer_14_sample_7,.png,MobileNetV2_FineTuned,0.2723147,0,genuine,True
/kaggle/input/datasets/matteocarnebella/cedar-signatures/signatures/signatures_14/forgeries_14_20.png,forgeries_14_20.png,forged,1,writer_14,writer_14_sample_20,.png,MobileNetV2_FineTuned,0.36360654,0,genuine,False
/kaggle/input/datasets/matteocarnebella/cedar-signatures/signatures/signatures_14/forgeries_14_4.png,forgeries_14_4.png,forged,1,writer_14,writer_14_sample_4,.png,MobileNetV2_FineTuned,0.28054413,0,genuine,False
/kaggle/input/datasets/matteocarnebella/cedar-signatures/signatures/signatures_21/original_21_14.png,original_21_14.png,genuine,0,writer_21,writer_21_sample_14,.png,MobileNetV2_FineTuned,0.37453246,0,genuine,True
/kaggle/input/datasets/matteocarnebella/cedar-signatures/signatures/signatures_21/original_21_5.png,original_21_5.png,genuine,0,writer_21,writer_21_sample_5,.png,MobileNetV2_FineTuned,0.21957861,0,genuine,True
/kaggle/input/datasets/matteocarnebella/cedar-signatures/signatures/signatures_21/forgeries_21_10.png,forgeries_21_10.png,forged,1,writer_21,writer_21_sample_10,.png,MobileNetV2_FineTuned,0.46812463,0,genuine,False
/kaggle/input/datasets/matteocarnebella/cedar-signatures/signatures/signatures_21/original_21_17.png,original_21_17.png,genuine,0,writer_21,writer_21_sample_17,.png,MobileNetV2_FineTuned,0.44718206,0,genuine,True
/kaggle/input/datasets/matteocarnebella/cedar-signatures/signatures/signatures_21/original_21_13.png,original_21_13.png,genuine,0,writer_21,writer_21_sample_13,.png,MobileNetV2_FineTuned,0.3116202,0,genuine,True
/kaggle/input/datasets/matteocarnebella/cedar-signatures/signatures/signatures_21/forgeries_21_15.png,forgeries_21_15.png,forged,1,writer_21,writer_21_sample_15,.png,MobileNetV2_FineTuned,0.55913675,1,forged,True
/kaggle/input/datasets/matteocarnebella/cedar-signatures/signatures/signatures_21/original_21_22.png,original_21_22.png,genuine,0,writer_21,writer_21_sample_22,.png,MobileNetV2_FineTuned,0.15475878,0,genuine,True
/kaggle/input/datasets/matteocarnebella/cedar-signatures/signatures/signatures_21/original_21_15.png,original_21_15.png,genuine,0,writer_21,writer_21_sample_15,.png,MobileNetV2_FineTuned,0.25537252,0,genuine,True
/kaggle/input/datasets/matteocarnebella/cedar-signatures/signatures/signatures_21/forgeries_21_1.png,forgeries_21_1.png,forged,1,writer_21,writer_21_sample_1,.png,MobileNetV2_FineTuned,0.59241706,1,forged,True
/kaggle/input/datasets/matteocarnebella/cedar-signatures/signatures/signatures_21/original_21_16.png,original_21_16.png,genuine,0,writer_21,writer_21_sample_16,.png,MobileNetV2_FineTuned,0.26046818,0,genuine,True
/kaggle/input/datasets/matteocarnebella/cedar-signatures/signatures/signatures_21/forgeries_21_11.png,forgeries_21_11.png,forged,1,writer_21,writer_21_sample_11,.png,MobileNetV2_FineTuned,0.5723312,1,forged,True
/kaggle/input/datasets/matteocarnebella/cedar-signatures/signatures/signatures_21/original_21_20.png,original_21_20.png,genuine,0,writer_21,writer_21_sample_20,.png,MobileNetV2_FineTuned,0.30164924,0,genuine,True
/kaggle/input/datasets/matteocarnebella/cedar-signatures/signatures/signatures_21/forgeries_21_22.png,forgeries_21_22.png,forged,1,writer_21,writer_21_sample_22,.png,MobileNetV2_FineTuned,0.55548155,1,forged,True
/kaggle/input/datasets/matteocarnebella/cedar-signatures/signatures/signatures_21/original_21_12.png,original_21_12.png,genuine,0,writer_21,writer_21_sample_12,.png,MobileNetV2_FineTuned,0.3047741,0,genuine,True
/kaggle/input/datasets/matteocarnebella/cedar-signatures/signatures/signatures_21/forgeries_21_17.png,forgeries_21_17.png,forged,1,writer_21,writer_21_sample_17,.png,MobileNetV2_FineTuned,0.42397586,0,genuine,False
/kaggle/input/datasets/matteocarnebella/cedar-signatures/signatures/signatures_21/forgeries_21_5.png,forgeries_21_5.png,forged,1,writer_21,writer_21_sample_5,.png,MobileNetV2_FineTuned,0.53341055,1,forged,True
/kaggle/input/datasets/matteocarnebella/cedar-signatures/signatures/signatures_21/forgeries_21_6.png,forgeries_21_6.png,forged,1,writer_21,writer_21_sample_6,.png,MobileNetV2_FineTuned,0.308322,0,genuine,False
/kaggle/input/datasets/matteocarnebella/cedar-signatures/signatures/signatures_21/forgeries_21_21.png,forgeries_21_21.png,forged,1,writer_21,writer_21_sample_21,.png,MobileNetV2_FineTuned,0.28120607,0,genuine,False
/kaggle/input/datasets/matteocarnebella/cedar-signatures/signatures/signatures_21/forgeries_21_20.png,forgeries_21_20.png,forged,1,writer_21,writer_21_sample_20,.png,MobileNetV2_FineTuned,0.5441661,1,forged,True
/kaggle/input/datasets/matteocarnebella/cedar-signatures/signatures/signatures_21/forgeries_21_2.png,forgeries_21_2.png,forged,1,writer_21,writer_21_sample_2,.png,MobileNetV2_FineTuned,0.51827365,1,forged,True
/kaggle/input/datasets/matteocarnebella/cedar-signatures/signatures/signatures_21/original_21_10.png,original_21_10.png,genuine,0,writer_21,writer_21_sample_10,.png,MobileNetV2_FineTuned,0.28094006,0,genuine,True
/kaggle/input/datasets/matteocarnebella/cedar-signatures/signatures/signatures_21/forgeries_21_14.png,forgeries_21_14.png,forged,1,writer_21,writer_21_sample_14,.png,MobileNetV2_FineTuned,0.62419903,1,forged,True
/kaggle/input/datasets/matteocarnebella/cedar-signatures/signatures/signatures_21/original_21_4.png,original_21_4.png,genuine,0,writer_21,writer_21_sample_4,.png,MobileNetV2_FineTuned,0.21412344,0,genuine,True
/kaggle/input/datasets/matteocarnebella/cedar-signatures/signatures/signatures_21/forgeries_21_12.png,forgeries_21_12.png,forged,1,writer_21,writer_21_sample_12,.png,MobileNetV2_FineTuned,0.56028134,1,forged,True
/kaggle/input/datasets/matteocarnebella/cedar-signatures/signatures/signatures_21/forgeries_21_4.png,forgeries_21_4.png,forged,1,writer_21,writer_21_sample_4,.png,MobileNetV2_FineTuned,0.48240343,0,genuine,False
/kaggle/input/datasets/matteocarnebella/cedar-signatures/signatures/signatures_21/original_21_1.png,original_21_1.png,genuine,0,writer_21,writer_21_sample_1,.png,MobileNetV2_FineTuned,0.24292774,0,genuine,True
/kaggle/input/datasets/matteocarnebella/cedar-signatures/signatures/signatures_21/original_21_2.png,original_21_2.png,genuine,0,writer_21,writer_21_sample_2,.png,MobileNetV2_FineTuned,0.27818093,0,genuine,True
/kaggle/input/datasets/matteocarnebella/cedar-signatures/signatures/signatures_21/original_21_7.png,original_21_7.png,genuine,0,writer_21,writer_21_sample_7,.png,MobileNetV2_FineTuned,0.23189342,0,genuine,True
/kaggle/input/datasets/matteocarnebella/cedar-signatures/signatures/signatures_21/forgeries_21_13.png,forgeries_21_13.png,forged,1,writer_21,writer_21_sample_13,.png,MobileNetV2_FineTuned,0.5792451,1,forged,True
/kaggle/input/datasets/matteocarnebella/cedar-signatures/signatures/signatures_21/forgeries_21_18.png,forgeries_21_18.png,forged,1,writer_21,writer_21_sample_18,.png,MobileNetV2_FineTuned,0.46823302,0,genuine,False
/kaggle/input/datasets/matteocarnebella/cedar-signatures/signatures/signatures_21/original_21_11.png,original_21_11.png,genuine,0,writer_21,writer_21_sample_11,.png,MobileNetV2_FineTuned,0.3332194,0,genuine,True
/kaggle/input/datasets/matteocarnebella/cedar-signatures/signatures/signatures_21/forgeries_21_7.png,forgeries_21_7.png,forged,1,writer_21,writer_21_sample_7,.png,MobileNetV2_FineTuned,0.37176153,0,genuine,False
/kaggle/input/datasets/matteocarnebella/cedar-signatures/signatures/signatures_21/forgeries_21_3.png,forgeries_21_3.png,forged,1,writer_21,writer_21_sample_3,.png,MobileNetV2_FineTuned,0.61402786,1,forged,True
/kaggle/input/datasets/matteocarnebella/cedar-signatures/signatures/signatures_21/original_21_21.png,original_21_21.png,genuine,0,writer_21,writer_21_sample_21,.png,MobileNetV2_FineTuned,0.23150909,0,genuine,True
/kaggle/input/datasets/matteocarnebella/cedar-signatures/signatures/signatures_21/original_21_23.png,original_21_23.png,genuine,0,writer_21,writer_21_sample_23,.png,MobileNetV2_FineTuned,0.31339267,0,genuine,True
/kaggle/input/datasets/matteocarnebella/cedar-signatures/signatures/signatures_21/original_21_19.png,original_21_19.png,genuine,0,writer_21,writer_21_sample_19,.png,MobileNetV2_FineTuned,0.24402854,0,genuine,True
/kaggle/input/datasets/matteocarnebella/cedar-signatures/signatures/signatures_21/forgeries_21_16.png,forgeries_21_16.png,forged,1,writer_21,writer_21_sample_16,.png,MobileNetV2_FineTuned,0.4698812,0,genuine,False
/kaggle/input/datasets/matteocarnebella/cedar-signatures/signatures/signatures_21/original_21_9.png,original_21_9.png,genuine,0,writer_21,writer_21_sample_9,.png,MobileNetV2_FineTuned,0.1555253,0,genuine,True
/kaggle/input/datasets/matteocarnebella/cedar-signatures/signatures/signatures_21/original_21_8.png,original_21_8.png,genuine,0,writer_21,writer_21_sample_8,.png,MobileNetV2_FineTuned,0.27485436,0,genuine,True
/kaggle/input/datasets/matteocarnebella/cedar-signatures/signatures/signatures_21/forgeries_21_19.png,forgeries_21_19.png,forged,1,writer_21,writer_21_sample_19,.png,MobileNetV2_FineTuned,0.6487441,1,forged,True
/kaggle/input/datasets/matteocarnebella/cedar-signatures/signatures/signatures_21/forgeries_21_8.png,forgeries_21_8.png,forged,1,writer_21,writer_21_sample_8,.png,MobileNetV2_FineTuned,0.7210823,1,forged,True
/kaggle/input/datasets/matteocarnebella/cedar-signatures/signatures/signatures_21/original_21_24.png,original_21_24.png,genuine,0,writer_21,writer_21_sample_24,.png,MobileNetV2_FineTuned,0.1761196,0,genuine,True
/kaggle/input/datasets/matteocarnebella/cedar-signatures/signatures/signatures_21/forgeries_21_23.png,forgeries_21_23.png,forged,1,writer_21,writer_21_sample_23,.png,MobileNetV2_FineTuned,0.6464986,1,forged,True
/kaggle/input/datasets/matteocarnebella/cedar-signatures/signatures/signatures_21/original_21_6.png,original_21_6.png,genuine,0,writer_21,writer_21_sample_6,.png,MobileNetV2_FineTuned,0.16879816,0,genuine,True
/kaggle/input/datasets/matteocarnebella/cedar-signatures/signatures/signatures_21/original_21_3.png,original_21_3.png,genuine,0,writer_21,writer_21_sample_3,.png,MobileNetV2_FineTuned,0.13838422,0,genuine,True
/kaggle/input/datasets/matteocarnebella/cedar-signatures/signatures/signatures_21/forgeries_21_24.png,forgeries_21_24.png,forged,1,writer_21,writer_21_sample_24,.png,MobileNetV2_FineTuned,0.6114201,1,forged,True
/kaggle/input/datasets/matteocarnebella/cedar-signatures/signatures/signatures_21/forgeries_21_9.png,forgeries_21_9.png,forged,1,writer_21,writer_21_sample_9,.png,MobileNetV2_FineTuned,0.47734973,0,genuine,False
/kaggle/input/datasets/matteocarnebella/cedar-signatures/signatures/signatures_21/original_21_18.png,original_21_18.png,genuine,0,writer_21,writer_21_sample_18,.png,MobileNetV2_FineTuned,0.204792,0,genuine,True
/kaggle/input/datasets/matteocarnebella/cedar-signatures/signatures/signatures_54/original_54_12.png,original_54_12.png,genuine,0,writer_54,writer_54_sample_12,.png,MobileNetV2_FineTuned,0.39855853,0,genuine,True
/kaggle/input/datasets/matteocarnebella/cedar-signatures/signatures/signatures_54/original_54_5.png,original_54_5.png,genuine,0,writer_54,writer_54_sample_5,.png,MobileNetV2_FineTuned,0.29605582,0,genuine,True
/kaggle/input/datasets/matteocarnebella/cedar-signatures/signatures/signatures_54/forgeries_54_1.png,forgeries_54_1.png,forged,1,writer_54,writer_54_sample_1,.png,MobileNetV2_FineTuned,0.5699352,1,forged,True
/kaggle/input/datasets/matteocarnebella/cedar-signatures/signatures/signatures_54/original_54_4.png,original_54_4.png,genuine,0,writer_54,writer_54_sample_4,.png,MobileNetV2_FineTuned,0.39532313,0,genuine,True
/kaggle/input/datasets/matteocarnebella/cedar-signatures/signatures/signatures_54/forgeries_54_6.png,forgeries_54_6.png,forged,1,writer_54,writer_54_sample_6,.png,MobileNetV2_FineTuned,0.6256634,1,forged,True
/kaggle/input/datasets/matteocarnebella/cedar-signatures/signatures/signatures_54/forgeries_54_22.png,forgeries_54_22.png,forged,1,writer_54,writer_54_sample_22,.png,MobileNetV2_FineTuned,0.5738963,1,forged,True
/kaggle/input/datasets/matteocarnebella/cedar-signatures/signatures/signatures_54/original_54_13.png,original_54_13.png,genuine,0,writer_54,writer_54_sample_13,.png,MobileNetV2_FineTuned,0.35950217,0,genuine,True
/kaggle/input/datasets/matteocarnebella/cedar-signatures/signatures/signatures_54/forgeries_54_9.png,forgeries_54_9.png,forged,1,writer_54,writer_54_sample_9,.png,MobileNetV2_FineTuned,0.5340989,1,forged,True
/kaggle/input/datasets/matteocarnebella/cedar-signatures/signatures/signatures_54/forgeries_54_4.png,forgeries_54_4.png,forged,1,writer_54,writer_54_sample_4,.png,MobileNetV2_FineTuned,0.5670048,1,forged,True
/kaggle/input/datasets/matteocarnebella/cedar-signatures/signatures/signatures_54/forgeries_54_23.png,forgeries_54_23.png,forged,1,writer_54,writer_54_sample_23,.png,MobileNetV2_FineTuned,0.48687053,0,genuine,False
/kaggle/input/datasets/matteocarnebella/cedar-signatures/signatures/signatures_54/original_54_19.png,original_54_19.png,genuine,0,writer_54,writer_54_sample_19,.png,MobileNetV2_FineTuned,0.562606,1,forged,False
/kaggle/input/datasets/matteocarnebella/cedar-signatures/signatures/signatures_54/original_54_15.png,original_54_15.png,genuine,0,writer_54,writer_54_sample_15,.png,MobileNetV2_FineTuned,0.3668522,0,genuine,True
/kaggle/input/datasets/matteocarnebella/cedar-signatures/signatures/signatures_54/original_54_6.png,original_54_6.png,genuine,0,writer_54,writer_54_sample_6,.png,MobileNetV2_FineTuned,0.49239543,0,genuine,True
/kaggle/input/datasets/matteocarnebella/cedar-signatures/signatures/signatures_54/original_54_2.png,original_54_2.png,genuine,0,writer_54,writer_54_sample_2,.png,MobileNetV2_FineTuned,0.28788877,0,genuine,True
/kaggle/input/datasets/matteocarnebella/cedar-signatures/signatures/signatures_54/original_54_24.png,original_54_24.png,genuine,0,writer_54,writer_54_sample_24,.png,MobileNetV2_FineTuned,0.49065816,0,genuine,True
/kaggle/input/datasets/matteocarnebella/cedar-signatures/signatures/signatures_54/forgeries_54_16.png,forgeries_54_16.png,forged,1,writer_54,writer_54_sample_16,.png,MobileNetV2_FineTuned,0.4662891,0,genuine,False
/kaggle/input/datasets/matteocarnebella/cedar-signatures/signatures/signatures_54/forgeries_54_21.png,forgeries_54_21.png,forged,1,writer_54,writer_54_sample_21,.png,MobileNetV2_FineTuned,0.6747819,1,forged,True
/kaggle/input/datasets/matteocarnebella/cedar-signatures/signatures/signatures_54/forgeries_54_14.png,forgeries_54_14.png,forged,1,writer_54,writer_54_sample_14,.png,MobileNetV2_FineTuned,0.67672825,1,forged,True
/kaggle/input/datasets/matteocarnebella/cedar-signatures/signatures/signatures_54/original_54_10.png,original_54_10.png,genuine,0,writer_54,writer_54_sample_10,.png,MobileNetV2_FineTuned,0.37788457,0,genuine,True
/kaggle/input/datasets/matteocarnebella/cedar-signatures/signatures/signatures_54/original_54_22.png,original_54_22.png,genuine,0,writer_54,writer_54_sample_22,.png,MobileNetV2_FineTuned,0.42265415,0,genuine,True
/kaggle/input/datasets/matteocarnebella/cedar-signatures/signatures/signatures_54/forgeries_54_17.png,forgeries_54_17.png,forged,1,writer_54,writer_54_sample_17,.png,MobileNetV2_FineTuned,0.6162196,1,forged,True
/kaggle/input/datasets/matteocarnebella/cedar-signatures/signatures/signatures_54/original_54_9.png,original_54_9.png,genuine,0,writer_54,writer_54_sample_9,.png,MobileNetV2_FineTuned,0.39007854,0,genuine,True
/kaggle/input/datasets/matteocarnebella/cedar-signatures/signatures/signatures_54/original_54_1.png,original_54_1.png,genuine,0,writer_54,writer_54_sample_1,.png,MobileNetV2_FineTuned,0.480702,0,genuine,True
/kaggle/input/datasets/matteocarnebella/cedar-signatures/signatures/signatures_54/forgeries_54_11.png,forgeries_54_11.png,forged,1,writer_54,writer_54_sample_11,.png,MobileNetV2_FineTuned,0.5118247,1,forged,True
/kaggle/input/datasets/matteocarnebella/cedar-signatures/signatures/signatures_54/forgeries_54_7.png,forgeries_54_7.png,forged,1,writer_54,writer_54_sample_7,.png,MobileNetV2_FineTuned,0.7840161,1,forged,True
/kaggle/input/datasets/matteocarnebella/cedar-signatures/signatures/signatures_54/original_54_23.png,original_54_23.png,genuine,0,writer_54,writer_54_sample_23,.png,MobileNetV2_FineTuned,0.43796572,0,genuine,True
/kaggle/input/datasets/matteocarnebella/cedar-signatures/signatures/signatures_54/original_54_20.png,original_54_20.png,genuine,0,writer_54,writer_54_sample_20,.png,MobileNetV2_FineTuned,0.45125216,0,genuine,True
/kaggle/input/datasets/matteocarnebella/cedar-signatures/signatures/signatures_54/forgeries_54_2.png,forgeries_54_2.png,forged,1,writer_54,writer_54_sample_2,.png,MobileNetV2_FineTuned,0.54235214,1,forged,True
/kaggle/input/datasets/matteocarnebella/cedar-signatures/signatures/signatures_54/original_54_16.png,original_54_16.png,genuine,0,writer_54,writer_54_sample_16,.png,MobileNetV2_FineTuned,0.35433885,0,genuine,True
/kaggle/input/datasets/matteocarnebella/cedar-signatures/signatures/signatures_54/forgeries_54_19.png,forgeries_54_19.png,forged,1,writer_54,writer_54_sample_19,.png,MobileNetV2_FineTuned,0.7759843,1,forged,True
/kaggle/input/datasets/matteocarnebella/cedar-signatures/signatures/signatures_54/forgeries_54_13.png,forgeries_54_13.png,forged,1,writer_54,writer_54_sample_13,.png,MobileNetV2_FineTuned,0.5896826,1,forged,True
/kaggle/input/datasets/matteocarnebella/cedar-signatures/signatures/signatures_54/forgeries_54_15.png,forgeries_54_15.png,forged,1,writer_54,writer_54_sample_15,.png,MobileNetV2_FineTuned,0.43488297,0,genuine,False
/kaggle/input/datasets/matteocarnebella/cedar-signatures/signatures/signatures_54/forgeries_54_18.png,forgeries_54_18.png,forged,1,writer_54,writer_54_sample_18,.png,MobileNetV2_FineTuned,0.5326405,1,forged,True
/kaggle/input/datasets/matteocarnebella/cedar-signatures/signatures/signatures_54/forgeries_54_3.png,forgeries_54_3.png,forged,1,writer_54,writer_54_sample_3,.png,MobileNetV2_FineTuned,0.62682045,1,forged,True
/kaggle/input/datasets/matteocarnebella/cedar-signatures/signatures/signatures_54/original_54_21.png,original_54_21.png,genuine,0,writer_54,writer_54_sample_21,.png,MobileNetV2_FineTuned,0.45183414,0,genuine,True
/kaggle/input/datasets/matteocarnebella/cedar-signatures/signatures/signatures_54/original_54_18.png,original_54_18.png,genuine,0,writer_54,writer_54_sample_18,.png,MobileNetV2_FineTuned,0.5278498,1,forged,False
/kaggle/input/datasets/matteocarnebella/cedar-signatures/signatures/signatures_54/original_54_7.png,original_54_7.png,genuine,0,writer_54,writer_54_sample_7,.png,MobileNetV2_FineTuned,0.36307082,0,genuine,True
/kaggle/input/datasets/matteocarnebella/cedar-signatures/signatures/signatures_54/original_54_11.png,original_54_11.png,genuine,0,writer_54,writer_54_sample_11,.png,MobileNetV2_FineTuned,0.5605683,1,forged,False
/kaggle/input/datasets/matteocarnebella/cedar-signatures/signatures/signatures_54/original_54_8.png,original_54_8.png,genuine,0,writer_54,writer_54_sample_8,.png,MobileNetV2_FineTuned,0.4848153,0,genuine,True
/kaggle/input/datasets/matteocarnebella/cedar-signatures/signatures/signatures_54/forgeries_54_24.png,forgeries_54_24.png,forged,1,writer_54,writer_54_sample_24,.png,MobileNetV2_FineTuned,0.48739976,0,genuine,False
/kaggle/input/datasets/matteocarnebella/cedar-signatures/signatures/signatures_54/original_54_14.png,original_54_14.png,genuine,0,writer_54,writer_54_sample_14,.png,MobileNetV2_FineTuned,0.45903352,0,genuine,True
/kaggle/input/datasets/matteocarnebella/cedar-signatures/signatures/signatures_54/forgeries_54_8.png,forgeries_54_8.png,forged,1,writer_54,writer_54_sample_8,.png,MobileNetV2_FineTuned,0.38785163,0,genuine,False
/kaggle/input/datasets/matteocarnebella/cedar-signatures/signatures/signatures_54/forgeries_54_12.png,forgeries_54_12.png,forged,1,writer_54,writer_54_sample_12,.png,MobileNetV2_FineTuned,0.5896146,1,forged,True
/kaggle/input/datasets/matteocarnebella/cedar-signatures/signatures/signatures_54/original_54_3.png,original_54_3.png,genuine,0,writer_54,writer_54_sample_3,.png,MobileNetV2_FineTuned,0.3830058,0,genuine,True
/kaggle/input/datasets/matteocarnebella/cedar-signatures/signatures/signatures_54/forgeries_54_20.png,forgeries_54_20.png,forged,1,writer_54,writer_54_sample_20,.png,MobileNetV2_FineTuned,0.5716613,1,forged,True
/kaggle/input/datasets/matteocarnebella/cedar-signatures/signatures/signatures_54/forgeries_54_5.png,forgeries_54_5.png,forged,1,writer_54,writer_54_sample_5,.png,MobileNetV2_FineTuned,0.6095162,1,forged,True
/kaggle/input/datasets/matteocarnebella/cedar-signatures/signatures/signatures_54/forgeries_54_10.png,forgeries_54_10.png,forged,1,writer_54,writer_54_sample_10,.png,MobileNetV2_FineTuned,0.5874867,1,forged,True
/kaggle/input/datasets/matteocarnebella/cedar-signatures/signatures/signatures_54/original_54_17.png,original_54_17.png,genuine,0,writer_54,writer_54_sample_17,.png,MobileNetV2_FineTuned,0.25765598,0,genuine,True
/kaggle/input/datasets/matteocarnebella/cedar-signatures/signatures/signatures_49/forgeries_49_5.png,forgeries_49_5.png,forged,1,writer_49,writer_49_sample_5,.png,ResNet50_FineTuned,0.7693476,1,forged,True
/kaggle/input/datasets/matteocarnebella/cedar-signatures/signatures/signatures_49/original_49_5.png,original_49_5.png,genuine,0,writer_49,writer_49_sample_5,.png,ResNet50_FineTuned,0.08439274,0,genuine,True
/kaggle/input/datasets/matteocarnebella/cedar-signatures/signatures/signatures_49/forgeries_49_16.png,forgeries_49_16.png,forged,1,writer_49,writer_49_sample_16,.png,ResNet50_FineTuned,0.7697436,1,forged,True
/kaggle/input/datasets/matteocarnebella/cedar-signatures/signatures/signatures_49/forgeries_49_12.png,forgeries_49_12.png,forged,1,writer_49,writer_49_sample_12,.png,ResNet50_FineTuned,0.8433358,1,forged,True
/kaggle/input/datasets/matteocarnebella/cedar-signatures/signatures/signatures_49/original_49_22.png,original_49_22.png,genuine,0,writer_49,writer_49_sample_22,.png,ResNet50_FineTuned,0.111612596,0,genuine,True
/kaggle/input/datasets/matteocarnebella/cedar-signatures/signatures/signatures_49/forgeries_49_17.png,forgeries_49_17.png,forged,1,writer_49,writer_49_sample_17,.png,ResNet50_FineTuned,0.7318617,1,forged,True
/kaggle/input/datasets/matteocarnebella/cedar-signatures/signatures/signatures_49/original_49_17.png,original_49_17.png,genuine,0,writer_49,writer_49_sample_17,.png,ResNet50_FineTuned,0.07325529,0,genuine,True
/kaggle/input/datasets/matteocarnebella/cedar-signatures/signatures/signatures_49/forgeries_49_20.png,forgeries_49_20.png,forged,1,writer_49,writer_49_sample_20,.png,ResNet50_FineTuned,0.81377333,1,forged,True
/kaggle/input/datasets/matteocarnebella/cedar-signatures/signatures/signatures_49/original_49_16.png,original_49_16.png,genuine,0,writer_49,writer_49_sample_16,.png,ResNet50_FineTuned,0.07238817,0,genuine,True
/kaggle/input/datasets/matteocarnebella/cedar-signatures/signatures/signatures_49/original_49_24.png,original_49_24.png,genuine,0,writer_49,writer_49_sample_24,.png,ResNet50_FineTuned,0.12629443,0,genuine,True
/kaggle/input/datasets/matteocarnebella/cedar-signatures/signatures/signatures_49/forgeries_49_14.png,forgeries_49_14.png,forged,1,writer_49,writer_49_sample_14,.png,ResNet50_FineTuned,0.82482916,1,forged,True
/kaggle/input/datasets/matteocarnebella/cedar-signatures/signatures/signatures_49/forgeries_49_8.png,forgeries_49_8.png,forged,1,writer_49,writer_49_sample_8,.png,ResNet50_FineTuned,0.8067734,1,forged,True
/kaggle/input/datasets/matteocarnebella/cedar-signatures/signatures/signatures_49/forgeries_49_1.png,forgeries_49_1.png,forged,1,writer_49,writer_49_sample_1,.png,ResNet50_FineTuned,0.8362997,1,forged,True
/kaggle/input/datasets/matteocarnebella/cedar-signatures/signatures/signatures_49/original_49_11.png,original_49_11.png,genuine,0,writer_49,writer_49_sample_11,.png,ResNet50_FineTuned,0.15404673,0,genuine,True
/kaggle/input/datasets/matteocarnebella/cedar-signatures/signatures/signatures_49/forgeries_49_10.png,forgeries_49_10.png,forged,1,writer_49,writer_49_sample_10,.png,ResNet50_FineTuned,0.84822947,1,forged,True
/kaggle/input/datasets/matteocarnebella/cedar-signatures/signatures/signatures_49/forgeries_49_21.png,forgeries_49_21.png,forged,1,writer_49,writer_49_sample_21,.png,ResNet50_FineTuned,0.81814384,1,forged,True
/kaggle/input/datasets/matteocarnebella/cedar-signatures/signatures/signatures_49/original_49_7.png,original_49_7.png,genuine,0,writer_49,writer_49_sample_7,.png,ResNet50_FineTuned,0.23675002,0,genuine,True
/kaggle/input/datasets/matteocarnebella/cedar-signatures/signatures/signatures_49/forgeries_49_18.png,forgeries_49_18.png,forged,1,writer_49,writer_49_sample_18,.png,ResNet50_FineTuned,0.832522,1,forged,True
/kaggle/input/datasets/matteocarnebella/cedar-signatures/signatures/signatures_49/original_49_8.png,original_49_8.png,genuine,0,writer_49,writer_49_sample_8,.png,ResNet50_FineTuned,0.19909976,0,genuine,True
/kaggle/input/datasets/matteocarnebella/cedar-signatures/signatures/signatures_49/forgeries_49_19.png,forgeries_49_19.png,forged,1,writer_49,writer_49_sample_19,.png,ResNet50_FineTuned,0.7806312,1,forged,True
/kaggle/input/datasets/matteocarnebella/cedar-signatures/signatures/signatures_49/forgeries_49_23.png,forgeries_49_23.png,forged,1,writer_49,writer_49_sample_23,.png,ResNet50_FineTuned,0.756578,1,forged,True
/kaggle/input/datasets/matteocarnebella/cedar-signatures/signatures/signatures_49/original_49_1.png,original_49_1.png,genuine,0,writer_49,writer_49_sample_1,.png,ResNet50_FineTuned,0.13854624,0,genuine,True
/kaggle/input/datasets/matteocarnebella/cedar-signatures/signatures/signatures_49/forgeries_49_24.png,forgeries_49_24.png,forged,1,writer_49,writer_49_sample_24,.png,ResNet50_FineTuned,0.82620615,1,forged,True
/kaggle/input/datasets/matteocarnebella/cedar-signatures/signatures/signatures_49/original_49_10.png,original_49_10.png,genuine,0,writer_49,writer_49_sample_10,.png,ResNet50_FineTuned,0.2752366,0,genuine,True
/kaggle/input/datasets/matteocarnebella/cedar-signatures/signatures/signatures_49/forgeries_49_2.png,forgeries_49_2.png,forged,1,writer_49,writer_49_sample_2,.png,ResNet50_FineTuned,0.7185122,1,forged,True
/kaggle/input/datasets/matteocarnebella/cedar-signatures/signatures/signatures_49/forgeries_49_15.png,forgeries_49_15.png,forged,1,writer_49,writer_49_sample_15,.png,ResNet50_FineTuned,0.84455436,1,forged,True
/kaggle/input/datasets/matteocarnebella/cedar-signatures/signatures/signatures_49/original_49_3.png,original_49_3.png,genuine,0,writer_49,writer_49_sample_3,.png,ResNet50_FineTuned,0.44481054,0,genuine,True
/kaggle/input/datasets/matteocarnebella/cedar-signatures/signatures/signatures_49/original_49_14.png,original_49_14.png,genuine,0,writer_49,writer_49_sample_14,.png,ResNet50_FineTuned,0.3027222,0,genuine,True
/kaggle/input/datasets/matteocarnebella/cedar-signatures/signatures/signatures_49/original_49_6.png,original_49_6.png,genuine,0,writer_49,writer_49_sample_6,.png,ResNet50_FineTuned,0.1251338,0,genuine,True
/kaggle/input/datasets/matteocarnebella/cedar-signatures/signatures/signatures_49/forgeries_49_9.png,forgeries_49_9.png,forged,1,writer_49,writer_49_sample_9,.png,ResNet50_FineTuned,0.82834405,1,forged,True
/kaggle/input/datasets/matteocarnebella/cedar-signatures/signatures/signatures_49/original_49_15.png,original_49_15.png,genuine,0,writer_49,writer_49_sample_15,.png,ResNet50_FineTuned,0.18367621,0,genuine,True
/kaggle/input/datasets/matteocarnebella/cedar-signatures/signatures/signatures_49/original_49_4.png,original_49_4.png,genuine,0,writer_49,writer_49_sample_4,.png,ResNet50_FineTuned,0.19714469,0,genuine,True
/kaggle/input/datasets/matteocarnebella/cedar-signatures/signatures/signatures_49/forgeries_49_3.png,forgeries_49_3.png,forged,1,writer_49,writer_49_sample_3,.png,ResNet50_FineTuned,0.91455543,1,forged,True
/kaggle/input/datasets/matteocarnebella/cedar-signatures/signatures/signatures_49/forgeries_49_6.png,forgeries_49_6.png,forged,1,writer_49,writer_49_sample_6,.png,ResNet50_FineTuned,0.7392955,1,forged,True
/kaggle/input/datasets/matteocarnebella/cedar-signatures/signatures/signatures_49/forgeries_49_13.png,forgeries_49_13.png,forged,1,writer_49,writer_49_sample_13,.png,ResNet50_FineTuned,0.8813957,1,forged,True
/kaggle/input/datasets/matteocarnebella/cedar-signatures/signatures/signatures_49/original_49_12.png,original_49_12.png,genuine,0,writer_49,writer_49_sample_12,.png,ResNet50_FineTuned,0.083233885,0,genuine,True
/kaggle/input/datasets/matteocarnebella/cedar-signatures/signatures/signatures_49/original_49_13.png,original_49_13.png,genuine,0,writer_49,writer_49_sample_13,.png,ResNet50_FineTuned,0.11005275,0,genuine,True
/kaggle/input/datasets/matteocarnebella/cedar-signatures/signatures/signatures_49/forgeries_49_11.png,forgeries_49_11.png,forged,1,writer_49,writer_49_sample_11,.png,ResNet50_FineTuned,0.77862644,1,forged,True
/kaggle/input/datasets/matteocarnebella/cedar-signatures/signatures/signatures_49/original_49_2.png,original_49_2.png,genuine,0,writer_49,writer_49_sample_2,.png,ResNet50_FineTuned,0.21596725,0,genuine,True
/kaggle/input/datasets/matteocarnebella/cedar-signatures/signatures/signatures_49/original_49_21.png,original_49_21.png,genuine,0,writer_49,writer_49_sample_21,.png,ResNet50_FineTuned,0.19063036,0,genuine,True
/kaggle/input/datasets/matteocarnebella/cedar-signatures/signatures/signatures_49/original_49_23.png,original_49_23.png,genuine,0,writer_49,writer_49_sample_23,.png,ResNet50_FineTuned,0.2837925,0,genuine,True
/kaggle/input/datasets/matteocarnebella/cedar-signatures/signatures/signatures_49/forgeries_49_7.png,forgeries_49_7.png,forged,1,writer_49,writer_49_sample_7,.png,ResNet50_FineTuned,0.86656845,1,forged,True
/kaggle/input/datasets/matteocarnebella/cedar-signatures/signatures/signatures_49/forgeries_49_22.png,forgeries_49_22.png,forged,1,writer_49,writer_49_sample_22,.png,ResNet50_FineTuned,0.7689958,1,forged,True
/kaggle/input/datasets/matteocarnebella/cedar-signatures/signatures/signatures_49/original_49_9.png,original_49_9.png,genuine,0,writer_49,writer_49_sample_9,.png,ResNet50_FineTuned,0.24608326,0,genuine,True
/kaggle/input/datasets/matteocarnebella/cedar-signatures/signatures/signatures_49/original_49_19.png,original_49_19.png,genuine,0,writer_49,writer_49_sample_19,.png,ResNet50_FineTuned,0.23904562,0,genuine,True
/kaggle/input/datasets/matteocarnebella/cedar-signatures/signatures/signatures_49/forgeries_49_4.png,forgeries_49_4.png,forged,1,writer_49,writer_49_sample_4,.png,ResNet50_FineTuned,0.77838475,1,forged,True
/kaggle/input/datasets/matteocarnebella/cedar-signatures/signatures/signatures_49/original_49_20.png,original_49_20.png,genuine,0,writer_49,writer_49_sample_20,.png,ResNet50_FineTuned,0.2425309,0,genuine,True
/kaggle/input/datasets/matteocarnebella/cedar-signatures/signatures/signatures_49/original_49_18.png,original_49_18.png,genuine,0,writer_49,writer_49_sample_18,.png,ResNet50_FineTuned,0.105272025,0,genuine,True
/kaggle/input/datasets/matteocarnebella/cedar-signatures/signatures/signatures_12/original_12_1.png,original_12_1.png,genuine,0,writer_12,writer_12_sample_1,.png,ResNet50_FineTuned,0.28300026,0,genuine,True
/kaggle/input/datasets/matteocarnebella/cedar-signatures/signatures/signatures_12/forgeries_12_16.png,forgeries_12_16.png,forged,1,writer_12,writer_12_sample_16,.png,ResNet50_FineTuned,0.61183065,1,forged,True
/kaggle/input/datasets/matteocarnebella/cedar-signatures/signatures/signatures_12/original_12_19.png,original_12_19.png,genuine,0,writer_12,writer_12_sample_19,.png,ResNet50_FineTuned,0.096491784,0,genuine,True
/kaggle/input/datasets/matteocarnebella/cedar-signatures/signatures/signatures_12/forgeries_12_20.png,forgeries_12_20.png,forged,1,writer_12,writer_12_sample_20,.png,ResNet50_FineTuned,0.826195,1,forged,True
/kaggle/input/datasets/matteocarnebella/cedar-signatures/signatures/signatures_12/forgeries_12_22.png,forgeries_12_22.png,forged,1,writer_12,writer_12_sample_22,.png,ResNet50_FineTuned,0.5720012,1,forged,True
/kaggle/input/datasets/matteocarnebella/cedar-signatures/signatures/signatures_12/original_12_20.png,original_12_20.png,genuine,0,writer_12,writer_12_sample_20,.png,ResNet50_FineTuned,0.16773309,0,genuine,True
/kaggle/input/datasets/matteocarnebella/cedar-signatures/signatures/signatures_12/forgeries_12_7.png,forgeries_12_7.png,forged,1,writer_12,writer_12_sample_7,.png,ResNet50_FineTuned,0.6466642,1,forged,True
/kaggle/input/datasets/matteocarnebella/cedar-signatures/signatures/signatures_12/original_12_15.png,original_12_15.png,genuine,0,writer_12,writer_12_sample_15,.png,ResNet50_FineTuned,0.034239776,0,genuine,True
/kaggle/input/datasets/matteocarnebella/cedar-signatures/signatures/signatures_12/original_12_9.png,original_12_9.png,genuine,0,writer_12,writer_12_sample_9,.png,ResNet50_FineTuned,0.038390066,0,genuine,True
/kaggle/input/datasets/matteocarnebella/cedar-signatures/signatures/signatures_12/original_12_24.png,original_12_24.png,genuine,0,writer_12,writer_12_sample_24,.png,ResNet50_FineTuned,0.075957306,0,genuine,True
/kaggle/input/datasets/matteocarnebella/cedar-signatures/signatures/signatures_12/original_12_21.png,original_12_21.png,genuine,0,writer_12,writer_12_sample_21,.png,ResNet50_FineTuned,0.014164594,0,genuine,True
/kaggle/input/datasets/matteocarnebella/cedar-signatures/signatures/signatures_12/original_12_22.png,original_12_22.png,genuine,0,writer_12,writer_12_sample_22,.png,ResNet50_FineTuned,0.10627468,0,genuine,True
/kaggle/input/datasets/matteocarnebella/cedar-signatures/signatures/signatures_12/forgeries_12_15.png,forgeries_12_15.png,forged,1,writer_12,writer_12_sample_15,.png,ResNet50_FineTuned,0.62396616,1,forged,True
/kaggle/input/datasets/matteocarnebella/cedar-signatures/signatures/signatures_12/original_12_17.png,original_12_17.png,genuine,0,writer_12,writer_12_sample_17,.png,ResNet50_FineTuned,0.04150996,0,genuine,True
/kaggle/input/datasets/matteocarnebella/cedar-signatures/signatures/signatures_12/forgeries_12_14.png,forgeries_12_14.png,forged,1,writer_12,writer_12_sample_14,.png,ResNet50_FineTuned,0.5859035,1,forged,True
/kaggle/input/datasets/matteocarnebella/cedar-signatures/signatures/signatures_12/original_12_3.png,original_12_3.png,genuine,0,writer_12,writer_12_sample_3,.png,ResNet50_FineTuned,0.13050438,0,genuine,True
/kaggle/input/datasets/matteocarnebella/cedar-signatures/signatures/signatures_12/forgeries_12_12.png,forgeries_12_12.png,forged,1,writer_12,writer_12_sample_12,.png,ResNet50_FineTuned,0.49300766,0,genuine,False
/kaggle/input/datasets/matteocarnebella/cedar-signatures/signatures/signatures_12/forgeries_12_5.png,forgeries_12_5.png,forged,1,writer_12,writer_12_sample_5,.png,ResNet50_FineTuned,0.67314756,1,forged,True
/kaggle/input/datasets/matteocarnebella/cedar-signatures/signatures/signatures_12/original_12_8.png,original_12_8.png,genuine,0,writer_12,writer_12_sample_8,.png,ResNet50_FineTuned,0.13787557,0,genuine,True
/kaggle/input/datasets/matteocarnebella/cedar-signatures/signatures/signatures_12/forgeries_12_3.png,forgeries_12_3.png,forged,1,writer_12,writer_12_sample_3,.png,ResNet50_FineTuned,0.68830526,1,forged,True
/kaggle/input/datasets/matteocarnebella/cedar-signatures/signatures/signatures_12/forgeries_12_17.png,forgeries_12_17.png,forged,1,writer_12,writer_12_sample_17,.png,ResNet50_FineTuned,0.6863139,1,forged,True
/kaggle/input/datasets/matteocarnebella/cedar-signatures/signatures/signatures_12/forgeries_12_9.png,forgeries_12_9.png,forged,1,writer_12,writer_12_sample_9,.png,ResNet50_FineTuned,0.6622408,1,forged,True
/kaggle/input/datasets/matteocarnebella/cedar-signatures/signatures/signatures_12/forgeries_12_6.png,forgeries_12_6.png,forged,1,writer_12,writer_12_sample_6,.png,ResNet50_FineTuned,0.6275119,1,forged,True
/kaggle/input/datasets/matteocarnebella/cedar-signatures/signatures/signatures_12/original_12_5.png,original_12_5.png,genuine,0,writer_12,writer_12_sample_5,.png,ResNet50_FineTuned,0.13698076,0,genuine,True
/kaggle/input/datasets/matteocarnebella/cedar-signatures/signatures/signatures_12/original_12_18.png,original_12_18.png,genuine,0,writer_12,writer_12_sample_18,.png,ResNet50_FineTuned,0.021692688,0,genuine,True
/kaggle/input/datasets/matteocarnebella/cedar-signatures/signatures/signatures_12/forgeries_12_8.png,forgeries_12_8.png,forged,1,writer_12,writer_12_sample_8,.png,ResNet50_FineTuned,0.7165364,1,forged,True
/kaggle/input/datasets/matteocarnebella/cedar-signatures/signatures/signatures_12/original_12_12.png,original_12_12.png,genuine,0,writer_12,writer_12_sample_12,.png,ResNet50_FineTuned,0.26261374,0,genuine,True
/kaggle/input/datasets/matteocarnebella/cedar-signatures/signatures/signatures_12/original_12_6.png,original_12_6.png,genuine,0,writer_12,writer_12_sample_6,.png,ResNet50_FineTuned,0.15504861,0,genuine,True
/kaggle/input/datasets/matteocarnebella/cedar-signatures/signatures/signatures_12/original_12_7.png,original_12_7.png,genuine,0,writer_12,writer_12_sample_7,.png,ResNet50_FineTuned,0.03653208,0,genuine,True
/kaggle/input/datasets/matteocarnebella/cedar-signatures/signatures/signatures_12/forgeries_12_4.png,forgeries_12_4.png,forged,1,writer_12,writer_12_sample_4,.png,ResNet50_FineTuned,0.67488784,1,forged,True
/kaggle/input/datasets/matteocarnebella/cedar-signatures/signatures/signatures_12/original_12_11.png,original_12_11.png,genuine,0,writer_12,writer_12_sample_11,.png,ResNet50_FineTuned,0.062384743,0,genuine,True
/kaggle/input/datasets/matteocarnebella/cedar-signatures/signatures/signatures_12/original_12_2.png,original_12_2.png,genuine,0,writer_12,writer_12_sample_2,.png,ResNet50_FineTuned,0.21469861,0,genuine,True
/kaggle/input/datasets/matteocarnebella/cedar-signatures/signatures/signatures_12/forgeries_12_21.png,forgeries_12_21.png,forged,1,writer_12,writer_12_sample_21,.png,ResNet50_FineTuned,0.53255427,1,forged,True
/kaggle/input/datasets/matteocarnebella/cedar-signatures/signatures/signatures_12/original_12_10.png,original_12_10.png,genuine,0,writer_12,writer_12_sample_10,.png,ResNet50_FineTuned,0.12017066,0,genuine,True
/kaggle/input/datasets/matteocarnebella/cedar-signatures/signatures/signatures_12/original_12_4.png,original_12_4.png,genuine,0,writer_12,writer_12_sample_4,.png,ResNet50_FineTuned,0.14463931,0,genuine,True
/kaggle/input/datasets/matteocarnebella/cedar-signatures/signatures/signatures_12/forgeries_12_11.png,forgeries_12_11.png,forged,1,writer_12,writer_12_sample_11,.png,ResNet50_FineTuned,0.6361071,1,forged,True
/kaggle/input/datasets/matteocarnebella/cedar-signatures/signatures/signatures_12/forgeries_12_18.png,forgeries_12_18.png,forged,1,writer_12,writer_12_sample_18,.png,ResNet50_FineTuned,0.74645025,1,forged,True
/kaggle/input/datasets/matteocarnebella/cedar-signatures/signatures/signatures_12/forgeries_12_1.png,forgeries_12_1.png,forged,1,writer_12,writer_12_sample_1,.png,ResNet50_FineTuned,0.67071307,1,forged,True
/kaggle/input/datasets/matteocarnebella/cedar-signatures/signatures/signatures_12/original_12_23.png,original_12_23.png,genuine,0,writer_12,writer_12_sample_23,.png,ResNet50_FineTuned,0.065774634,0,genuine,True
/kaggle/input/datasets/matteocarnebella/cedar-signatures/signatures/signatures_12/forgeries_12_19.png,forgeries_12_19.png,forged,1,writer_12,writer_12_sample_19,.png,ResNet50_FineTuned,0.6312912,1,forged,True
/kaggle/input/datasets/matteocarnebella/cedar-signatures/signatures/signatures_12/original_12_13.png,original_12_13.png,genuine,0,writer_12,writer_12_sample_13,.png,ResNet50_FineTuned,0.04252371,0,genuine,True
/kaggle/input/datasets/matteocarnebella/cedar-signatures/signatures/signatures_12/original_12_14.png,original_12_14.png,genuine,0,writer_12,writer_12_sample_14,.png,ResNet50_FineTuned,0.039859574,0,genuine,True
/kaggle/input/datasets/matteocarnebella/cedar-signatures/signatures/signatures_12/forgeries_12_23.png,forgeries_12_23.png,forged,1,writer_12,writer_12_sample_23,.png,ResNet50_FineTuned,0.7830837,1,forged,True
/kaggle/input/datasets/matteocarnebella/cedar-signatures/signatures/signatures_12/forgeries_12_10.png,forgeries_12_10.png,forged,1,writer_12,writer_12_sample_10,.png,ResNet50_FineTuned,0.4662351,0,genuine,False
/kaggle/input/datasets/matteocarnebella/cedar-signatures/signatures/signatures_12/forgeries_12_2.png,forgeries_12_2.png,forged,1,writer_12,writer_12_sample_2,.png,ResNet50_FineTuned,0.5931531,1,forged,True
/kaggle/input/datasets/matteocarnebella/cedar-signatures/signatures/signatures_12/forgeries_12_13.png,forgeries_12_13.png,forged,1,writer_12,writer_12_sample_13,.png,ResNet50_FineTuned,0.5619861,1,forged,True
/kaggle/input/datasets/matteocarnebella/cedar-signatures/signatures/signatures_12/forgeries_12_24.png,forgeries_12_24.png,forged,1,writer_12,writer_12_sample_24,.png,ResNet50_FineTuned,0.6141741,1,forged,True
/kaggle/input/datasets/matteocarnebella/cedar-signatures/signatures/signatures_12/original_12_16.png,original_12_16.png,genuine,0,writer_12,writer_12_sample_16,.png,ResNet50_FineTuned,0.1149358,0,genuine,True
/kaggle/input/datasets/matteocarnebella/cedar-signatures/signatures/signatures_47/original_47_18.png,original_47_18.png,genuine,0,writer_47,writer_47_sample_18,.png,ResNet50_FineTuned,0.09612394,0,genuine,True
/kaggle/input/datasets/matteocarnebella/cedar-signatures/signatures/signatures_47/forgeries_47_14.png,forgeries_47_14.png,forged,1,writer_47,writer_47_sample_14,.png,ResNet50_FineTuned,0.48162493,0,genuine,False
/kaggle/input/datasets/matteocarnebella/cedar-signatures/signatures/signatures_47/forgeries_47_23.png,forgeries_47_23.png,forged,1,writer_47,writer_47_sample_23,.png,ResNet50_FineTuned,0.52536255,1,forged,True
/kaggle/input/datasets/matteocarnebella/cedar-signatures/signatures/signatures_47/original_47_4.png,original_47_4.png,genuine,0,writer_47,writer_47_sample_4,.png,ResNet50_FineTuned,0.038949717,0,genuine,True
/kaggle/input/datasets/matteocarnebella/cedar-signatures/signatures/signatures_47/original_47_15.png,original_47_15.png,genuine,0,writer_47,writer_47_sample_15,.png,ResNet50_FineTuned,0.022323642,0,genuine,True
/kaggle/input/datasets/matteocarnebella/cedar-signatures/signatures/signatures_47/forgeries_47_7.png,forgeries_47_7.png,forged,1,writer_47,writer_47_sample_7,.png,ResNet50_FineTuned,0.23816799,0,genuine,False
/kaggle/input/datasets/matteocarnebella/cedar-signatures/signatures/signatures_47/forgeries_47_19.png,forgeries_47_19.png,forged,1,writer_47,writer_47_sample_19,.png,ResNet50_FineTuned,0.59472895,1,forged,True
/kaggle/input/datasets/matteocarnebella/cedar-signatures/signatures/signatures_47/forgeries_47_5.png,forgeries_47_5.png,forged,1,writer_47,writer_47_sample_5,.png,ResNet50_FineTuned,0.45252636,0,genuine,False
/kaggle/input/datasets/matteocarnebella/cedar-signatures/signatures/signatures_47/original_47_19.png,original_47_19.png,genuine,0,writer_47,writer_47_sample_19,.png,ResNet50_FineTuned,0.038523216,0,genuine,True
/kaggle/input/datasets/matteocarnebella/cedar-signatures/signatures/signatures_47/original_47_3.png,original_47_3.png,genuine,0,writer_47,writer_47_sample_3,.png,ResNet50_FineTuned,0.11773883,0,genuine,True
/kaggle/input/datasets/matteocarnebella/cedar-signatures/signatures/signatures_47/original_47_7.png,original_47_7.png,genuine,0,writer_47,writer_47_sample_7,.png,ResNet50_FineTuned,0.0063048247,0,genuine,True
/kaggle/input/datasets/matteocarnebella/cedar-signatures/signatures/signatures_47/forgeries_47_3.png,forgeries_47_3.png,forged,1,writer_47,writer_47_sample_3,.png,ResNet50_FineTuned,0.47903457,0,genuine,False
/kaggle/input/datasets/matteocarnebella/cedar-signatures/signatures/signatures_47/original_47_24.png,original_47_24.png,genuine,0,writer_47,writer_47_sample_24,.png,ResNet50_FineTuned,0.11580736,0,genuine,True
/kaggle/input/datasets/matteocarnebella/cedar-signatures/signatures/signatures_47/forgeries_47_22.png,forgeries_47_22.png,forged,1,writer_47,writer_47_sample_22,.png,ResNet50_FineTuned,0.55722934,1,forged,True
/kaggle/input/datasets/matteocarnebella/cedar-signatures/signatures/signatures_47/forgeries_47_21.png,forgeries_47_21.png,forged,1,writer_47,writer_47_sample_21,.png,ResNet50_FineTuned,0.46302482,0,genuine,False
/kaggle/input/datasets/matteocarnebella/cedar-signatures/signatures/signatures_47/forgeries_47_6.png,forgeries_47_6.png,forged,1,writer_47,writer_47_sample_6,.png,ResNet50_FineTuned,0.5633685,1,forged,True
/kaggle/input/datasets/matteocarnebella/cedar-signatures/signatures/signatures_47/original_47_23.png,original_47_23.png,genuine,0,writer_47,writer_47_sample_23,.png,ResNet50_FineTuned,0.02283744,0,genuine,True
/kaggle/input/datasets/matteocarnebella/cedar-signatures/signatures/signatures_47/forgeries_47_20.png,forgeries_47_20.png,forged,1,writer_47,writer_47_sample_20,.png,ResNet50_FineTuned,0.46346137,0,genuine,False
/kaggle/input/datasets/matteocarnebella/cedar-signatures/signatures/signatures_47/forgeries_47_18.png,forgeries_47_18.png,forged,1,writer_47,writer_47_sample_18,.png,ResNet50_FineTuned,0.6035798,1,forged,True
/kaggle/input/datasets/matteocarnebella/cedar-signatures/signatures/signatures_47/forgeries_47_9.png,forgeries_47_9.png,forged,1,writer_47,writer_47_sample_9,.png,ResNet50_FineTuned,0.5774346,1,forged,True
/kaggle/input/datasets/matteocarnebella/cedar-signatures/signatures/signatures_47/forgeries_47_4.png,forgeries_47_4.png,forged,1,writer_47,writer_47_sample_4,.png,ResNet50_FineTuned,0.3695786,0,genuine,False
/kaggle/input/datasets/matteocarnebella/cedar-signatures/signatures/signatures_47/original_47_2.png,original_47_2.png,genuine,0,writer_47,writer_47_sample_2,.png,ResNet50_FineTuned,0.007804652,0,genuine,True
/kaggle/input/datasets/matteocarnebella/cedar-signatures/signatures/signatures_47/original_47_17.png,original_47_17.png,genuine,0,writer_47,writer_47_sample_17,.png,ResNet50_FineTuned,0.038409285,0,genuine,True
/kaggle/input/datasets/matteocarnebella/cedar-signatures/signatures/signatures_47/original_47_9.png,original_47_9.png,genuine,0,writer_47,writer_47_sample_9,.png,ResNet50_FineTuned,0.0037132793,0,genuine,True
/kaggle/input/datasets/matteocarnebella/cedar-signatures/signatures/signatures_47/forgeries_47_8.png,forgeries_47_8.png,forged,1,writer_47,writer_47_sample_8,.png,ResNet50_FineTuned,0.5069783,1,forged,True
/kaggle/input/datasets/matteocarnebella/cedar-signatures/signatures/signatures_47/forgeries_47_2.png,forgeries_47_2.png,forged,1,writer_47,writer_47_sample_2,.png,ResNet50_FineTuned,0.44460803,0,genuine,False
/kaggle/input/datasets/matteocarnebella/cedar-signatures/signatures/signatures_47/forgeries_47_16.png,forgeries_47_16.png,forged,1,writer_47,writer_47_sample_16,.png,ResNet50_FineTuned,0.63761055,1,forged,True
/kaggle/input/datasets/matteocarnebella/cedar-signatures/signatures/signatures_47/forgeries_47_15.png,forgeries_47_15.png,forged,1,writer_47,writer_47_sample_15,.png,ResNet50_FineTuned,0.64175993,1,forged,True
/kaggle/input/datasets/matteocarnebella/cedar-signatures/signatures/signatures_47/forgeries_47_24.png,forgeries_47_24.png,forged,1,writer_47,writer_47_sample_24,.png,ResNet50_FineTuned,0.5245594,1,forged,True
/kaggle/input/datasets/matteocarnebella/cedar-signatures/signatures/signatures_47/original_47_21.png,original_47_21.png,genuine,0,writer_47,writer_47_sample_21,.png,ResNet50_FineTuned,0.14745519,0,genuine,True
/kaggle/input/datasets/matteocarnebella/cedar-signatures/signatures/signatures_47/original_47_12.png,original_47_12.png,genuine,0,writer_47,writer_47_sample_12,.png,ResNet50_FineTuned,0.009760257,0,genuine,True
/kaggle/input/datasets/matteocarnebella/cedar-signatures/signatures/signatures_47/forgeries_47_11.png,forgeries_47_11.png,forged,1,writer_47,writer_47_sample_11,.png,ResNet50_FineTuned,0.30580413,0,genuine,False
/kaggle/input/datasets/matteocarnebella/cedar-signatures/signatures/signatures_47/original_47_11.png,original_47_11.png,genuine,0,writer_47,writer_47_sample_11,.png,ResNet50_FineTuned,0.020404411,0,genuine,True
/kaggle/input/datasets/matteocarnebella/cedar-signatures/signatures/signatures_47/forgeries_47_1.png,forgeries_47_1.png,forged,1,writer_47,writer_47_sample_1,.png,ResNet50_FineTuned,0.41149828,0,genuine,False
/kaggle/input/datasets/matteocarnebella/cedar-signatures/signatures/signatures_47/forgeries_47_12.png,forgeries_47_12.png,forged,1,writer_47,writer_47_sample_12,.png,ResNet50_FineTuned,0.50228924,1,forged,True
/kaggle/input/datasets/matteocarnebella/cedar-signatures/signatures/signatures_47/original_47_20.png,original_47_20.png,genuine,0,writer_47,writer_47_sample_20,.png,ResNet50_FineTuned,0.08812741,0,genuine,True
/kaggle/input/datasets/matteocarnebella/cedar-signatures/signatures/signatures_47/original_47_6.png,original_47_6.png,genuine,0,writer_47,writer_47_sample_6,.png,ResNet50_FineTuned,0.010908962,0,genuine,True
/kaggle/input/datasets/matteocarnebella/cedar-signatures/signatures/signatures_47/original_47_22.png,original_47_22.png,genuine,0,writer_47,writer_47_sample_22,.png,ResNet50_FineTuned,0.04657653,0,genuine,True
/kaggle/input/datasets/matteocarnebella/cedar-signatures/signatures/signatures_47/original_47_16.png,original_47_16.png,genuine,0,writer_47,writer_47_sample_16,.png,ResNet50_FineTuned,0.09149064,0,genuine,True
/kaggle/input/datasets/matteocarnebella/cedar-signatures/signatures/signatures_47/original_47_13.png,original_47_13.png,genuine,0,writer_47,writer_47_sample_13,.png,ResNet50_FineTuned,0.07897099,0,genuine,True
/kaggle/input/datasets/matteocarnebella/cedar-signatures/signatures/signatures_47/forgeries_47_13.png,forgeries_47_13.png,forged,1,writer_47,writer_47_sample_13,.png,ResNet50_FineTuned,0.55572814,1,forged,True
/kaggle/input/datasets/matteocarnebella/cedar-signatures/signatures/signatures_47/forgeries_47_10.png,forgeries_47_10.png,forged,1,writer_47,writer_47_sample_10,.png,ResNet50_FineTuned,0.4250935,0,genuine,False
/kaggle/input/datasets/matteocarnebella/cedar-signatures/signatures/signatures_47/forgeries_47_17.png,forgeries_47_17.png,forged,1,writer_47,writer_47_sample_17,.png,ResNet50_FineTuned,0.52905095,1,forged,True
/kaggle/input/datasets/matteocarnebella/cedar-signatures/signatures/signatures_47/original_47_5.png,original_47_5.png,genuine,0,writer_47,writer_47_sample_5,.png,ResNet50_FineTuned,0.12041473,0,genuine,True
/kaggle/input/datasets/matteocarnebella/cedar-signatures/signatures/signatures_47/original_47_14.png,original_47_14.png,genuine,0,writer_47,writer_47_sample_14,.png,ResNet50_FineTuned,0.14204012,0,genuine,True
/kaggle/input/datasets/matteocarnebella/cedar-signatures/signatures/signatures_47/original_47_1.png,original_47_1.png,genuine,0,writer_47,writer_47_sample_1,.png,ResNet50_FineTuned,0.02839641,0,genuine,True
/kaggle/input/datasets/matteocarnebella/cedar-signatures/signatures/signatures_47/original_47_10.png,original_47_10.png,genuine,0,writer_47,writer_47_sample_10,.png,ResNet50_FineTuned,0.017785488,0,genuine,True
/kaggle/input/datasets/matteocarnebella/cedar-signatures/signatures/signatures_47/original_47_8.png,original_47_8.png,genuine,0,writer_47,writer_47_sample_8,.png,ResNet50_FineTuned,0.020376567,0,genuine,True
/kaggle/input/datasets/matteocarnebella/cedar-signatures/signatures/signatures_33/forgeries_33_20.png,forgeries_33_20.png,forged,1,writer_33,writer_33_sample_20,.png,ResNet50_FineTuned,0.30521297,0,genuine,False
/kaggle/input/datasets/matteocarnebella/cedar-signatures/signatures/signatures_33/original_33_17.png,original_33_17.png,genuine,0,writer_33,writer_33_sample_17,.png,ResNet50_FineTuned,0.005394971,0,genuine,True
/kaggle/input/datasets/matteocarnebella/cedar-signatures/signatures/signatures_33/original_33_15.png,original_33_15.png,genuine,0,writer_33,writer_33_sample_15,.png,ResNet50_FineTuned,0.025101589,0,genuine,True
/kaggle/input/datasets/matteocarnebella/cedar-signatures/signatures/signatures_33/original_33_9.png,original_33_9.png,genuine,0,writer_33,writer_33_sample_9,.png,ResNet50_FineTuned,0.014404077,0,genuine,True
/kaggle/input/datasets/matteocarnebella/cedar-signatures/signatures/signatures_33/forgeries_33_5.png,forgeries_33_5.png,forged,1,writer_33,writer_33_sample_5,.png,ResNet50_FineTuned,0.65030015,1,forged,True
/kaggle/input/datasets/matteocarnebella/cedar-signatures/signatures/signatures_33/original_33_4.png,original_33_4.png,genuine,0,writer_33,writer_33_sample_4,.png,ResNet50_FineTuned,0.024594715,0,genuine,True
/kaggle/input/datasets/matteocarnebella/cedar-signatures/signatures/signatures_33/forgeries_33_4.png,forgeries_33_4.png,forged,1,writer_33,writer_33_sample_4,.png,ResNet50_FineTuned,0.38007778,0,genuine,False
/kaggle/input/datasets/matteocarnebella/cedar-signatures/signatures/signatures_33/forgeries_33_14.png,forgeries_33_14.png,forged,1,writer_33,writer_33_sample_14,.png,ResNet50_FineTuned,0.39677712,0,genuine,False
/kaggle/input/datasets/matteocarnebella/cedar-signatures/signatures/signatures_33/forgeries_33_13.png,forgeries_33_13.png,forged,1,writer_33,writer_33_sample_13,.png,ResNet50_FineTuned,0.20653532,0,genuine,False
/kaggle/input/datasets/matteocarnebella/cedar-signatures/signatures/signatures_33/forgeries_33_24.png,forgeries_33_24.png,forged,1,writer_33,writer_33_sample_24,.png,ResNet50_FineTuned,0.23978166,0,genuine,False
/kaggle/input/datasets/matteocarnebella/cedar-signatures/signatures/signatures_33/original_33_18.png,original_33_18.png,genuine,0,writer_33,writer_33_sample_18,.png,ResNet50_FineTuned,0.07592382,0,genuine,True
/kaggle/input/datasets/matteocarnebella/cedar-signatures/signatures/signatures_33/original_33_3.png,original_33_3.png,genuine,0,writer_33,writer_33_sample_3,.png,ResNet50_FineTuned,0.024035761,0,genuine,True
/kaggle/input/datasets/matteocarnebella/cedar-signatures/signatures/signatures_33/original_33_19.png,original_33_19.png,genuine,0,writer_33,writer_33_sample_19,.png,ResNet50_FineTuned,0.03671374,0,genuine,True
/kaggle/input/datasets/matteocarnebella/cedar-signatures/signatures/signatures_33/original_33_11.png,original_33_11.png,genuine,0,writer_33,writer_33_sample_11,.png,ResNet50_FineTuned,0.027955875,0,genuine,True
/kaggle/input/datasets/matteocarnebella/cedar-signatures/signatures/signatures_33/original_33_20.png,original_33_20.png,genuine,0,writer_33,writer_33_sample_20,.png,ResNet50_FineTuned,0.028009962,0,genuine,True
/kaggle/input/datasets/matteocarnebella/cedar-signatures/signatures/signatures_33/original_33_13.png,original_33_13.png,genuine,0,writer_33,writer_33_sample_13,.png,ResNet50_FineTuned,0.003703004,0,genuine,True
/kaggle/input/datasets/matteocarnebella/cedar-signatures/signatures/signatures_33/forgeries_33_15.png,forgeries_33_15.png,forged,1,writer_33,writer_33_sample_15,.png,ResNet50_FineTuned,0.19418293,0,genuine,False
/kaggle/input/datasets/matteocarnebella/cedar-signatures/signatures/signatures_33/original_33_24.png,original_33_24.png,genuine,0,writer_33,writer_33_sample_24,.png,ResNet50_FineTuned,0.049580045,0,genuine,True
/kaggle/input/datasets/matteocarnebella/cedar-signatures/signatures/signatures_33/original_33_7.png,original_33_7.png,genuine,0,writer_33,writer_33_sample_7,.png,ResNet50_FineTuned,0.004009941,0,genuine,True
/kaggle/input/datasets/matteocarnebella/cedar-signatures/signatures/signatures_33/forgeries_33_21.png,forgeries_33_21.png,forged,1,writer_33,writer_33_sample_21,.png,ResNet50_FineTuned,0.51231337,1,forged,True
/kaggle/input/datasets/matteocarnebella/cedar-signatures/signatures/signatures_33/original_33_5.png,original_33_5.png,genuine,0,writer_33,writer_33_sample_5,.png,ResNet50_FineTuned,0.009535897,0,genuine,True
/kaggle/input/datasets/matteocarnebella/cedar-signatures/signatures/signatures_33/original_33_22.png,original_33_22.png,genuine,0,writer_33,writer_33_sample_22,.png,ResNet50_FineTuned,0.009152435,0,genuine,True
/kaggle/input/datasets/matteocarnebella/cedar-signatures/signatures/signatures_33/forgeries_33_17.png,forgeries_33_17.png,forged,1,writer_33,writer_33_sample_17,.png,ResNet50_FineTuned,0.46061146,0,genuine,False
/kaggle/input/datasets/matteocarnebella/cedar-signatures/signatures/signatures_33/forgeries_33_18.png,forgeries_33_18.png,forged,1,writer_33,writer_33_sample_18,.png,ResNet50_FineTuned,0.07987336,0,genuine,False
/kaggle/input/datasets/matteocarnebella/cedar-signatures/signatures/signatures_33/original_33_1.png,original_33_1.png,genuine,0,writer_33,writer_33_sample_1,.png,ResNet50_FineTuned,0.0091994945,0,genuine,True
/kaggle/input/datasets/matteocarnebella/cedar-signatures/signatures/signatures_33/forgeries_33_7.png,forgeries_33_7.png,forged,1,writer_33,writer_33_sample_7,.png,ResNet50_FineTuned,0.6477363,1,forged,True
/kaggle/input/datasets/matteocarnebella/cedar-signatures/signatures/signatures_33/original_33_8.png,original_33_8.png,genuine,0,writer_33,writer_33_sample_8,.png,ResNet50_FineTuned,0.01498461,0,genuine,True
/kaggle/input/datasets/matteocarnebella/cedar-signatures/signatures/signatures_33/forgeries_33_3.png,forgeries_33_3.png,forged,1,writer_33,writer_33_sample_3,.png,ResNet50_FineTuned,0.6364885,1,forged,True
/kaggle/input/datasets/matteocarnebella/cedar-signatures/signatures/signatures_33/forgeries_33_11.png,forgeries_33_11.png,forged,1,writer_33,writer_33_sample_11,.png,ResNet50_FineTuned,0.69457626,1,forged,True
/kaggle/input/datasets/matteocarnebella/cedar-signatures/signatures/signatures_33/original_33_14.png,original_33_14.png,genuine,0,writer_33,writer_33_sample_14,.png,ResNet50_FineTuned,0.008598296,0,genuine,True
/kaggle/input/datasets/matteocarnebella/cedar-signatures/signatures/signatures_33/original_33_23.png,original_33_23.png,genuine,0,writer_33,writer_33_sample_23,.png,ResNet50_FineTuned,0.039380845,0,genuine,True
/kaggle/input/datasets/matteocarnebella/cedar-signatures/signatures/signatures_33/forgeries_33_8.png,forgeries_33_8.png,forged,1,writer_33,writer_33_sample_8,.png,ResNet50_FineTuned,0.7493361,1,forged,True
/kaggle/input/datasets/matteocarnebella/cedar-signatures/signatures/signatures_33/original_33_21.png,original_33_21.png,genuine,0,writer_33,writer_33_sample_21,.png,ResNet50_FineTuned,0.005659844,0,genuine,True
/kaggle/input/datasets/matteocarnebella/cedar-signatures/signatures/signatures_33/forgeries_33_9.png,forgeries_33_9.png,forged,1,writer_33,writer_33_sample_9,.png,ResNet50_FineTuned,0.34609473,0,genuine,False
/kaggle/input/datasets/matteocarnebella/cedar-signatures/signatures/signatures_33/original_33_2.png,original_33_2.png,genuine,0,writer_33,writer_33_sample_2,.png,ResNet50_FineTuned,0.016264051,0,genuine,True
/kaggle/input/datasets/matteocarnebella/cedar-signatures/signatures/signatures_33/forgeries_33_22.png,forgeries_33_22.png,forged,1,writer_33,writer_33_sample_22,.png,ResNet50_FineTuned,0.3401222,0,genuine,False
/kaggle/input/datasets/matteocarnebella/cedar-signatures/signatures/signatures_33/forgeries_33_23.png,forgeries_33_23.png,forged,1,writer_33,writer_33_sample_23,.png,ResNet50_FineTuned,0.4281063,0,genuine,False
/kaggle/input/datasets/matteocarnebella/cedar-signatures/signatures/signatures_33/original_33_10.png,original_33_10.png,genuine,0,writer_33,writer_33_sample_10,.png,ResNet50_FineTuned,0.01457025,0,genuine,True
/kaggle/input/datasets/matteocarnebella/cedar-signatures/signatures/signatures_33/forgeries_33_6.png,forgeries_33_6.png,forged,1,writer_33,writer_33_sample_6,.png,ResNet50_FineTuned,0.8229911,1,forged,True
/kaggle/input/datasets/matteocarnebella/cedar-signatures/signatures/signatures_33/original_33_6.png,original_33_6.png,genuine,0,writer_33,writer_33_sample_6,.png,ResNet50_FineTuned,0.01829466,0,genuine,True
/kaggle/input/datasets/matteocarnebella/cedar-signatures/signatures/signatures_33/original_33_12.png,original_33_12.png,genuine,0,writer_33,writer_33_sample_12,.png,ResNet50_FineTuned,0.051995337,0,genuine,True
/kaggle/input/datasets/matteocarnebella/cedar-signatures/signatures/signatures_33/forgeries_33_2.png,forgeries_33_2.png,forged,1,writer_33,writer_33_sample_2,.png,ResNet50_FineTuned,0.44234595,0,genuine,False
/kaggle/input/datasets/matteocarnebella/cedar-signatures/signatures/signatures_33/original_33_16.png,original_33_16.png,genuine,0,writer_33,writer_33_sample_16,.png,ResNet50_FineTuned,0.037244797,0,genuine,True
/kaggle/input/datasets/matteocarnebella/cedar-signatures/signatures/signatures_33/forgeries_33_10.png,forgeries_33_10.png,forged,1,writer_33,writer_33_sample_10,.png,ResNet50_FineTuned,0.69361794,1,forged,True
/kaggle/input/datasets/matteocarnebella/cedar-signatures/signatures/signatures_33/forgeries_33_1.png,forgeries_33_1.png,forged,1,writer_33,writer_33_sample_1,.png,ResNet50_FineTuned,0.47199577,0,genuine,False
/kaggle/input/datasets/matteocarnebella/cedar-signatures/signatures/signatures_33/forgeries_33_19.png,forgeries_33_19.png,forged,1,writer_33,writer_33_sample_19,.png,ResNet50_FineTuned,0.2813598,0,genuine,False
/kaggle/input/datasets/matteocarnebella/cedar-signatures/signatures/signatures_33/forgeries_33_16.png,forgeries_33_16.png,forged,1,writer_33,writer_33_sample_16,.png,ResNet50_FineTuned,0.11511865,0,genuine,False
/kaggle/input/datasets/matteocarnebella/cedar-signatures/signatures/signatures_33/forgeries_33_12.png,forgeries_33_12.png,forged,1,writer_33,writer_33_sample_12,.png,ResNet50_FineTuned,0.5231255,1,forged,True
/kaggle/input/datasets/matteocarnebella/cedar-signatures/signatures/signatures_15/forgeries_15_24.png,forgeries_15_24.png,forged,1,writer_15,writer_15_sample_24,.png,ResNet50_FineTuned,0.686318,1,forged,True
/kaggle/input/datasets/matteocarnebella/cedar-signatures/signatures/signatures_15/original_15_6.png,original_15_6.png,genuine,0,writer_15,writer_15_sample_6,.png,ResNet50_FineTuned,0.019876339,0,genuine,True
/kaggle/input/datasets/matteocarnebella/cedar-signatures/signatures/signatures_15/forgeries_15_22.png,forgeries_15_22.png,forged,1,writer_15,writer_15_sample_22,.png,ResNet50_FineTuned,0.69014657,1,forged,True
/kaggle/input/datasets/matteocarnebella/cedar-signatures/signatures/signatures_15/original_15_7.png,original_15_7.png,genuine,0,writer_15,writer_15_sample_7,.png,ResNet50_FineTuned,0.03840071,0,genuine,True
/kaggle/input/datasets/matteocarnebella/cedar-signatures/signatures/signatures_15/forgeries_15_3.png,forgeries_15_3.png,forged,1,writer_15,writer_15_sample_3,.png,ResNet50_FineTuned,0.6397004,1,forged,True
/kaggle/input/datasets/matteocarnebella/cedar-signatures/signatures/signatures_15/forgeries_15_2.png,forgeries_15_2.png,forged,1,writer_15,writer_15_sample_2,.png,ResNet50_FineTuned,0.7346962,1,forged,True
/kaggle/input/datasets/matteocarnebella/cedar-signatures/signatures/signatures_15/forgeries_15_21.png,forgeries_15_21.png,forged,1,writer_15,writer_15_sample_21,.png,ResNet50_FineTuned,0.6222579,1,forged,True
/kaggle/input/datasets/matteocarnebella/cedar-signatures/signatures/signatures_15/original_15_15.png,original_15_15.png,genuine,0,writer_15,writer_15_sample_15,.png,ResNet50_FineTuned,0.014837279,0,genuine,True
/kaggle/input/datasets/matteocarnebella/cedar-signatures/signatures/signatures_15/forgeries_15_8.png,forgeries_15_8.png,forged,1,writer_15,writer_15_sample_8,.png,ResNet50_FineTuned,0.8457624,1,forged,True
/kaggle/input/datasets/matteocarnebella/cedar-signatures/signatures/signatures_15/forgeries_15_1.png,forgeries_15_1.png,forged,1,writer_15,writer_15_sample_1,.png,ResNet50_FineTuned,0.56837,1,forged,True
/kaggle/input/datasets/matteocarnebella/cedar-signatures/signatures/signatures_15/original_15_11.png,original_15_11.png,genuine,0,writer_15,writer_15_sample_11,.png,ResNet50_FineTuned,0.009087996,0,genuine,True
/kaggle/input/datasets/matteocarnebella/cedar-signatures/signatures/signatures_15/forgeries_15_13.png,forgeries_15_13.png,forged,1,writer_15,writer_15_sample_13,.png,ResNet50_FineTuned,0.6674526,1,forged,True
/kaggle/input/datasets/matteocarnebella/cedar-signatures/signatures/signatures_15/forgeries_15_10.png,forgeries_15_10.png,forged,1,writer_15,writer_15_sample_10,.png,ResNet50_FineTuned,0.7892406,1,forged,True
/kaggle/input/datasets/matteocarnebella/cedar-signatures/signatures/signatures_15/forgeries_15_18.png,forgeries_15_18.png,forged,1,writer_15,writer_15_sample_18,.png,ResNet50_FineTuned,0.837585,1,forged,True
/kaggle/input/datasets/matteocarnebella/cedar-signatures/signatures/signatures_15/original_15_22.png,original_15_22.png,genuine,0,writer_15,writer_15_sample_22,.png,ResNet50_FineTuned,0.004981329,0,genuine,True
/kaggle/input/datasets/matteocarnebella/cedar-signatures/signatures/signatures_15/forgeries_15_6.png,forgeries_15_6.png,forged,1,writer_15,writer_15_sample_6,.png,ResNet50_FineTuned,0.6966835,1,forged,True
/kaggle/input/datasets/matteocarnebella/cedar-signatures/signatures/signatures_15/forgeries_15_9.png,forgeries_15_9.png,forged,1,writer_15,writer_15_sample_9,.png,ResNet50_FineTuned,0.5841883,1,forged,True
/kaggle/input/datasets/matteocarnebella/cedar-signatures/signatures/signatures_15/forgeries_15_7.png,forgeries_15_7.png,forged,1,writer_15,writer_15_sample_7,.png,ResNet50_FineTuned,0.7829417,1,forged,True
/kaggle/input/datasets/matteocarnebella/cedar-signatures/signatures/signatures_15/original_15_23.png,original_15_23.png,genuine,0,writer_15,writer_15_sample_23,.png,ResNet50_FineTuned,0.009812124,0,genuine,True
/kaggle/input/datasets/matteocarnebella/cedar-signatures/signatures/signatures_15/forgeries_15_14.png,forgeries_15_14.png,forged,1,writer_15,writer_15_sample_14,.png,ResNet50_FineTuned,0.6410495,1,forged,True
/kaggle/input/datasets/matteocarnebella/cedar-signatures/signatures/signatures_15/original_15_4.png,original_15_4.png,genuine,0,writer_15,writer_15_sample_4,.png,ResNet50_FineTuned,0.01054312,0,genuine,True
/kaggle/input/datasets/matteocarnebella/cedar-signatures/signatures/signatures_15/original_15_5.png,original_15_5.png,genuine,0,writer_15,writer_15_sample_5,.png,ResNet50_FineTuned,0.0078303125,0,genuine,True
/kaggle/input/datasets/matteocarnebella/cedar-signatures/signatures/signatures_15/original_15_2.png,original_15_2.png,genuine,0,writer_15,writer_15_sample_2,.png,ResNet50_FineTuned,0.01062444,0,genuine,True
/kaggle/input/datasets/matteocarnebella/cedar-signatures/signatures/signatures_15/forgeries_15_15.png,forgeries_15_15.png,forged,1,writer_15,writer_15_sample_15,.png,ResNet50_FineTuned,0.83633876,1,forged,True
/kaggle/input/datasets/matteocarnebella/cedar-signatures/signatures/signatures_15/original_15_9.png,original_15_9.png,genuine,0,writer_15,writer_15_sample_9,.png,ResNet50_FineTuned,0.026714316,0,genuine,True
/kaggle/input/datasets/matteocarnebella/cedar-signatures/signatures/signatures_15/forgeries_15_20.png,forgeries_15_20.png,forged,1,writer_15,writer_15_sample_20,.png,ResNet50_FineTuned,0.6787901,1,forged,True
/kaggle/input/datasets/matteocarnebella/cedar-signatures/signatures/signatures_15/original_15_19.png,original_15_19.png,genuine,0,writer_15,writer_15_sample_19,.png,ResNet50_FineTuned,0.007550699,0,genuine,True
/kaggle/input/datasets/matteocarnebella/cedar-signatures/signatures/signatures_15/forgeries_15_19.png,forgeries_15_19.png,forged,1,writer_15,writer_15_sample_19,.png,ResNet50_FineTuned,0.67575794,1,forged,True
/kaggle/input/datasets/matteocarnebella/cedar-signatures/signatures/signatures_15/original_15_8.png,original_15_8.png,genuine,0,writer_15,writer_15_sample_8,.png,ResNet50_FineTuned,0.012184798,0,genuine,True
/kaggle/input/datasets/matteocarnebella/cedar-signatures/signatures/signatures_15/original_15_17.png,original_15_17.png,genuine,0,writer_15,writer_15_sample_17,.png,ResNet50_FineTuned,0.025895745,0,genuine,True
/kaggle/input/datasets/matteocarnebella/cedar-signatures/signatures/signatures_15/original_15_14.png,original_15_14.png,genuine,0,writer_15,writer_15_sample_14,.png,ResNet50_FineTuned,0.0049888194,0,genuine,True
/kaggle/input/datasets/matteocarnebella/cedar-signatures/signatures/signatures_15/original_15_13.png,original_15_13.png,genuine,0,writer_15,writer_15_sample_13,.png,ResNet50_FineTuned,0.003106293,0,genuine,True
/kaggle/input/datasets/matteocarnebella/cedar-signatures/signatures/signatures_15/original_15_10.png,original_15_10.png,genuine,0,writer_15,writer_15_sample_10,.png,ResNet50_FineTuned,0.010833477,0,genuine,True
/kaggle/input/datasets/matteocarnebella/cedar-signatures/signatures/signatures_15/forgeries_15_17.png,forgeries_15_17.png,forged,1,writer_15,writer_15_sample_17,.png,ResNet50_FineTuned,0.75580317,1,forged,True
/kaggle/input/datasets/matteocarnebella/cedar-signatures/signatures/signatures_15/original_15_24.png,original_15_24.png,genuine,0,writer_15,writer_15_sample_24,.png,ResNet50_FineTuned,0.056721453,0,genuine,True
/kaggle/input/datasets/matteocarnebella/cedar-signatures/signatures/signatures_15/forgeries_15_16.png,forgeries_15_16.png,forged,1,writer_15,writer_15_sample_16,.png,ResNet50_FineTuned,0.44691876,0,genuine,False
/kaggle/input/datasets/matteocarnebella/cedar-signatures/signatures/signatures_15/original_15_21.png,original_15_21.png,genuine,0,writer_15,writer_15_sample_21,.png,ResNet50_FineTuned,0.0052953754,0,genuine,True
/kaggle/input/datasets/matteocarnebella/cedar-signatures/signatures/signatures_15/forgeries_15_5.png,forgeries_15_5.png,forged,1,writer_15,writer_15_sample_5,.png,ResNet50_FineTuned,0.6498942,1,forged,True
/kaggle/input/datasets/matteocarnebella/cedar-signatures/signatures/signatures_15/original_15_20.png,original_15_20.png,genuine,0,writer_15,writer_15_sample_20,.png,ResNet50_FineTuned,0.022214333,0,genuine,True
/kaggle/input/datasets/matteocarnebella/cedar-signatures/signatures/signatures_15/original_15_16.png,original_15_16.png,genuine,0,writer_15,writer_15_sample_16,.png,ResNet50_FineTuned,0.016060103,0,genuine,True
/kaggle/input/datasets/matteocarnebella/cedar-signatures/signatures/signatures_15/forgeries_15_12.png,forgeries_15_12.png,forged,1,writer_15,writer_15_sample_12,.png,ResNet50_FineTuned,0.5161119,1,forged,True
/kaggle/input/datasets/matteocarnebella/cedar-signatures/signatures/signatures_15/original_15_18.png,original_15_18.png,genuine,0,writer_15,writer_15_sample_18,.png,ResNet50_FineTuned,0.018376185,0,genuine,True
/kaggle/input/datasets/matteocarnebella/cedar-signatures/signatures/signatures_15/original_15_3.png,original_15_3.png,genuine,0,writer_15,writer_15_sample_3,.png,ResNet50_FineTuned,0.027805392,0,genuine,True
/kaggle/input/datasets/matteocarnebella/cedar-signatures/signatures/signatures_15/original_15_12.png,original_15_12.png,genuine,0,writer_15,writer_15_sample_12,.png,ResNet50_FineTuned,0.041524485,0,genuine,True
/kaggle/input/datasets/matteocarnebella/cedar-signatures/signatures/signatures_15/forgeries_15_4.png,forgeries_15_4.png,forged,1,writer_15,writer_15_sample_4,.png,ResNet50_FineTuned,0.7733805,1,forged,True
/kaggle/input/datasets/matteocarnebella/cedar-signatures/signatures/signatures_15/forgeries_15_11.png,forgeries_15_11.png,forged,1,writer_15,writer_15_sample_11,.png,ResNet50_FineTuned,0.48040295,0,genuine,False
/kaggle/input/datasets/matteocarnebella/cedar-signatures/signatures/signatures_15/original_15_1.png,original_15_1.png,genuine,0,writer_15,writer_15_sample_1,.png,ResNet50_FineTuned,0.059738006,0,genuine,True
/kaggle/input/datasets/matteocarnebella/cedar-signatures/signatures/signatures_15/forgeries_15_23.png,forgeries_15_23.png,forged,1,writer_15,writer_15_sample_23,.png,ResNet50_FineTuned,0.7325529,1,forged,True
/kaggle/input/datasets/matteocarnebella/cedar-signatures/signatures/signatures_4/forgeries_4_17.png,forgeries_4_17.png,forged,1,writer_4,writer_4_sample_17,.png,ResNet50_FineTuned,0.5823777,1,forged,True
/kaggle/input/datasets/matteocarnebella/cedar-signatures/signatures/signatures_4/original_4_3.png,original_4_3.png,genuine,0,writer_4,writer_4_sample_3,.png,ResNet50_FineTuned,0.07778656,0,genuine,True
/kaggle/input/datasets/matteocarnebella/cedar-signatures/signatures/signatures_4/forgeries_4_9.png,forgeries_4_9.png,forged,1,writer_4,writer_4_sample_9,.png,ResNet50_FineTuned,0.25000536,0,genuine,False
/kaggle/input/datasets/matteocarnebella/cedar-signatures/signatures/signatures_4/original_4_12.png,original_4_12.png,genuine,0,writer_4,writer_4_sample_12,.png,ResNet50_FineTuned,0.08589995,0,genuine,True
/kaggle/input/datasets/matteocarnebella/cedar-signatures/signatures/signatures_4/original_4_10.png,original_4_10.png,genuine,0,writer_4,writer_4_sample_10,.png,ResNet50_FineTuned,0.008844692,0,genuine,True
/kaggle/input/datasets/matteocarnebella/cedar-signatures/signatures/signatures_4/forgeries_4_16.png,forgeries_4_16.png,forged,1,writer_4,writer_4_sample_16,.png,ResNet50_FineTuned,0.59397364,1,forged,True
/kaggle/input/datasets/matteocarnebella/cedar-signatures/signatures/signatures_4/original_4_11.png,original_4_11.png,genuine,0,writer_4,writer_4_sample_11,.png,ResNet50_FineTuned,0.029758882,0,genuine,True
/kaggle/input/datasets/matteocarnebella/cedar-signatures/signatures/signatures_4/forgeries_4_2.png,forgeries_4_2.png,forged,1,writer_4,writer_4_sample_2,.png,ResNet50_FineTuned,0.6295395,1,forged,True
/kaggle/input/datasets/matteocarnebella/cedar-signatures/signatures/signatures_4/forgeries_4_1.png,forgeries_4_1.png,forged,1,writer_4,writer_4_sample_1,.png,ResNet50_FineTuned,0.33320212,0,genuine,False
/kaggle/input/datasets/matteocarnebella/cedar-signatures/signatures/signatures_4/original_4_9.png,original_4_9.png,genuine,0,writer_4,writer_4_sample_9,.png,ResNet50_FineTuned,0.014616164,0,genuine,True
/kaggle/input/datasets/matteocarnebella/cedar-signatures/signatures/signatures_4/forgeries_4_18.png,forgeries_4_18.png,forged,1,writer_4,writer_4_sample_18,.png,ResNet50_FineTuned,0.38480982,0,genuine,False
/kaggle/input/datasets/matteocarnebella/cedar-signatures/signatures/signatures_4/original_4_24.png,original_4_24.png,genuine,0,writer_4,writer_4_sample_24,.png,ResNet50_FineTuned,0.07459915,0,genuine,True
/kaggle/input/datasets/matteocarnebella/cedar-signatures/signatures/signatures_4/original_4_19.png,original_4_19.png,genuine,0,writer_4,writer_4_sample_19,.png,ResNet50_FineTuned,0.062043846,0,genuine,True
/kaggle/input/datasets/matteocarnebella/cedar-signatures/signatures/signatures_4/original_4_13.png,original_4_13.png,genuine,0,writer_4,writer_4_sample_13,.png,ResNet50_FineTuned,0.042285923,0,genuine,True
/kaggle/input/datasets/matteocarnebella/cedar-signatures/signatures/signatures_4/original_4_23.png,original_4_23.png,genuine,0,writer_4,writer_4_sample_23,.png,ResNet50_FineTuned,0.010735461,0,genuine,True
/kaggle/input/datasets/matteocarnebella/cedar-signatures/signatures/signatures_4/forgeries_4_10.png,forgeries_4_10.png,forged,1,writer_4,writer_4_sample_10,.png,ResNet50_FineTuned,0.48407263,0,genuine,False
/kaggle/input/datasets/matteocarnebella/cedar-signatures/signatures/signatures_4/forgeries_4_4.png,forgeries_4_4.png,forged,1,writer_4,writer_4_sample_4,.png,ResNet50_FineTuned,0.21870603,0,genuine,False
/kaggle/input/datasets/matteocarnebella/cedar-signatures/signatures/signatures_4/original_4_7.png,original_4_7.png,genuine,0,writer_4,writer_4_sample_7,.png,ResNet50_FineTuned,0.048847098,0,genuine,True
/kaggle/input/datasets/matteocarnebella/cedar-signatures/signatures/signatures_4/original_4_6.png,original_4_6.png,genuine,0,writer_4,writer_4_sample_6,.png,ResNet50_FineTuned,0.14139295,0,genuine,True
/kaggle/input/datasets/matteocarnebella/cedar-signatures/signatures/signatures_4/forgeries_4_23.png,forgeries_4_23.png,forged,1,writer_4,writer_4_sample_23,.png,ResNet50_FineTuned,0.5720184,1,forged,True
/kaggle/input/datasets/matteocarnebella/cedar-signatures/signatures/signatures_4/forgeries_4_3.png,forgeries_4_3.png,forged,1,writer_4,writer_4_sample_3,.png,ResNet50_FineTuned,0.27350152,0,genuine,False
/kaggle/input/datasets/matteocarnebella/cedar-signatures/signatures/signatures_4/forgeries_4_6.png,forgeries_4_6.png,forged,1,writer_4,writer_4_sample_6,.png,ResNet50_FineTuned,0.37619504,0,genuine,False
/kaggle/input/datasets/matteocarnebella/cedar-signatures/signatures/signatures_4/original_4_5.png,original_4_5.png,genuine,0,writer_4,writer_4_sample_5,.png,ResNet50_FineTuned,0.10978647,0,genuine,True
/kaggle/input/datasets/matteocarnebella/cedar-signatures/signatures/signatures_4/forgeries_4_22.png,forgeries_4_22.png,forged,1,writer_4,writer_4_sample_22,.png,ResNet50_FineTuned,0.48904428,0,genuine,False
/kaggle/input/datasets/matteocarnebella/cedar-signatures/signatures/signatures_4/forgeries_4_19.png,forgeries_4_19.png,forged,1,writer_4,writer_4_sample_19,.png,ResNet50_FineTuned,0.521214,1,forged,True
/kaggle/input/datasets/matteocarnebella/cedar-signatures/signatures/signatures_4/forgeries_4_11.png,forgeries_4_11.png,forged,1,writer_4,writer_4_sample_11,.png,ResNet50_FineTuned,0.8166605,1,forged,True
/kaggle/input/datasets/matteocarnebella/cedar-signatures/signatures/signatures_4/original_4_18.png,original_4_18.png,genuine,0,writer_4,writer_4_sample_18,.png,ResNet50_FineTuned,0.07760779,0,genuine,True
/kaggle/input/datasets/matteocarnebella/cedar-signatures/signatures/signatures_4/forgeries_4_14.png,forgeries_4_14.png,forged,1,writer_4,writer_4_sample_14,.png,ResNet50_FineTuned,0.39561018,0,genuine,False
/kaggle/input/datasets/matteocarnebella/cedar-signatures/signatures/signatures_4/forgeries_4_5.png,forgeries_4_5.png,forged,1,writer_4,writer_4_sample_5,.png,ResNet50_FineTuned,0.7948489,1,forged,True
/kaggle/input/datasets/matteocarnebella/cedar-signatures/signatures/signatures_4/original_4_16.png,original_4_16.png,genuine,0,writer_4,writer_4_sample_16,.png,ResNet50_FineTuned,0.053487953,0,genuine,True
/kaggle/input/datasets/matteocarnebella/cedar-signatures/signatures/signatures_4/forgeries_4_15.png,forgeries_4_15.png,forged,1,writer_4,writer_4_sample_15,.png,ResNet50_FineTuned,0.40304574,0,genuine,False
/kaggle/input/datasets/matteocarnebella/cedar-signatures/signatures/signatures_4/original_4_1.png,original_4_1.png,genuine,0,writer_4,writer_4_sample_1,.png,ResNet50_FineTuned,0.06880017,0,genuine,True
/kaggle/input/datasets/matteocarnebella/cedar-signatures/signatures/signatures_4/original_4_4.png,original_4_4.png,genuine,0,writer_4,writer_4_sample_4,.png,ResNet50_FineTuned,0.04602039,0,genuine,True
/kaggle/input/datasets/matteocarnebella/cedar-signatures/signatures/signatures_4/original_4_20.png,original_4_20.png,genuine,0,writer_4,writer_4_sample_20,.png,ResNet50_FineTuned,0.016616935,0,genuine,True
/kaggle/input/datasets/matteocarnebella/cedar-signatures/signatures/signatures_4/original_4_14.png,original_4_14.png,genuine,0,writer_4,writer_4_sample_14,.png,ResNet50_FineTuned,0.048865058,0,genuine,True
/kaggle/input/datasets/matteocarnebella/cedar-signatures/signatures/signatures_4/original_4_15.png,original_4_15.png,genuine,0,writer_4,writer_4_sample_15,.png,ResNet50_FineTuned,0.016956665,0,genuine,True
/kaggle/input/datasets/matteocarnebella/cedar-signatures/signatures/signatures_4/original_4_8.png,original_4_8.png,genuine,0,writer_4,writer_4_sample_8,.png,ResNet50_FineTuned,0.08240153,0,genuine,True
/kaggle/input/datasets/matteocarnebella/cedar-signatures/signatures/signatures_4/forgeries_4_13.png,forgeries_4_13.png,forged,1,writer_4,writer_4_sample_13,.png,ResNet50_FineTuned,0.6025166,1,forged,True
/kaggle/input/datasets/matteocarnebella/cedar-signatures/signatures/signatures_4/forgeries_4_20.png,forgeries_4_20.png,forged,1,writer_4,writer_4_sample_20,.png,ResNet50_FineTuned,0.22041485,0,genuine,False
/kaggle/input/datasets/matteocarnebella/cedar-signatures/signatures/signatures_4/forgeries_4_8.png,forgeries_4_8.png,forged,1,writer_4,writer_4_sample_8,.png,ResNet50_FineTuned,0.27874297,0,genuine,False
/kaggle/input/datasets/matteocarnebella/cedar-signatures/signatures/signatures_4/original_4_2.png,original_4_2.png,genuine,0,writer_4,writer_4_sample_2,.png,ResNet50_FineTuned,0.03719264,0,genuine,True
/kaggle/input/datasets/matteocarnebella/cedar-signatures/signatures/signatures_4/original_4_21.png,original_4_21.png,genuine,0,writer_4,writer_4_sample_21,.png,ResNet50_FineTuned,0.012821685,0,genuine,True
/kaggle/input/datasets/matteocarnebella/cedar-signatures/signatures/signatures_4/original_4_17.png,original_4_17.png,genuine,0,writer_4,writer_4_sample_17,.png,ResNet50_FineTuned,0.009165494,0,genuine,True
/kaggle/input/datasets/matteocarnebella/cedar-signatures/signatures/signatures_4/forgeries_4_21.png,forgeries_4_21.png,forged,1,writer_4,writer_4_sample_21,.png,ResNet50_FineTuned,0.39437535,0,genuine,False
/kaggle/input/datasets/matteocarnebella/cedar-signatures/signatures/signatures_4/original_4_22.png,original_4_22.png,genuine,0,writer_4,writer_4_sample_22,.png,ResNet50_FineTuned,0.012389881,0,genuine,True
/kaggle/input/datasets/matteocarnebella/cedar-signatures/signatures/signatures_4/forgeries_4_12.png,forgeries_4_12.png,forged,1,writer_4,writer_4_sample_12,.png,ResNet50_FineTuned,0.27489373,0,genuine,False
/kaggle/input/datasets/matteocarnebella/cedar-signatures/signatures/signatures_4/forgeries_4_7.png,forgeries_4_7.png,forged,1,writer_4,writer_4_sample_7,.png,ResNet50_FineTuned,0.28583136,0,genuine,False
/kaggle/input/datasets/matteocarnebella/cedar-signatures/signatures/signatures_4/forgeries_4_24.png,forgeries_4_24.png,forged,1,writer_4,writer_4_sample_24,.png,ResNet50_FineTuned,0.5114174,1,forged,True
/kaggle/input/datasets/matteocarnebella/cedar-signatures/signatures/signatures_14/forgeries_14_1.png,forgeries_14_1.png,forged,1,writer_14,writer_14_sample_1,.png,ResNet50_FineTuned,0.28726247,0,genuine,False
/kaggle/input/datasets/matteocarnebella/cedar-signatures/signatures/signatures_14/original_14_10.png,original_14_10.png,genuine,0,writer_14,writer_14_sample_10,.png,ResNet50_FineTuned,0.038113188,0,genuine,True
/kaggle/input/datasets/matteocarnebella/cedar-signatures/signatures/signatures_14/forgeries_14_6.png,forgeries_14_6.png,forged,1,writer_14,writer_14_sample_6,.png,ResNet50_FineTuned,0.28562656,0,genuine,False
/kaggle/input/datasets/matteocarnebella/cedar-signatures/signatures/signatures_14/forgeries_14_18.png,forgeries_14_18.png,forged,1,writer_14,writer_14_sample_18,.png,ResNet50_FineTuned,0.29814595,0,genuine,False
/kaggle/input/datasets/matteocarnebella/cedar-signatures/signatures/signatures_14/forgeries_14_22.png,forgeries_14_22.png,forged,1,writer_14,writer_14_sample_22,.png,ResNet50_FineTuned,0.0773416,0,genuine,False
/kaggle/input/datasets/matteocarnebella/cedar-signatures/signatures/signatures_14/original_14_5.png,original_14_5.png,genuine,0,writer_14,writer_14_sample_5,.png,ResNet50_FineTuned,0.03987526,0,genuine,True
/kaggle/input/datasets/matteocarnebella/cedar-signatures/signatures/signatures_14/original_14_4.png,original_14_4.png,genuine,0,writer_14,writer_14_sample_4,.png,ResNet50_FineTuned,0.036776904,0,genuine,True
/kaggle/input/datasets/matteocarnebella/cedar-signatures/signatures/signatures_14/original_14_24.png,original_14_24.png,genuine,0,writer_14,writer_14_sample_24,.png,ResNet50_FineTuned,0.0066492995,0,genuine,True
/kaggle/input/datasets/matteocarnebella/cedar-signatures/signatures/signatures_14/original_14_15.png,original_14_15.png,genuine,0,writer_14,writer_14_sample_15,.png,ResNet50_FineTuned,0.08097868,0,genuine,True
/kaggle/input/datasets/matteocarnebella/cedar-signatures/signatures/signatures_14/original_14_9.png,original_14_9.png,genuine,0,writer_14,writer_14_sample_9,.png,ResNet50_FineTuned,0.022928048,0,genuine,True
/kaggle/input/datasets/matteocarnebella/cedar-signatures/signatures/signatures_14/forgeries_14_10.png,forgeries_14_10.png,forged,1,writer_14,writer_14_sample_10,.png,ResNet50_FineTuned,0.44362763,0,genuine,False
/kaggle/input/datasets/matteocarnebella/cedar-signatures/signatures/signatures_14/forgeries_14_16.png,forgeries_14_16.png,forged,1,writer_14,writer_14_sample_16,.png,ResNet50_FineTuned,0.14092484,0,genuine,False
/kaggle/input/datasets/matteocarnebella/cedar-signatures/signatures/signatures_14/forgeries_14_14.png,forgeries_14_14.png,forged,1,writer_14,writer_14_sample_14,.png,ResNet50_FineTuned,0.4201572,0,genuine,False
/kaggle/input/datasets/matteocarnebella/cedar-signatures/signatures/signatures_14/forgeries_14_19.png,forgeries_14_19.png,forged,1,writer_14,writer_14_sample_19,.png,ResNet50_FineTuned,0.32145154,0,genuine,False
/kaggle/input/datasets/matteocarnebella/cedar-signatures/signatures/signatures_14/forgeries_14_24.png,forgeries_14_24.png,forged,1,writer_14,writer_14_sample_24,.png,ResNet50_FineTuned,0.2612447,0,genuine,False
/kaggle/input/datasets/matteocarnebella/cedar-signatures/signatures/signatures_14/original_14_21.png,original_14_21.png,genuine,0,writer_14,writer_14_sample_21,.png,ResNet50_FineTuned,0.037735786,0,genuine,True
/kaggle/input/datasets/matteocarnebella/cedar-signatures/signatures/signatures_14/forgeries_14_12.png,forgeries_14_12.png,forged,1,writer_14,writer_14_sample_12,.png,ResNet50_FineTuned,0.3114858,0,genuine,False
/kaggle/input/datasets/matteocarnebella/cedar-signatures/signatures/signatures_14/original_14_6.png,original_14_6.png,genuine,0,writer_14,writer_14_sample_6,.png,ResNet50_FineTuned,0.009378159,0,genuine,True
/kaggle/input/datasets/matteocarnebella/cedar-signatures/signatures/signatures_14/forgeries_14_5.png,forgeries_14_5.png,forged,1,writer_14,writer_14_sample_5,.png,ResNet50_FineTuned,0.38006678,0,genuine,False
/kaggle/input/datasets/matteocarnebella/cedar-signatures/signatures/signatures_14/original_14_19.png,original_14_19.png,genuine,0,writer_14,writer_14_sample_19,.png,ResNet50_FineTuned,0.028810205,0,genuine,True
/kaggle/input/datasets/matteocarnebella/cedar-signatures/signatures/signatures_14/forgeries_14_11.png,forgeries_14_11.png,forged,1,writer_14,writer_14_sample_11,.png,ResNet50_FineTuned,0.44077775,0,genuine,False
/kaggle/input/datasets/matteocarnebella/cedar-signatures/signatures/signatures_14/original_14_13.png,original_14_13.png,genuine,0,writer_14,writer_14_sample_13,.png,ResNet50_FineTuned,0.009818899,0,genuine,True
/kaggle/input/datasets/matteocarnebella/cedar-signatures/signatures/signatures_14/original_14_14.png,original_14_14.png,genuine,0,writer_14,writer_14_sample_14,.png,ResNet50_FineTuned,0.02375257,0,genuine,True
/kaggle/input/datasets/matteocarnebella/cedar-signatures/signatures/signatures_14/forgeries_14_3.png,forgeries_14_3.png,forged,1,writer_14,writer_14_sample_3,.png,ResNet50_FineTuned,0.42680576,0,genuine,False
/kaggle/input/datasets/matteocarnebella/cedar-signatures/signatures/signatures_14/forgeries_14_21.png,forgeries_14_21.png,forged,1,writer_14,writer_14_sample_21,.png,ResNet50_FineTuned,0.11093114,0,genuine,False
/kaggle/input/datasets/matteocarnebella/cedar-signatures/signatures/signatures_14/original_14_1.png,original_14_1.png,genuine,0,writer_14,writer_14_sample_1,.png,ResNet50_FineTuned,0.005557135,0,genuine,True
/kaggle/input/datasets/matteocarnebella/cedar-signatures/signatures/signatures_14/original_14_20.png,original_14_20.png,genuine,0,writer_14,writer_14_sample_20,.png,ResNet50_FineTuned,0.12096055,0,genuine,True
/kaggle/input/datasets/matteocarnebella/cedar-signatures/signatures/signatures_14/original_14_3.png,original_14_3.png,genuine,0,writer_14,writer_14_sample_3,.png,ResNet50_FineTuned,0.004454053,0,genuine,True
/kaggle/input/datasets/matteocarnebella/cedar-signatures/signatures/signatures_14/original_14_18.png,original_14_18.png,genuine,0,writer_14,writer_14_sample_18,.png,ResNet50_FineTuned,0.0490597,0,genuine,True
/kaggle/input/datasets/matteocarnebella/cedar-signatures/signatures/signatures_14/forgeries_14_17.png,forgeries_14_17.png,forged,1,writer_14,writer_14_sample_17,.png,ResNet50_FineTuned,0.39550132,0,genuine,False
/kaggle/input/datasets/matteocarnebella/cedar-signatures/signatures/signatures_14/original_14_17.png,original_14_17.png,genuine,0,writer_14,writer_14_sample_17,.png,ResNet50_FineTuned,0.026794737,0,genuine,True
/kaggle/input/datasets/matteocarnebella/cedar-signatures/signatures/signatures_14/forgeries_14_13.png,forgeries_14_13.png,forged,1,writer_14,writer_14_sample_13,.png,ResNet50_FineTuned,0.26798674,0,genuine,False
/kaggle/input/datasets/matteocarnebella/cedar-signatures/signatures/signatures_14/forgeries_14_23.png,forgeries_14_23.png,forged,1,writer_14,writer_14_sample_23,.png,ResNet50_FineTuned,0.19189778,0,genuine,False
/kaggle/input/datasets/matteocarnebella/cedar-signatures/signatures/signatures_14/forgeries_14_15.png,forgeries_14_15.png,forged,1,writer_14,writer_14_sample_15,.png,ResNet50_FineTuned,0.20776004,0,genuine,False
/kaggle/input/datasets/matteocarnebella/cedar-signatures/signatures/signatures_14/original_14_8.png,original_14_8.png,genuine,0,writer_14,writer_14_sample_8,.png,ResNet50_FineTuned,0.028581226,0,genuine,True
/kaggle/input/datasets/matteocarnebella/cedar-signatures/signatures/signatures_14/forgeries_14_8.png,forgeries_14_8.png,forged,1,writer_14,writer_14_sample_8,.png,ResNet50_FineTuned,0.48109925,0,genuine,False
/kaggle/input/datasets/matteocarnebella/cedar-signatures/signatures/signatures_14/forgeries_14_2.png,forgeries_14_2.png,forged,1,writer_14,writer_14_sample_2,.png,ResNet50_FineTuned,0.41559604,0,genuine,False
/kaggle/input/datasets/matteocarnebella/cedar-signatures/signatures/signatures_14/original_14_16.png,original_14_16.png,genuine,0,writer_14,writer_14_sample_16,.png,ResNet50_FineTuned,0.01671582,0,genuine,True
/kaggle/input/datasets/matteocarnebella/cedar-signatures/signatures/signatures_14/forgeries_14_7.png,forgeries_14_7.png,forged,1,writer_14,writer_14_sample_7,.png,ResNet50_FineTuned,0.3581235,0,genuine,False
/kaggle/input/datasets/matteocarnebella/cedar-signatures/signatures/signatures_14/original_14_22.png,original_14_22.png,genuine,0,writer_14,writer_14_sample_22,.png,ResNet50_FineTuned,0.01888914,0,genuine,True
/kaggle/input/datasets/matteocarnebella/cedar-signatures/signatures/signatures_14/original_14_23.png,original_14_23.png,genuine,0,writer_14,writer_14_sample_23,.png,ResNet50_FineTuned,0.028911678,0,genuine,True
/kaggle/input/datasets/matteocarnebella/cedar-signatures/signatures/signatures_14/original_14_12.png,original_14_12.png,genuine,0,writer_14,writer_14_sample_12,.png,ResNet50_FineTuned,0.012383033,0,genuine,True
/kaggle/input/datasets/matteocarnebella/cedar-signatures/signatures/signatures_14/original_14_11.png,original_14_11.png,genuine,0,writer_14,writer_14_sample_11,.png,ResNet50_FineTuned,0.011361612,0,genuine,True
/kaggle/input/datasets/matteocarnebella/cedar-signatures/signatures/signatures_14/original_14_2.png,original_14_2.png,genuine,0,writer_14,writer_14_sample_2,.png,ResNet50_FineTuned,0.02847169,0,genuine,True
/kaggle/input/datasets/matteocarnebella/cedar-signatures/signatures/signatures_14/forgeries_14_9.png,forgeries_14_9.png,forged,1,writer_14,writer_14_sample_9,.png,ResNet50_FineTuned,0.3125099,0,genuine,False
/kaggle/input/datasets/matteocarnebella/cedar-signatures/signatures/signatures_14/original_14_7.png,original_14_7.png,genuine,0,writer_14,writer_14_sample_7,.png,ResNet50_FineTuned,0.018840088,0,genuine,True
/kaggle/input/datasets/matteocarnebella/cedar-signatures/signatures/signatures_14/forgeries_14_20.png,forgeries_14_20.png,forged,1,writer_14,writer_14_sample_20,.png,ResNet50_FineTuned,0.5399268,1,forged,True
/kaggle/input/datasets/matteocarnebella/cedar-signatures/signatures/signatures_14/forgeries_14_4.png,forgeries_14_4.png,forged,1,writer_14,writer_14_sample_4,.png,ResNet50_FineTuned,0.32876268,0,genuine,False
/kaggle/input/datasets/matteocarnebella/cedar-signatures/signatures/signatures_21/original_21_14.png,original_21_14.png,genuine,0,writer_21,writer_21_sample_14,.png,ResNet50_FineTuned,0.006645103,0,genuine,True
/kaggle/input/datasets/matteocarnebella/cedar-signatures/signatures/signatures_21/original_21_5.png,original_21_5.png,genuine,0,writer_21,writer_21_sample_5,.png,ResNet50_FineTuned,0.005090034,0,genuine,True
/kaggle/input/datasets/matteocarnebella/cedar-signatures/signatures/signatures_21/forgeries_21_10.png,forgeries_21_10.png,forged,1,writer_21,writer_21_sample_10,.png,ResNet50_FineTuned,0.4878967,0,genuine,False
/kaggle/input/datasets/matteocarnebella/cedar-signatures/signatures/signatures_21/original_21_17.png,original_21_17.png,genuine,0,writer_21,writer_21_sample_17,.png,ResNet50_FineTuned,0.023745306,0,genuine,True
/kaggle/input/datasets/matteocarnebella/cedar-signatures/signatures/signatures_21/original_21_13.png,original_21_13.png,genuine,0,writer_21,writer_21_sample_13,.png,ResNet50_FineTuned,0.013141088,0,genuine,True
/kaggle/input/datasets/matteocarnebella/cedar-signatures/signatures/signatures_21/forgeries_21_15.png,forgeries_21_15.png,forged,1,writer_21,writer_21_sample_15,.png,ResNet50_FineTuned,0.6154108,1,forged,True
/kaggle/input/datasets/matteocarnebella/cedar-signatures/signatures/signatures_21/original_21_22.png,original_21_22.png,genuine,0,writer_21,writer_21_sample_22,.png,ResNet50_FineTuned,0.0026326843,0,genuine,True
/kaggle/input/datasets/matteocarnebella/cedar-signatures/signatures/signatures_21/original_21_15.png,original_21_15.png,genuine,0,writer_21,writer_21_sample_15,.png,ResNet50_FineTuned,0.011568936,0,genuine,True
/kaggle/input/datasets/matteocarnebella/cedar-signatures/signatures/signatures_21/forgeries_21_1.png,forgeries_21_1.png,forged,1,writer_21,writer_21_sample_1,.png,ResNet50_FineTuned,0.5596403,1,forged,True
/kaggle/input/datasets/matteocarnebella/cedar-signatures/signatures/signatures_21/original_21_16.png,original_21_16.png,genuine,0,writer_21,writer_21_sample_16,.png,ResNet50_FineTuned,0.011162688,0,genuine,True
/kaggle/input/datasets/matteocarnebella/cedar-signatures/signatures/signatures_21/forgeries_21_11.png,forgeries_21_11.png,forged,1,writer_21,writer_21_sample_11,.png,ResNet50_FineTuned,0.65616256,1,forged,True
/kaggle/input/datasets/matteocarnebella/cedar-signatures/signatures/signatures_21/original_21_20.png,original_21_20.png,genuine,0,writer_21,writer_21_sample_20,.png,ResNet50_FineTuned,0.007445233,0,genuine,True
/kaggle/input/datasets/matteocarnebella/cedar-signatures/signatures/signatures_21/forgeries_21_22.png,forgeries_21_22.png,forged,1,writer_21,writer_21_sample_22,.png,ResNet50_FineTuned,0.2784836,0,genuine,False
/kaggle/input/datasets/matteocarnebella/cedar-signatures/signatures/signatures_21/original_21_12.png,original_21_12.png,genuine,0,writer_21,writer_21_sample_12,.png,ResNet50_FineTuned,0.016585026,0,genuine,True
/kaggle/input/datasets/matteocarnebella/cedar-signatures/signatures/signatures_21/forgeries_21_17.png,forgeries_21_17.png,forged,1,writer_21,writer_21_sample_17,.png,ResNet50_FineTuned,0.71270543,1,forged,True
/kaggle/input/datasets/matteocarnebella/cedar-signatures/signatures/signatures_21/forgeries_21_5.png,forgeries_21_5.png,forged,1,writer_21,writer_21_sample_5,.png,ResNet50_FineTuned,0.33179805,0,genuine,False
/kaggle/input/datasets/matteocarnebella/cedar-signatures/signatures/signatures_21/forgeries_21_6.png,forgeries_21_6.png,forged,1,writer_21,writer_21_sample_6,.png,ResNet50_FineTuned,0.36787164,0,genuine,False
/kaggle/input/datasets/matteocarnebella/cedar-signatures/signatures/signatures_21/forgeries_21_21.png,forgeries_21_21.png,forged,1,writer_21,writer_21_sample_21,.png,ResNet50_FineTuned,0.33485025,0,genuine,False
/kaggle/input/datasets/matteocarnebella/cedar-signatures/signatures/signatures_21/forgeries_21_20.png,forgeries_21_20.png,forged,1,writer_21,writer_21_sample_20,.png,ResNet50_FineTuned,0.6685368,1,forged,True
/kaggle/input/datasets/matteocarnebella/cedar-signatures/signatures/signatures_21/forgeries_21_2.png,forgeries_21_2.png,forged,1,writer_21,writer_21_sample_2,.png,ResNet50_FineTuned,0.47468013,0,genuine,False
/kaggle/input/datasets/matteocarnebella/cedar-signatures/signatures/signatures_21/original_21_10.png,original_21_10.png,genuine,0,writer_21,writer_21_sample_10,.png,ResNet50_FineTuned,0.0040654223,0,genuine,True
/kaggle/input/datasets/matteocarnebella/cedar-signatures/signatures/signatures_21/forgeries_21_14.png,forgeries_21_14.png,forged,1,writer_21,writer_21_sample_14,.png,ResNet50_FineTuned,0.68021023,1,forged,True
/kaggle/input/datasets/matteocarnebella/cedar-signatures/signatures/signatures_21/original_21_4.png,original_21_4.png,genuine,0,writer_21,writer_21_sample_4,.png,ResNet50_FineTuned,0.00519789,0,genuine,True
/kaggle/input/datasets/matteocarnebella/cedar-signatures/signatures/signatures_21/forgeries_21_12.png,forgeries_21_12.png,forged,1,writer_21,writer_21_sample_12,.png,ResNet50_FineTuned,0.6756046,1,forged,True
/kaggle/input/datasets/matteocarnebella/cedar-signatures/signatures/signatures_21/forgeries_21_4.png,forgeries_21_4.png,forged,1,writer_21,writer_21_sample_4,.png,ResNet50_FineTuned,0.5831237,1,forged,True
/kaggle/input/datasets/matteocarnebella/cedar-signatures/signatures/signatures_21/original_21_1.png,original_21_1.png,genuine,0,writer_21,writer_21_sample_1,.png,ResNet50_FineTuned,0.0044288784,0,genuine,True
/kaggle/input/datasets/matteocarnebella/cedar-signatures/signatures/signatures_21/original_21_2.png,original_21_2.png,genuine,0,writer_21,writer_21_sample_2,.png,ResNet50_FineTuned,0.0469116,0,genuine,True
/kaggle/input/datasets/matteocarnebella/cedar-signatures/signatures/signatures_21/original_21_7.png,original_21_7.png,genuine,0,writer_21,writer_21_sample_7,.png,ResNet50_FineTuned,0.005368035,0,genuine,True
/kaggle/input/datasets/matteocarnebella/cedar-signatures/signatures/signatures_21/forgeries_21_13.png,forgeries_21_13.png,forged,1,writer_21,writer_21_sample_13,.png,ResNet50_FineTuned,0.39698115,0,genuine,False
/kaggle/input/datasets/matteocarnebella/cedar-signatures/signatures/signatures_21/forgeries_21_18.png,forgeries_21_18.png,forged,1,writer_21,writer_21_sample_18,.png,ResNet50_FineTuned,0.45062685,0,genuine,False
/kaggle/input/datasets/matteocarnebella/cedar-signatures/signatures/signatures_21/original_21_11.png,original_21_11.png,genuine,0,writer_21,writer_21_sample_11,.png,ResNet50_FineTuned,0.016813606,0,genuine,True
/kaggle/input/datasets/matteocarnebella/cedar-signatures/signatures/signatures_21/forgeries_21_7.png,forgeries_21_7.png,forged,1,writer_21,writer_21_sample_7,.png,ResNet50_FineTuned,0.46386552,0,genuine,False
/kaggle/input/datasets/matteocarnebella/cedar-signatures/signatures/signatures_21/forgeries_21_3.png,forgeries_21_3.png,forged,1,writer_21,writer_21_sample_3,.png,ResNet50_FineTuned,0.75905377,1,forged,True
/kaggle/input/datasets/matteocarnebella/cedar-signatures/signatures/signatures_21/original_21_21.png,original_21_21.png,genuine,0,writer_21,writer_21_sample_21,.png,ResNet50_FineTuned,0.006403919,0,genuine,True
/kaggle/input/datasets/matteocarnebella/cedar-signatures/signatures/signatures_21/original_21_23.png,original_21_23.png,genuine,0,writer_21,writer_21_sample_23,.png,ResNet50_FineTuned,0.0041542132,0,genuine,True
/kaggle/input/datasets/matteocarnebella/cedar-signatures/signatures/signatures_21/original_21_19.png,original_21_19.png,genuine,0,writer_21,writer_21_sample_19,.png,ResNet50_FineTuned,0.010040708,0,genuine,True
/kaggle/input/datasets/matteocarnebella/cedar-signatures/signatures/signatures_21/forgeries_21_16.png,forgeries_21_16.png,forged,1,writer_21,writer_21_sample_16,.png,ResNet50_FineTuned,0.44461626,0,genuine,False
/kaggle/input/datasets/matteocarnebella/cedar-signatures/signatures/signatures_21/original_21_9.png,original_21_9.png,genuine,0,writer_21,writer_21_sample_9,.png,ResNet50_FineTuned,0.01639299,0,genuine,True
/kaggle/input/datasets/matteocarnebella/cedar-signatures/signatures/signatures_21/original_21_8.png,original_21_8.png,genuine,0,writer_21,writer_21_sample_8,.png,ResNet50_FineTuned,0.008360924,0,genuine,True
/kaggle/input/datasets/matteocarnebella/cedar-signatures/signatures/signatures_21/forgeries_21_19.png,forgeries_21_19.png,forged,1,writer_21,writer_21_sample_19,.png,ResNet50_FineTuned,0.7472131,1,forged,True
/kaggle/input/datasets/matteocarnebella/cedar-signatures/signatures/signatures_21/forgeries_21_8.png,forgeries_21_8.png,forged,1,writer_21,writer_21_sample_8,.png,ResNet50_FineTuned,0.55277526,1,forged,True
/kaggle/input/datasets/matteocarnebella/cedar-signatures/signatures/signatures_21/original_21_24.png,original_21_24.png,genuine,0,writer_21,writer_21_sample_24,.png,ResNet50_FineTuned,0.006802179,0,genuine,True
/kaggle/input/datasets/matteocarnebella/cedar-signatures/signatures/signatures_21/forgeries_21_23.png,forgeries_21_23.png,forged,1,writer_21,writer_21_sample_23,.png,ResNet50_FineTuned,0.61622894,1,forged,True
/kaggle/input/datasets/matteocarnebella/cedar-signatures/signatures/signatures_21/original_21_6.png,original_21_6.png,genuine,0,writer_21,writer_21_sample_6,.png,ResNet50_FineTuned,0.015264626,0,genuine,True
/kaggle/input/datasets/matteocarnebella/cedar-signatures/signatures/signatures_21/original_21_3.png,original_21_3.png,genuine,0,writer_21,writer_21_sample_3,.png,ResNet50_FineTuned,0.008787732,0,genuine,True
/kaggle/input/datasets/matteocarnebella/cedar-signatures/signatures/signatures_21/forgeries_21_24.png,forgeries_21_24.png,forged,1,writer_21,writer_21_sample_24,.png,ResNet50_FineTuned,0.62216413,1,forged,True
/kaggle/input/datasets/matteocarnebella/cedar-signatures/signatures/signatures_21/forgeries_21_9.png,forgeries_21_9.png,forged,1,writer_21,writer_21_sample_9,.png,ResNet50_FineTuned,0.3957906,0,genuine,False
/kaggle/input/datasets/matteocarnebella/cedar-signatures/signatures/signatures_21/original_21_18.png,original_21_18.png,genuine,0,writer_21,writer_21_sample_18,.png,ResNet50_FineTuned,0.0018204022,0,genuine,True
/kaggle/input/datasets/matteocarnebella/cedar-signatures/signatures/signatures_54/original_54_12.png,original_54_12.png,genuine,0,writer_54,writer_54_sample_12,.png,ResNet50_FineTuned,0.105397806,0,genuine,True
/kaggle/input/datasets/matteocarnebella/cedar-signatures/signatures/signatures_54/original_54_5.png,original_54_5.png,genuine,0,writer_54,writer_54_sample_5,.png,ResNet50_FineTuned,0.025806116,0,genuine,True
/kaggle/input/datasets/matteocarnebella/cedar-signatures/signatures/signatures_54/forgeries_54_1.png,forgeries_54_1.png,forged,1,writer_54,writer_54_sample_1,.png,ResNet50_FineTuned,0.37927523,0,genuine,False
/kaggle/input/datasets/matteocarnebella/cedar-signatures/signatures/signatures_54/original_54_4.png,original_54_4.png,genuine,0,writer_54,writer_54_sample_4,.png,ResNet50_FineTuned,0.018514885,0,genuine,True
/kaggle/input/datasets/matteocarnebella/cedar-signatures/signatures/signatures_54/forgeries_54_6.png,forgeries_54_6.png,forged,1,writer_54,writer_54_sample_6,.png,ResNet50_FineTuned,0.2529685,0,genuine,False
/kaggle/input/datasets/matteocarnebella/cedar-signatures/signatures/signatures_54/forgeries_54_22.png,forgeries_54_22.png,forged,1,writer_54,writer_54_sample_22,.png,ResNet50_FineTuned,0.19533603,0,genuine,False
/kaggle/input/datasets/matteocarnebella/cedar-signatures/signatures/signatures_54/original_54_13.png,original_54_13.png,genuine,0,writer_54,writer_54_sample_13,.png,ResNet50_FineTuned,0.0136075355,0,genuine,True
/kaggle/input/datasets/matteocarnebella/cedar-signatures/signatures/signatures_54/forgeries_54_9.png,forgeries_54_9.png,forged,1,writer_54,writer_54_sample_9,.png,ResNet50_FineTuned,0.034617648,0,genuine,False
/kaggle/input/datasets/matteocarnebella/cedar-signatures/signatures/signatures_54/forgeries_54_4.png,forgeries_54_4.png,forged,1,writer_54,writer_54_sample_4,.png,ResNet50_FineTuned,0.2714983,0,genuine,False
/kaggle/input/datasets/matteocarnebella/cedar-signatures/signatures/signatures_54/forgeries_54_23.png,forgeries_54_23.png,forged,1,writer_54,writer_54_sample_23,.png,ResNet50_FineTuned,0.15730308,0,genuine,False
/kaggle/input/datasets/matteocarnebella/cedar-signatures/signatures/signatures_54/original_54_19.png,original_54_19.png,genuine,0,writer_54,writer_54_sample_19,.png,ResNet50_FineTuned,0.014282269,0,genuine,True
/kaggle/input/datasets/matteocarnebella/cedar-signatures/signatures/signatures_54/original_54_15.png,original_54_15.png,genuine,0,writer_54,writer_54_sample_15,.png,ResNet50_FineTuned,0.021433685,0,genuine,True
/kaggle/input/datasets/matteocarnebella/cedar-signatures/signatures/signatures_54/original_54_6.png,original_54_6.png,genuine,0,writer_54,writer_54_sample_6,.png,ResNet50_FineTuned,0.015294904,0,genuine,True
/kaggle/input/datasets/matteocarnebella/cedar-signatures/signatures/signatures_54/original_54_2.png,original_54_2.png,genuine,0,writer_54,writer_54_sample_2,.png,ResNet50_FineTuned,0.011200744,0,genuine,True
/kaggle/input/datasets/matteocarnebella/cedar-signatures/signatures/signatures_54/original_54_24.png,original_54_24.png,genuine,0,writer_54,writer_54_sample_24,.png,ResNet50_FineTuned,0.020437684,0,genuine,True
/kaggle/input/datasets/matteocarnebella/cedar-signatures/signatures/signatures_54/forgeries_54_16.png,forgeries_54_16.png,forged,1,writer_54,writer_54_sample_16,.png,ResNet50_FineTuned,0.10580377,0,genuine,False
/kaggle/input/datasets/matteocarnebella/cedar-signatures/signatures/signatures_54/forgeries_54_21.png,forgeries_54_21.png,forged,1,writer_54,writer_54_sample_21,.png,ResNet50_FineTuned,0.18393014,0,genuine,False
/kaggle/input/datasets/matteocarnebella/cedar-signatures/signatures/signatures_54/forgeries_54_14.png,forgeries_54_14.png,forged,1,writer_54,writer_54_sample_14,.png,ResNet50_FineTuned,0.30956504,0,genuine,False
/kaggle/input/datasets/matteocarnebella/cedar-signatures/signatures/signatures_54/original_54_10.png,original_54_10.png,genuine,0,writer_54,writer_54_sample_10,.png,ResNet50_FineTuned,0.11093642,0,genuine,True
/kaggle/input/datasets/matteocarnebella/cedar-signatures/signatures/signatures_54/original_54_22.png,original_54_22.png,genuine,0,writer_54,writer_54_sample_22,.png,ResNet50_FineTuned,0.028081913,0,genuine,True
/kaggle/input/datasets/matteocarnebella/cedar-signatures/signatures/signatures_54/forgeries_54_17.png,forgeries_54_17.png,forged,1,writer_54,writer_54_sample_17,.png,ResNet50_FineTuned,0.47926435,0,genuine,False
/kaggle/input/datasets/matteocarnebella/cedar-signatures/signatures/signatures_54/original_54_9.png,original_54_9.png,genuine,0,writer_54,writer_54_sample_9,.png,ResNet50_FineTuned,0.037694756,0,genuine,True
/kaggle/input/datasets/matteocarnebella/cedar-signatures/signatures/signatures_54/original_54_1.png,original_54_1.png,genuine,0,writer_54,writer_54_sample_1,.png,ResNet50_FineTuned,0.029089585,0,genuine,True
/kaggle/input/datasets/matteocarnebella/cedar-signatures/signatures/signatures_54/forgeries_54_11.png,forgeries_54_11.png,forged,1,writer_54,writer_54_sample_11,.png,ResNet50_FineTuned,0.44918573,0,genuine,False
/kaggle/input/datasets/matteocarnebella/cedar-signatures/signatures/signatures_54/forgeries_54_7.png,forgeries_54_7.png,forged,1,writer_54,writer_54_sample_7,.png,ResNet50_FineTuned,0.49785855,0,genuine,False
/kaggle/input/datasets/matteocarnebella/cedar-signatures/signatures/signatures_54/original_54_23.png,original_54_23.png,genuine,0,writer_54,writer_54_sample_23,.png,ResNet50_FineTuned,0.039973103,0,genuine,True
/kaggle/input/datasets/matteocarnebella/cedar-signatures/signatures/signatures_54/original_54_20.png,original_54_20.png,genuine,0,writer_54,writer_54_sample_20,.png,ResNet50_FineTuned,0.024158234,0,genuine,True
/kaggle/input/datasets/matteocarnebella/cedar-signatures/signatures/signatures_54/forgeries_54_2.png,forgeries_54_2.png,forged,1,writer_54,writer_54_sample_2,.png,ResNet50_FineTuned,0.48403934,0,genuine,False
/kaggle/input/datasets/matteocarnebella/cedar-signatures/signatures/signatures_54/original_54_16.png,original_54_16.png,genuine,0,writer_54,writer_54_sample_16,.png,ResNet50_FineTuned,0.016490549,0,genuine,True
/kaggle/input/datasets/matteocarnebella/cedar-signatures/signatures/signatures_54/forgeries_54_19.png,forgeries_54_19.png,forged,1,writer_54,writer_54_sample_19,.png,ResNet50_FineTuned,0.6236827,1,forged,True
/kaggle/input/datasets/matteocarnebella/cedar-signatures/signatures/signatures_54/forgeries_54_13.png,forgeries_54_13.png,forged,1,writer_54,writer_54_sample_13,.png,ResNet50_FineTuned,0.12628496,0,genuine,False
/kaggle/input/datasets/matteocarnebella/cedar-signatures/signatures/signatures_54/forgeries_54_15.png,forgeries_54_15.png,forged,1,writer_54,writer_54_sample_15,.png,ResNet50_FineTuned,0.1035061,0,genuine,False
/kaggle/input/datasets/matteocarnebella/cedar-signatures/signatures/signatures_54/forgeries_54_18.png,forgeries_54_18.png,forged,1,writer_54,writer_54_sample_18,.png,ResNet50_FineTuned,0.38194224,0,genuine,False
/kaggle/input/datasets/matteocarnebella/cedar-signatures/signatures/signatures_54/forgeries_54_3.png,forgeries_54_3.png,forged,1,writer_54,writer_54_sample_3,.png,ResNet50_FineTuned,0.30064297,0,genuine,False
/kaggle/input/datasets/matteocarnebella/cedar-signatures/signatures/signatures_54/original_54_21.png,original_54_21.png,genuine,0,writer_54,writer_54_sample_21,.png,ResNet50_FineTuned,0.019730713,0,genuine,True
/kaggle/input/datasets/matteocarnebella/cedar-signatures/signatures/signatures_54/original_54_18.png,original_54_18.png,genuine,0,writer_54,writer_54_sample_18,.png,ResNet50_FineTuned,0.01048814,0,genuine,True
/kaggle/input/datasets/matteocarnebella/cedar-signatures/signatures/signatures_54/original_54_7.png,original_54_7.png,genuine,0,writer_54,writer_54_sample_7,.png,ResNet50_FineTuned,0.053803954,0,genuine,True
/kaggle/input/datasets/matteocarnebella/cedar-signatures/signatures/signatures_54/original_54_11.png,original_54_11.png,genuine,0,writer_54,writer_54_sample_11,.png,ResNet50_FineTuned,0.06707154,0,genuine,True
/kaggle/input/datasets/matteocarnebella/cedar-signatures/signatures/signatures_54/original_54_8.png,original_54_8.png,genuine,0,writer_54,writer_54_sample_8,.png,ResNet50_FineTuned,0.04511375,0,genuine,True
/kaggle/input/datasets/matteocarnebella/cedar-signatures/signatures/signatures_54/forgeries_54_24.png,forgeries_54_24.png,forged,1,writer_54,writer_54_sample_24,.png,ResNet50_FineTuned,0.18194787,0,genuine,False
/kaggle/input/datasets/matteocarnebella/cedar-signatures/signatures/signatures_54/original_54_14.png,original_54_14.png,genuine,0,writer_54,writer_54_sample_14,.png,ResNet50_FineTuned,0.013701418,0,genuine,True
/kaggle/input/datasets/matteocarnebella/cedar-signatures/signatures/signatures_54/forgeries_54_8.png,forgeries_54_8.png,forged,1,writer_54,writer_54_sample_8,.png,ResNet50_FineTuned,0.14782044,0,genuine,False
/kaggle/input/datasets/matteocarnebella/cedar-signatures/signatures/signatures_54/forgeries_54_12.png,forgeries_54_12.png,forged,1,writer_54,writer_54_sample_12,.png,ResNet50_FineTuned,0.30157098,0,genuine,False
/kaggle/input/datasets/matteocarnebella/cedar-signatures/signatures/signatures_54/original_54_3.png,original_54_3.png,genuine,0,writer_54,writer_54_sample_3,.png,ResNet50_FineTuned,0.0095897,0,genuine,True
/kaggle/input/datasets/matteocarnebella/cedar-signatures/signatures/signatures_54/forgeries_54_20.png,forgeries_54_20.png,forged,1,writer_54,writer_54_sample_20,.png,ResNet50_FineTuned,0.43520954,0,genuine,False
/kaggle/input/datasets/matteocarnebella/cedar-signatures/signatures/signatures_54/forgeries_54_5.png,forgeries_54_5.png,forged,1,writer_54,writer_54_sample_5,.png,ResNet50_FineTuned,0.22170135,0,genuine,False
/kaggle/input/datasets/matteocarnebella/cedar-signatures/signatures/signatures_54/forgeries_54_10.png,forgeries_54_10.png,forged,1,writer_54,writer_54_sample_10,.png,ResNet50_FineTuned,0.116795264,0,genuine,False
/kaggle/input/datasets/matteocarnebella/cedar-signatures/signatures/signatures_54/original_54_17.png,original_54_17.png,genuine,0,writer_54,writer_54_sample_17,.png,ResNet50_FineTuned,0.009837888,0,genuine,True
