filepath,filename,label,label_id,writer_id,pair_id,extension,model,prob_forged,pred_label_id,pred_label,correct
/kaggle/input/datasets/matteocarnebella/cedar-signatures/signatures/signatures_49/forgeries_49_5.png,forgeries_49_5.png,forged,1,writer_49,writer_49_sample_5,.png,Custom_CNN,0.8880517,1,forged,True
/kaggle/input/datasets/matteocarnebella/cedar-signatures/signatures/signatures_49/original_49_5.png,original_49_5.png,genuine,0,writer_49,writer_49_sample_5,.png,Custom_CNN,0.82117015,1,forged,False
/kaggle/input/datasets/matteocarnebella/cedar-signatures/signatures/signatures_49/forgeries_49_16.png,forgeries_49_16.png,forged,1,writer_49,writer_49_sample_16,.png,Custom_CNN,0.8463185,1,forged,True
/kaggle/input/datasets/matteocarnebella/cedar-signatures/signatures/signatures_49/forgeries_49_12.png,forgeries_49_12.png,forged,1,writer_49,writer_49_sample_12,.png,Custom_CNN,0.8307759,1,forged,True
/kaggle/input/datasets/matteocarnebella/cedar-signatures/signatures/signatures_49/original_49_22.png,original_49_22.png,genuine,0,writer_49,writer_49_sample_22,.png,Custom_CNN,0.84708875,1,forged,False
/kaggle/input/datasets/matteocarnebella/cedar-signatures/signatures/signatures_49/forgeries_49_17.png,forgeries_49_17.png,forged,1,writer_49,writer_49_sample_17,.png,Custom_CNN,0.86944765,1,forged,True
/kaggle/input/datasets/matteocarnebella/cedar-signatures/signatures/signatures_49/original_49_17.png,original_49_17.png,genuine,0,writer_49,writer_49_sample_17,.png,Custom_CNN,0.82237124,1,forged,False
/kaggle/input/datasets/matteocarnebella/cedar-signatures/signatures/signatures_49/forgeries_49_20.png,forgeries_49_20.png,forged,1,writer_49,writer_49_sample_20,.png,Custom_CNN,0.8887544,1,forged,True
/kaggle/input/datasets/matteocarnebella/cedar-signatures/signatures/signatures_49/original_49_16.png,original_49_16.png,genuine,0,writer_49,writer_49_sample_16,.png,Custom_CNN,0.8346194,1,forged,False
/kaggle/input/datasets/matteocarnebella/cedar-signatures/signatures/signatures_49/original_49_24.png,original_49_24.png,genuine,0,writer_49,writer_49_sample_24,.png,Custom_CNN,0.7974722,1,forged,False
/kaggle/input/datasets/matteocarnebella/cedar-signatures/signatures/signatures_49/forgeries_49_14.png,forgeries_49_14.png,forged,1,writer_49,writer_49_sample_14,.png,Custom_CNN,0.83705753,1,forged,True
/kaggle/input/datasets/matteocarnebella/cedar-signatures/signatures/signatures_49/forgeries_49_8.png,forgeries_49_8.png,forged,1,writer_49,writer_49_sample_8,.png,Custom_CNN,0.87818176,1,forged,True
/kaggle/input/datasets/matteocarnebella/cedar-signatures/signatures/signatures_49/forgeries_49_1.png,forgeries_49_1.png,forged,1,writer_49,writer_49_sample_1,.png,Custom_CNN,0.83858615,1,forged,True
/kaggle/input/datasets/matteocarnebella/cedar-signatures/signatures/signatures_49/original_49_11.png,original_49_11.png,genuine,0,writer_49,writer_49_sample_11,.png,Custom_CNN,0.82044894,1,forged,False
/kaggle/input/datasets/matteocarnebella/cedar-signatures/signatures/signatures_49/forgeries_49_10.png,forgeries_49_10.png,forged,1,writer_49,writer_49_sample_10,.png,Custom_CNN,0.8554882,1,forged,True
/kaggle/input/datasets/matteocarnebella/cedar-signatures/signatures/signatures_49/forgeries_49_21.png,forgeries_49_21.png,forged,1,writer_49,writer_49_sample_21,.png,Custom_CNN,0.89233315,1,forged,True
/kaggle/input/datasets/matteocarnebella/cedar-signatures/signatures/signatures_49/original_49_7.png,original_49_7.png,genuine,0,writer_49,writer_49_sample_7,.png,Custom_CNN,0.8599785,1,forged,False
/kaggle/input/datasets/matteocarnebella/cedar-signatures/signatures/signatures_49/forgeries_49_18.png,forgeries_49_18.png,forged,1,writer_49,writer_49_sample_18,.png,Custom_CNN,0.85075307,1,forged,True
/kaggle/input/datasets/matteocarnebella/cedar-signatures/signatures/signatures_49/original_49_8.png,original_49_8.png,genuine,0,writer_49,writer_49_sample_8,.png,Custom_CNN,0.83527976,1,forged,False
/kaggle/input/datasets/matteocarnebella/cedar-signatures/signatures/signatures_49/forgeries_49_19.png,forgeries_49_19.png,forged,1,writer_49,writer_49_sample_19,.png,Custom_CNN,0.8722146,1,forged,True
/kaggle/input/datasets/matteocarnebella/cedar-signatures/signatures/signatures_49/forgeries_49_23.png,forgeries_49_23.png,forged,1,writer_49,writer_49_sample_23,.png,Custom_CNN,0.86334413,1,forged,True
/kaggle/input/datasets/matteocarnebella/cedar-signatures/signatures/signatures_49/original_49_1.png,original_49_1.png,genuine,0,writer_49,writer_49_sample_1,.png,Custom_CNN,0.8425794,1,forged,False
/kaggle/input/datasets/matteocarnebella/cedar-signatures/signatures/signatures_49/forgeries_49_24.png,forgeries_49_24.png,forged,1,writer_49,writer_49_sample_24,.png,Custom_CNN,0.8501644,1,forged,True
/kaggle/input/datasets/matteocarnebella/cedar-signatures/signatures/signatures_49/original_49_10.png,original_49_10.png,genuine,0,writer_49,writer_49_sample_10,.png,Custom_CNN,0.84846354,1,forged,False
/kaggle/input/datasets/matteocarnebella/cedar-signatures/signatures/signatures_49/forgeries_49_2.png,forgeries_49_2.png,forged,1,writer_49,writer_49_sample_2,.png,Custom_CNN,0.8533348,1,forged,True
/kaggle/input/datasets/matteocarnebella/cedar-signatures/signatures/signatures_49/forgeries_49_15.png,forgeries_49_15.png,forged,1,writer_49,writer_49_sample_15,.png,Custom_CNN,0.8115614,1,forged,True
/kaggle/input/datasets/matteocarnebella/cedar-signatures/signatures/signatures_49/original_49_3.png,original_49_3.png,genuine,0,writer_49,writer_49_sample_3,.png,Custom_CNN,0.8603571,1,forged,False
/kaggle/input/datasets/matteocarnebella/cedar-signatures/signatures/signatures_49/original_49_14.png,original_49_14.png,genuine,0,writer_49,writer_49_sample_14,.png,Custom_CNN,0.836718,1,forged,False
/kaggle/input/datasets/matteocarnebella/cedar-signatures/signatures/signatures_49/original_49_6.png,original_49_6.png,genuine,0,writer_49,writer_49_sample_6,.png,Custom_CNN,0.8256834,1,forged,False
/kaggle/input/datasets/matteocarnebella/cedar-signatures/signatures/signatures_49/forgeries_49_9.png,forgeries_49_9.png,forged,1,writer_49,writer_49_sample_9,.png,Custom_CNN,0.8492664,1,forged,True
/kaggle/input/datasets/matteocarnebella/cedar-signatures/signatures/signatures_49/original_49_15.png,original_49_15.png,genuine,0,writer_49,writer_49_sample_15,.png,Custom_CNN,0.86518276,1,forged,False
/kaggle/input/datasets/matteocarnebella/cedar-signatures/signatures/signatures_49/original_49_4.png,original_49_4.png,genuine,0,writer_49,writer_49_sample_4,.png,Custom_CNN,0.83414507,1,forged,False
/kaggle/input/datasets/matteocarnebella/cedar-signatures/signatures/signatures_49/forgeries_49_3.png,forgeries_49_3.png,forged,1,writer_49,writer_49_sample_3,.png,Custom_CNN,0.8653096,1,forged,True
/kaggle/input/datasets/matteocarnebella/cedar-signatures/signatures/signatures_49/forgeries_49_6.png,forgeries_49_6.png,forged,1,writer_49,writer_49_sample_6,.png,Custom_CNN,0.81794095,1,forged,True
/kaggle/input/datasets/matteocarnebella/cedar-signatures/signatures/signatures_49/forgeries_49_13.png,forgeries_49_13.png,forged,1,writer_49,writer_49_sample_13,.png,Custom_CNN,0.87193304,1,forged,True
/kaggle/input/datasets/matteocarnebella/cedar-signatures/signatures/signatures_49/original_49_12.png,original_49_12.png,genuine,0,writer_49,writer_49_sample_12,.png,Custom_CNN,0.81295335,1,forged,False
/kaggle/input/datasets/matteocarnebella/cedar-signatures/signatures/signatures_49/original_49_13.png,original_49_13.png,genuine,0,writer_49,writer_49_sample_13,.png,Custom_CNN,0.816576,1,forged,False
/kaggle/input/datasets/matteocarnebella/cedar-signatures/signatures/signatures_49/forgeries_49_11.png,forgeries_49_11.png,forged,1,writer_49,writer_49_sample_11,.png,Custom_CNN,0.8806124,1,forged,True
/kaggle/input/datasets/matteocarnebella/cedar-signatures/signatures/signatures_49/original_49_2.png,original_49_2.png,genuine,0,writer_49,writer_49_sample_2,.png,Custom_CNN,0.8643197,1,forged,False
/kaggle/input/datasets/matteocarnebella/cedar-signatures/signatures/signatures_49/original_49_21.png,original_49_21.png,genuine,0,writer_49,writer_49_sample_21,.png,Custom_CNN,0.8296,1,forged,False
/kaggle/input/datasets/matteocarnebella/cedar-signatures/signatures/signatures_49/original_49_23.png,original_49_23.png,genuine,0,writer_49,writer_49_sample_23,.png,Custom_CNN,0.84172183,1,forged,False
/kaggle/input/datasets/matteocarnebella/cedar-signatures/signatures/signatures_49/forgeries_49_7.png,forgeries_49_7.png,forged,1,writer_49,writer_49_sample_7,.png,Custom_CNN,0.8887382,1,forged,True
/kaggle/input/datasets/matteocarnebella/cedar-signatures/signatures/signatures_49/forgeries_49_22.png,forgeries_49_22.png,forged,1,writer_49,writer_49_sample_22,.png,Custom_CNN,0.8390684,1,forged,True
/kaggle/input/datasets/matteocarnebella/cedar-signatures/signatures/signatures_49/original_49_9.png,original_49_9.png,genuine,0,writer_49,writer_49_sample_9,.png,Custom_CNN,0.850622,1,forged,False
/kaggle/input/datasets/matteocarnebella/cedar-signatures/signatures/signatures_49/original_49_19.png,original_49_19.png,genuine,0,writer_49,writer_49_sample_19,.png,Custom_CNN,0.8649856,1,forged,False
/kaggle/input/datasets/matteocarnebella/cedar-signatures/signatures/signatures_49/forgeries_49_4.png,forgeries_49_4.png,forged,1,writer_49,writer_49_sample_4,.png,Custom_CNN,0.88715625,1,forged,True
/kaggle/input/datasets/matteocarnebella/cedar-signatures/signatures/signatures_49/original_49_20.png,original_49_20.png,genuine,0,writer_49,writer_49_sample_20,.png,Custom_CNN,0.8698992,1,forged,False
/kaggle/input/datasets/matteocarnebella/cedar-signatures/signatures/signatures_49/original_49_18.png,original_49_18.png,genuine,0,writer_49,writer_49_sample_18,.png,Custom_CNN,0.8167079,1,forged,False
/kaggle/input/datasets/matteocarnebella/cedar-signatures/signatures/signatures_12/original_12_1.png,original_12_1.png,genuine,0,writer_12,writer_12_sample_1,.png,Custom_CNN,0.85056,1,forged,False
/kaggle/input/datasets/matteocarnebella/cedar-signatures/signatures/signatures_12/forgeries_12_16.png,forgeries_12_16.png,forged,1,writer_12,writer_12_sample_16,.png,Custom_CNN,0.9244639,1,forged,True
/kaggle/input/datasets/matteocarnebella/cedar-signatures/signatures/signatures_12/original_12_19.png,original_12_19.png,genuine,0,writer_12,writer_12_sample_19,.png,Custom_CNN,0.81098896,1,forged,False
/kaggle/input/datasets/matteocarnebella/cedar-signatures/signatures/signatures_12/forgeries_12_20.png,forgeries_12_20.png,forged,1,writer_12,writer_12_sample_20,.png,Custom_CNN,0.95282733,1,forged,True
/kaggle/input/datasets/matteocarnebella/cedar-signatures/signatures/signatures_12/forgeries_12_22.png,forgeries_12_22.png,forged,1,writer_12,writer_12_sample_22,.png,Custom_CNN,0.83008593,1,forged,True
/kaggle/input/datasets/matteocarnebella/cedar-signatures/signatures/signatures_12/original_12_20.png,original_12_20.png,genuine,0,writer_12,writer_12_sample_20,.png,Custom_CNN,0.78542626,1,forged,False
/kaggle/input/datasets/matteocarnebella/cedar-signatures/signatures/signatures_12/forgeries_12_7.png,forgeries_12_7.png,forged,1,writer_12,writer_12_sample_7,.png,Custom_CNN,0.8231609,1,forged,True
/kaggle/input/datasets/matteocarnebella/cedar-signatures/signatures/signatures_12/original_12_15.png,original_12_15.png,genuine,0,writer_12,writer_12_sample_15,.png,Custom_CNN,0.75552964,1,forged,False
/kaggle/input/datasets/matteocarnebella/cedar-signatures/signatures/signatures_12/original_12_9.png,original_12_9.png,genuine,0,writer_12,writer_12_sample_9,.png,Custom_CNN,0.7601779,1,forged,False
/kaggle/input/datasets/matteocarnebella/cedar-signatures/signatures/signatures_12/original_12_24.png,original_12_24.png,genuine,0,writer_12,writer_12_sample_24,.png,Custom_CNN,0.7936217,1,forged,False
/kaggle/input/datasets/matteocarnebella/cedar-signatures/signatures/signatures_12/original_12_21.png,original_12_21.png,genuine,0,writer_12,writer_12_sample_21,.png,Custom_CNN,0.7984498,1,forged,False
/kaggle/input/datasets/matteocarnebella/cedar-signatures/signatures/signatures_12/original_12_22.png,original_12_22.png,genuine,0,writer_12,writer_12_sample_22,.png,Custom_CNN,0.87268794,1,forged,False
/kaggle/input/datasets/matteocarnebella/cedar-signatures/signatures/signatures_12/forgeries_12_15.png,forgeries_12_15.png,forged,1,writer_12,writer_12_sample_15,.png,Custom_CNN,0.8605483,1,forged,True
/kaggle/input/datasets/matteocarnebella/cedar-signatures/signatures/signatures_12/original_12_17.png,original_12_17.png,genuine,0,writer_12,writer_12_sample_17,.png,Custom_CNN,0.7627204,1,forged,False
/kaggle/input/datasets/matteocarnebella/cedar-signatures/signatures/signatures_12/forgeries_12_14.png,forgeries_12_14.png,forged,1,writer_12,writer_12_sample_14,.png,Custom_CNN,0.93626976,1,forged,True
/kaggle/input/datasets/matteocarnebella/cedar-signatures/signatures/signatures_12/original_12_3.png,original_12_3.png,genuine,0,writer_12,writer_12_sample_3,.png,Custom_CNN,0.8549305,1,forged,False
/kaggle/input/datasets/matteocarnebella/cedar-signatures/signatures/signatures_12/forgeries_12_12.png,forgeries_12_12.png,forged,1,writer_12,writer_12_sample_12,.png,Custom_CNN,0.9042082,1,forged,True
/kaggle/input/datasets/matteocarnebella/cedar-signatures/signatures/signatures_12/forgeries_12_5.png,forgeries_12_5.png,forged,1,writer_12,writer_12_sample_5,.png,Custom_CNN,0.9390441,1,forged,True
/kaggle/input/datasets/matteocarnebella/cedar-signatures/signatures/signatures_12/original_12_8.png,original_12_8.png,genuine,0,writer_12,writer_12_sample_8,.png,Custom_CNN,0.69836605,1,forged,False
/kaggle/input/datasets/matteocarnebella/cedar-signatures/signatures/signatures_12/forgeries_12_3.png,forgeries_12_3.png,forged,1,writer_12,writer_12_sample_3,.png,Custom_CNN,0.95670897,1,forged,True
/kaggle/input/datasets/matteocarnebella/cedar-signatures/signatures/signatures_12/forgeries_12_17.png,forgeries_12_17.png,forged,1,writer_12,writer_12_sample_17,.png,Custom_CNN,0.95560354,1,forged,True
/kaggle/input/datasets/matteocarnebella/cedar-signatures/signatures/signatures_12/forgeries_12_9.png,forgeries_12_9.png,forged,1,writer_12,writer_12_sample_9,.png,Custom_CNN,0.86620784,1,forged,True
/kaggle/input/datasets/matteocarnebella/cedar-signatures/signatures/signatures_12/forgeries_12_6.png,forgeries_12_6.png,forged,1,writer_12,writer_12_sample_6,.png,Custom_CNN,0.94085747,1,forged,True
/kaggle/input/datasets/matteocarnebella/cedar-signatures/signatures/signatures_12/original_12_5.png,original_12_5.png,genuine,0,writer_12,writer_12_sample_5,.png,Custom_CNN,0.67383,1,forged,False
/kaggle/input/datasets/matteocarnebella/cedar-signatures/signatures/signatures_12/original_12_18.png,original_12_18.png,genuine,0,writer_12,writer_12_sample_18,.png,Custom_CNN,0.6564821,1,forged,False
/kaggle/input/datasets/matteocarnebella/cedar-signatures/signatures/signatures_12/forgeries_12_8.png,forgeries_12_8.png,forged,1,writer_12,writer_12_sample_8,.png,Custom_CNN,0.82121146,1,forged,True
/kaggle/input/datasets/matteocarnebella/cedar-signatures/signatures/signatures_12/original_12_12.png,original_12_12.png,genuine,0,writer_12,writer_12_sample_12,.png,Custom_CNN,0.8951188,1,forged,False
/kaggle/input/datasets/matteocarnebella/cedar-signatures/signatures/signatures_12/original_12_6.png,original_12_6.png,genuine,0,writer_12,writer_12_sample_6,.png,Custom_CNN,0.8319003,1,forged,False
/kaggle/input/datasets/matteocarnebella/cedar-signatures/signatures/signatures_12/original_12_7.png,original_12_7.png,genuine,0,writer_12,writer_12_sample_7,.png,Custom_CNN,0.76070976,1,forged,False
/kaggle/input/datasets/matteocarnebella/cedar-signatures/signatures/signatures_12/forgeries_12_4.png,forgeries_12_4.png,forged,1,writer_12,writer_12_sample_4,.png,Custom_CNN,0.95581925,1,forged,True
/kaggle/input/datasets/matteocarnebella/cedar-signatures/signatures/signatures_12/original_12_11.png,original_12_11.png,genuine,0,writer_12,writer_12_sample_11,.png,Custom_CNN,0.8003443,1,forged,False
/kaggle/input/datasets/matteocarnebella/cedar-signatures/signatures/signatures_12/original_12_2.png,original_12_2.png,genuine,0,writer_12,writer_12_sample_2,.png,Custom_CNN,0.7024813,1,forged,False
/kaggle/input/datasets/matteocarnebella/cedar-signatures/signatures/signatures_12/forgeries_12_21.png,forgeries_12_21.png,forged,1,writer_12,writer_12_sample_21,.png,Custom_CNN,0.81331617,1,forged,True
/kaggle/input/datasets/matteocarnebella/cedar-signatures/signatures/signatures_12/original_12_10.png,original_12_10.png,genuine,0,writer_12,writer_12_sample_10,.png,Custom_CNN,0.88809276,1,forged,False
/kaggle/input/datasets/matteocarnebella/cedar-signatures/signatures/signatures_12/original_12_4.png,original_12_4.png,genuine,0,writer_12,writer_12_sample_4,.png,Custom_CNN,0.7767704,1,forged,False
/kaggle/input/datasets/matteocarnebella/cedar-signatures/signatures/signatures_12/forgeries_12_11.png,forgeries_12_11.png,forged,1,writer_12,writer_12_sample_11,.png,Custom_CNN,0.86137515,1,forged,True
/kaggle/input/datasets/matteocarnebella/cedar-signatures/signatures/signatures_12/forgeries_12_18.png,forgeries_12_18.png,forged,1,writer_12,writer_12_sample_18,.png,Custom_CNN,0.9251386,1,forged,True
/kaggle/input/datasets/matteocarnebella/cedar-signatures/signatures/signatures_12/forgeries_12_1.png,forgeries_12_1.png,forged,1,writer_12,writer_12_sample_1,.png,Custom_CNN,0.9609125,1,forged,True
/kaggle/input/datasets/matteocarnebella/cedar-signatures/signatures/signatures_12/original_12_23.png,original_12_23.png,genuine,0,writer_12,writer_12_sample_23,.png,Custom_CNN,0.8493081,1,forged,False
/kaggle/input/datasets/matteocarnebella/cedar-signatures/signatures/signatures_12/forgeries_12_19.png,forgeries_12_19.png,forged,1,writer_12,writer_12_sample_19,.png,Custom_CNN,0.90334696,1,forged,True
/kaggle/input/datasets/matteocarnebella/cedar-signatures/signatures/signatures_12/original_12_13.png,original_12_13.png,genuine,0,writer_12,writer_12_sample_13,.png,Custom_CNN,0.44460618,0,genuine,True
/kaggle/input/datasets/matteocarnebella/cedar-signatures/signatures/signatures_12/original_12_14.png,original_12_14.png,genuine,0,writer_12,writer_12_sample_14,.png,Custom_CNN,0.4278828,0,genuine,True
/kaggle/input/datasets/matteocarnebella/cedar-signatures/signatures/signatures_12/forgeries_12_23.png,forgeries_12_23.png,forged,1,writer_12,writer_12_sample_23,.png,Custom_CNN,0.9507489,1,forged,True
/kaggle/input/datasets/matteocarnebella/cedar-signatures/signatures/signatures_12/forgeries_12_10.png,forgeries_12_10.png,forged,1,writer_12,writer_12_sample_10,.png,Custom_CNN,0.80011463,1,forged,True
/kaggle/input/datasets/matteocarnebella/cedar-signatures/signatures/signatures_12/forgeries_12_2.png,forgeries_12_2.png,forged,1,writer_12,writer_12_sample_2,.png,Custom_CNN,0.9480785,1,forged,True
/kaggle/input/datasets/matteocarnebella/cedar-signatures/signatures/signatures_12/forgeries_12_13.png,forgeries_12_13.png,forged,1,writer_12,writer_12_sample_13,.png,Custom_CNN,0.8997772,1,forged,True
/kaggle/input/datasets/matteocarnebella/cedar-signatures/signatures/signatures_12/forgeries_12_24.png,forgeries_12_24.png,forged,1,writer_12,writer_12_sample_24,.png,Custom_CNN,0.9636748,1,forged,True
/kaggle/input/datasets/matteocarnebella/cedar-signatures/signatures/signatures_12/original_12_16.png,original_12_16.png,genuine,0,writer_12,writer_12_sample_16,.png,Custom_CNN,0.8292367,1,forged,False
/kaggle/input/datasets/matteocarnebella/cedar-signatures/signatures/signatures_47/original_47_18.png,original_47_18.png,genuine,0,writer_47,writer_47_sample_18,.png,Custom_CNN,0.680312,1,forged,False
/kaggle/input/datasets/matteocarnebella/cedar-signatures/signatures/signatures_47/forgeries_47_14.png,forgeries_47_14.png,forged,1,writer_47,writer_47_sample_14,.png,Custom_CNN,0.7433215,1,forged,True
/kaggle/input/datasets/matteocarnebella/cedar-signatures/signatures/signatures_47/forgeries_47_23.png,forgeries_47_23.png,forged,1,writer_47,writer_47_sample_23,.png,Custom_CNN,0.75775534,1,forged,True
/kaggle/input/datasets/matteocarnebella/cedar-signatures/signatures/signatures_47/original_47_4.png,original_47_4.png,genuine,0,writer_47,writer_47_sample_4,.png,Custom_CNN,0.5933463,1,forged,False
/kaggle/input/datasets/matteocarnebella/cedar-signatures/signatures/signatures_47/original_47_15.png,original_47_15.png,genuine,0,writer_47,writer_47_sample_15,.png,Custom_CNN,0.6934956,1,forged,False
/kaggle/input/datasets/matteocarnebella/cedar-signatures/signatures/signatures_47/forgeries_47_7.png,forgeries_47_7.png,forged,1,writer_47,writer_47_sample_7,.png,Custom_CNN,0.7964095,1,forged,True
/kaggle/input/datasets/matteocarnebella/cedar-signatures/signatures/signatures_47/forgeries_47_19.png,forgeries_47_19.png,forged,1,writer_47,writer_47_sample_19,.png,Custom_CNN,0.75430584,1,forged,True
/kaggle/input/datasets/matteocarnebella/cedar-signatures/signatures/signatures_47/forgeries_47_5.png,forgeries_47_5.png,forged,1,writer_47,writer_47_sample_5,.png,Custom_CNN,0.8398048,1,forged,True
/kaggle/input/datasets/matteocarnebella/cedar-signatures/signatures/signatures_47/original_47_19.png,original_47_19.png,genuine,0,writer_47,writer_47_sample_19,.png,Custom_CNN,0.6602117,1,forged,False
/kaggle/input/datasets/matteocarnebella/cedar-signatures/signatures/signatures_47/original_47_3.png,original_47_3.png,genuine,0,writer_47,writer_47_sample_3,.png,Custom_CNN,0.7417948,1,forged,False
/kaggle/input/datasets/matteocarnebella/cedar-signatures/signatures/signatures_47/original_47_7.png,original_47_7.png,genuine,0,writer_47,writer_47_sample_7,.png,Custom_CNN,0.6930711,1,forged,False
/kaggle/input/datasets/matteocarnebella/cedar-signatures/signatures/signatures_47/forgeries_47_3.png,forgeries_47_3.png,forged,1,writer_47,writer_47_sample_3,.png,Custom_CNN,0.7804337,1,forged,True
/kaggle/input/datasets/matteocarnebella/cedar-signatures/signatures/signatures_47/original_47_24.png,original_47_24.png,genuine,0,writer_47,writer_47_sample_24,.png,Custom_CNN,0.6170783,1,forged,False
/kaggle/input/datasets/matteocarnebella/cedar-signatures/signatures/signatures_47/forgeries_47_22.png,forgeries_47_22.png,forged,1,writer_47,writer_47_sample_22,.png,Custom_CNN,0.82234746,1,forged,True
/kaggle/input/datasets/matteocarnebella/cedar-signatures/signatures/signatures_47/forgeries_47_21.png,forgeries_47_21.png,forged,1,writer_47,writer_47_sample_21,.png,Custom_CNN,0.68348867,1,forged,True
/kaggle/input/datasets/matteocarnebella/cedar-signatures/signatures/signatures_47/forgeries_47_6.png,forgeries_47_6.png,forged,1,writer_47,writer_47_sample_6,.png,Custom_CNN,0.792803,1,forged,True
/kaggle/input/datasets/matteocarnebella/cedar-signatures/signatures/signatures_47/original_47_23.png,original_47_23.png,genuine,0,writer_47,writer_47_sample_23,.png,Custom_CNN,0.6438719,1,forged,False
/kaggle/input/datasets/matteocarnebella/cedar-signatures/signatures/signatures_47/forgeries_47_20.png,forgeries_47_20.png,forged,1,writer_47,writer_47_sample_20,.png,Custom_CNN,0.71246314,1,forged,True
/kaggle/input/datasets/matteocarnebella/cedar-signatures/signatures/signatures_47/forgeries_47_18.png,forgeries_47_18.png,forged,1,writer_47,writer_47_sample_18,.png,Custom_CNN,0.7502114,1,forged,True
/kaggle/input/datasets/matteocarnebella/cedar-signatures/signatures/signatures_47/forgeries_47_9.png,forgeries_47_9.png,forged,1,writer_47,writer_47_sample_9,.png,Custom_CNN,0.7616377,1,forged,True
/kaggle/input/datasets/matteocarnebella/cedar-signatures/signatures/signatures_47/forgeries_47_4.png,forgeries_47_4.png,forged,1,writer_47,writer_47_sample_4,.png,Custom_CNN,0.81076175,1,forged,True
/kaggle/input/datasets/matteocarnebella/cedar-signatures/signatures/signatures_47/original_47_2.png,original_47_2.png,genuine,0,writer_47,writer_47_sample_2,.png,Custom_CNN,0.38758367,0,genuine,True
/kaggle/input/datasets/matteocarnebella/cedar-signatures/signatures/signatures_47/original_47_17.png,original_47_17.png,genuine,0,writer_47,writer_47_sample_17,.png,Custom_CNN,0.46065992,0,genuine,True
/kaggle/input/datasets/matteocarnebella/cedar-signatures/signatures/signatures_47/original_47_9.png,original_47_9.png,genuine,0,writer_47,writer_47_sample_9,.png,Custom_CNN,0.4384104,0,genuine,True
/kaggle/input/datasets/matteocarnebella/cedar-signatures/signatures/signatures_47/forgeries_47_8.png,forgeries_47_8.png,forged,1,writer_47,writer_47_sample_8,.png,Custom_CNN,0.8312047,1,forged,True
/kaggle/input/datasets/matteocarnebella/cedar-signatures/signatures/signatures_47/forgeries_47_2.png,forgeries_47_2.png,forged,1,writer_47,writer_47_sample_2,.png,Custom_CNN,0.8344101,1,forged,True
/kaggle/input/datasets/matteocarnebella/cedar-signatures/signatures/signatures_47/forgeries_47_16.png,forgeries_47_16.png,forged,1,writer_47,writer_47_sample_16,.png,Custom_CNN,0.76395196,1,forged,True
/kaggle/input/datasets/matteocarnebella/cedar-signatures/signatures/signatures_47/forgeries_47_15.png,forgeries_47_15.png,forged,1,writer_47,writer_47_sample_15,.png,Custom_CNN,0.7272739,1,forged,True
/kaggle/input/datasets/matteocarnebella/cedar-signatures/signatures/signatures_47/forgeries_47_24.png,forgeries_47_24.png,forged,1,writer_47,writer_47_sample_24,.png,Custom_CNN,0.7789228,1,forged,True
/kaggle/input/datasets/matteocarnebella/cedar-signatures/signatures/signatures_47/original_47_21.png,original_47_21.png,genuine,0,writer_47,writer_47_sample_21,.png,Custom_CNN,0.6655836,1,forged,False
/kaggle/input/datasets/matteocarnebella/cedar-signatures/signatures/signatures_47/original_47_12.png,original_47_12.png,genuine,0,writer_47,writer_47_sample_12,.png,Custom_CNN,0.6699407,1,forged,False
/kaggle/input/datasets/matteocarnebella/cedar-signatures/signatures/signatures_47/forgeries_47_11.png,forgeries_47_11.png,forged,1,writer_47,writer_47_sample_11,.png,Custom_CNN,0.70817333,1,forged,True
/kaggle/input/datasets/matteocarnebella/cedar-signatures/signatures/signatures_47/original_47_11.png,original_47_11.png,genuine,0,writer_47,writer_47_sample_11,.png,Custom_CNN,0.38747033,0,genuine,True
/kaggle/input/datasets/matteocarnebella/cedar-signatures/signatures/signatures_47/forgeries_47_1.png,forgeries_47_1.png,forged,1,writer_47,writer_47_sample_1,.png,Custom_CNN,0.7941736,1,forged,True
/kaggle/input/datasets/matteocarnebella/cedar-signatures/signatures/signatures_47/forgeries_47_12.png,forgeries_47_12.png,forged,1,writer_47,writer_47_sample_12,.png,Custom_CNN,0.76510483,1,forged,True
/kaggle/input/datasets/matteocarnebella/cedar-signatures/signatures/signatures_47/original_47_20.png,original_47_20.png,genuine,0,writer_47,writer_47_sample_20,.png,Custom_CNN,0.5120222,1,forged,False
/kaggle/input/datasets/matteocarnebella/cedar-signatures/signatures/signatures_47/original_47_6.png,original_47_6.png,genuine,0,writer_47,writer_47_sample_6,.png,Custom_CNN,0.7168481,1,forged,False
/kaggle/input/datasets/matteocarnebella/cedar-signatures/signatures/signatures_47/original_47_22.png,original_47_22.png,genuine,0,writer_47,writer_47_sample_22,.png,Custom_CNN,0.7041284,1,forged,False
/kaggle/input/datasets/matteocarnebella/cedar-signatures/signatures/signatures_47/original_47_16.png,original_47_16.png,genuine,0,writer_47,writer_47_sample_16,.png,Custom_CNN,0.69051987,1,forged,False
/kaggle/input/datasets/matteocarnebella/cedar-signatures/signatures/signatures_47/original_47_13.png,original_47_13.png,genuine,0,writer_47,writer_47_sample_13,.png,Custom_CNN,0.532244,1,forged,False
/kaggle/input/datasets/matteocarnebella/cedar-signatures/signatures/signatures_47/forgeries_47_13.png,forgeries_47_13.png,forged,1,writer_47,writer_47_sample_13,.png,Custom_CNN,0.79655313,1,forged,True
/kaggle/input/datasets/matteocarnebella/cedar-signatures/signatures/signatures_47/forgeries_47_10.png,forgeries_47_10.png,forged,1,writer_47,writer_47_sample_10,.png,Custom_CNN,0.76639086,1,forged,True
/kaggle/input/datasets/matteocarnebella/cedar-signatures/signatures/signatures_47/forgeries_47_17.png,forgeries_47_17.png,forged,1,writer_47,writer_47_sample_17,.png,Custom_CNN,0.78544974,1,forged,True
/kaggle/input/datasets/matteocarnebella/cedar-signatures/signatures/signatures_47/original_47_5.png,original_47_5.png,genuine,0,writer_47,writer_47_sample_5,.png,Custom_CNN,0.63813144,1,forged,False
/kaggle/input/datasets/matteocarnebella/cedar-signatures/signatures/signatures_47/original_47_14.png,original_47_14.png,genuine,0,writer_47,writer_47_sample_14,.png,Custom_CNN,0.5483723,1,forged,False
/kaggle/input/datasets/matteocarnebella/cedar-signatures/signatures/signatures_47/original_47_1.png,original_47_1.png,genuine,0,writer_47,writer_47_sample_1,.png,Custom_CNN,0.5700649,1,forged,False
/kaggle/input/datasets/matteocarnebella/cedar-signatures/signatures/signatures_47/original_47_10.png,original_47_10.png,genuine,0,writer_47,writer_47_sample_10,.png,Custom_CNN,0.4491236,0,genuine,True
/kaggle/input/datasets/matteocarnebella/cedar-signatures/signatures/signatures_47/original_47_8.png,original_47_8.png,genuine,0,writer_47,writer_47_sample_8,.png,Custom_CNN,0.5525977,1,forged,False
/kaggle/input/datasets/matteocarnebella/cedar-signatures/signatures/signatures_33/forgeries_33_20.png,forgeries_33_20.png,forged,1,writer_33,writer_33_sample_20,.png,Custom_CNN,0.81407595,1,forged,True
/kaggle/input/datasets/matteocarnebella/cedar-signatures/signatures/signatures_33/original_33_17.png,original_33_17.png,genuine,0,writer_33,writer_33_sample_17,.png,Custom_CNN,0.7222702,1,forged,False
/kaggle/input/datasets/matteocarnebella/cedar-signatures/signatures/signatures_33/original_33_15.png,original_33_15.png,genuine,0,writer_33,writer_33_sample_15,.png,Custom_CNN,0.61614287,1,forged,False
/kaggle/input/datasets/matteocarnebella/cedar-signatures/signatures/signatures_33/original_33_9.png,original_33_9.png,genuine,0,writer_33,writer_33_sample_9,.png,Custom_CNN,0.69018793,1,forged,False
/kaggle/input/datasets/matteocarnebella/cedar-signatures/signatures/signatures_33/forgeries_33_5.png,forgeries_33_5.png,forged,1,writer_33,writer_33_sample_5,.png,Custom_CNN,0.57995886,1,forged,True
/kaggle/input/datasets/matteocarnebella/cedar-signatures/signatures/signatures_33/original_33_4.png,original_33_4.png,genuine,0,writer_33,writer_33_sample_4,.png,Custom_CNN,0.63455737,1,forged,False
/kaggle/input/datasets/matteocarnebella/cedar-signatures/signatures/signatures_33/forgeries_33_4.png,forgeries_33_4.png,forged,1,writer_33,writer_33_sample_4,.png,Custom_CNN,0.60112584,1,forged,True
/kaggle/input/datasets/matteocarnebella/cedar-signatures/signatures/signatures_33/forgeries_33_14.png,forgeries_33_14.png,forged,1,writer_33,writer_33_sample_14,.png,Custom_CNN,0.75477237,1,forged,True
/kaggle/input/datasets/matteocarnebella/cedar-signatures/signatures/signatures_33/forgeries_33_13.png,forgeries_33_13.png,forged,1,writer_33,writer_33_sample_13,.png,Custom_CNN,0.7227004,1,forged,True
/kaggle/input/datasets/matteocarnebella/cedar-signatures/signatures/signatures_33/forgeries_33_24.png,forgeries_33_24.png,forged,1,writer_33,writer_33_sample_24,.png,Custom_CNN,0.73418,1,forged,True
/kaggle/input/datasets/matteocarnebella/cedar-signatures/signatures/signatures_33/original_33_18.png,original_33_18.png,genuine,0,writer_33,writer_33_sample_18,.png,Custom_CNN,0.8004377,1,forged,False
/kaggle/input/datasets/matteocarnebella/cedar-signatures/signatures/signatures_33/original_33_3.png,original_33_3.png,genuine,0,writer_33,writer_33_sample_3,.png,Custom_CNN,0.65688604,1,forged,False
/kaggle/input/datasets/matteocarnebella/cedar-signatures/signatures/signatures_33/original_33_19.png,original_33_19.png,genuine,0,writer_33,writer_33_sample_19,.png,Custom_CNN,0.78798926,1,forged,False
/kaggle/input/datasets/matteocarnebella/cedar-signatures/signatures/signatures_33/original_33_11.png,original_33_11.png,genuine,0,writer_33,writer_33_sample_11,.png,Custom_CNN,0.7703636,1,forged,False
/kaggle/input/datasets/matteocarnebella/cedar-signatures/signatures/signatures_33/original_33_20.png,original_33_20.png,genuine,0,writer_33,writer_33_sample_20,.png,Custom_CNN,0.69001997,1,forged,False
/kaggle/input/datasets/matteocarnebella/cedar-signatures/signatures/signatures_33/original_33_13.png,original_33_13.png,genuine,0,writer_33,writer_33_sample_13,.png,Custom_CNN,0.72046727,1,forged,False
/kaggle/input/datasets/matteocarnebella/cedar-signatures/signatures/signatures_33/forgeries_33_15.png,forgeries_33_15.png,forged,1,writer_33,writer_33_sample_15,.png,Custom_CNN,0.7716175,1,forged,True
/kaggle/input/datasets/matteocarnebella/cedar-signatures/signatures/signatures_33/original_33_24.png,original_33_24.png,genuine,0,writer_33,writer_33_sample_24,.png,Custom_CNN,0.7751253,1,forged,False
/kaggle/input/datasets/matteocarnebella/cedar-signatures/signatures/signatures_33/original_33_7.png,original_33_7.png,genuine,0,writer_33,writer_33_sample_7,.png,Custom_CNN,0.62461925,1,forged,False
/kaggle/input/datasets/matteocarnebella/cedar-signatures/signatures/signatures_33/forgeries_33_21.png,forgeries_33_21.png,forged,1,writer_33,writer_33_sample_21,.png,Custom_CNN,0.62198764,1,forged,True
/kaggle/input/datasets/matteocarnebella/cedar-signatures/signatures/signatures_33/original_33_5.png,original_33_5.png,genuine,0,writer_33,writer_33_sample_5,.png,Custom_CNN,0.71922076,1,forged,False
/kaggle/input/datasets/matteocarnebella/cedar-signatures/signatures/signatures_33/original_33_22.png,original_33_22.png,genuine,0,writer_33,writer_33_sample_22,.png,Custom_CNN,0.7942004,1,forged,False
/kaggle/input/datasets/matteocarnebella/cedar-signatures/signatures/signatures_33/forgeries_33_17.png,forgeries_33_17.png,forged,1,writer_33,writer_33_sample_17,.png,Custom_CNN,0.721177,1,forged,True
/kaggle/input/datasets/matteocarnebella/cedar-signatures/signatures/signatures_33/forgeries_33_18.png,forgeries_33_18.png,forged,1,writer_33,writer_33_sample_18,.png,Custom_CNN,0.6549176,1,forged,True
/kaggle/input/datasets/matteocarnebella/cedar-signatures/signatures/signatures_33/original_33_1.png,original_33_1.png,genuine,0,writer_33,writer_33_sample_1,.png,Custom_CNN,0.7686183,1,forged,False
/kaggle/input/datasets/matteocarnebella/cedar-signatures/signatures/signatures_33/forgeries_33_7.png,forgeries_33_7.png,forged,1,writer_33,writer_33_sample_7,.png,Custom_CNN,0.66530055,1,forged,True
/kaggle/input/datasets/matteocarnebella/cedar-signatures/signatures/signatures_33/original_33_8.png,original_33_8.png,genuine,0,writer_33,writer_33_sample_8,.png,Custom_CNN,0.6029331,1,forged,False
/kaggle/input/datasets/matteocarnebella/cedar-signatures/signatures/signatures_33/forgeries_33_3.png,forgeries_33_3.png,forged,1,writer_33,writer_33_sample_3,.png,Custom_CNN,0.8870907,1,forged,True
/kaggle/input/datasets/matteocarnebella/cedar-signatures/signatures/signatures_33/forgeries_33_11.png,forgeries_33_11.png,forged,1,writer_33,writer_33_sample_11,.png,Custom_CNN,0.70659167,1,forged,True
/kaggle/input/datasets/matteocarnebella/cedar-signatures/signatures/signatures_33/original_33_14.png,original_33_14.png,genuine,0,writer_33,writer_33_sample_14,.png,Custom_CNN,0.68389565,1,forged,False
/kaggle/input/datasets/matteocarnebella/cedar-signatures/signatures/signatures_33/original_33_23.png,original_33_23.png,genuine,0,writer_33,writer_33_sample_23,.png,Custom_CNN,0.78171813,1,forged,False
/kaggle/input/datasets/matteocarnebella/cedar-signatures/signatures/signatures_33/forgeries_33_8.png,forgeries_33_8.png,forged,1,writer_33,writer_33_sample_8,.png,Custom_CNN,0.69619834,1,forged,True
/kaggle/input/datasets/matteocarnebella/cedar-signatures/signatures/signatures_33/original_33_21.png,original_33_21.png,genuine,0,writer_33,writer_33_sample_21,.png,Custom_CNN,0.82028437,1,forged,False
/kaggle/input/datasets/matteocarnebella/cedar-signatures/signatures/signatures_33/forgeries_33_9.png,forgeries_33_9.png,forged,1,writer_33,writer_33_sample_9,.png,Custom_CNN,0.68690205,1,forged,True
/kaggle/input/datasets/matteocarnebella/cedar-signatures/signatures/signatures_33/original_33_2.png,original_33_2.png,genuine,0,writer_33,writer_33_sample_2,.png,Custom_CNN,0.6522981,1,forged,False
/kaggle/input/datasets/matteocarnebella/cedar-signatures/signatures/signatures_33/forgeries_33_22.png,forgeries_33_22.png,forged,1,writer_33,writer_33_sample_22,.png,Custom_CNN,0.7486249,1,forged,True
/kaggle/input/datasets/matteocarnebella/cedar-signatures/signatures/signatures_33/forgeries_33_23.png,forgeries_33_23.png,forged,1,writer_33,writer_33_sample_23,.png,Custom_CNN,0.7631165,1,forged,True
/kaggle/input/datasets/matteocarnebella/cedar-signatures/signatures/signatures_33/original_33_10.png,original_33_10.png,genuine,0,writer_33,writer_33_sample_10,.png,Custom_CNN,0.68087596,1,forged,False
/kaggle/input/datasets/matteocarnebella/cedar-signatures/signatures/signatures_33/forgeries_33_6.png,forgeries_33_6.png,forged,1,writer_33,writer_33_sample_6,.png,Custom_CNN,0.75804293,1,forged,True
/kaggle/input/datasets/matteocarnebella/cedar-signatures/signatures/signatures_33/original_33_6.png,original_33_6.png,genuine,0,writer_33,writer_33_sample_6,.png,Custom_CNN,0.6855594,1,forged,False
/kaggle/input/datasets/matteocarnebella/cedar-signatures/signatures/signatures_33/original_33_12.png,original_33_12.png,genuine,0,writer_33,writer_33_sample_12,.png,Custom_CNN,0.7335693,1,forged,False
/kaggle/input/datasets/matteocarnebella/cedar-signatures/signatures/signatures_33/forgeries_33_2.png,forgeries_33_2.png,forged,1,writer_33,writer_33_sample_2,.png,Custom_CNN,0.79715794,1,forged,True
/kaggle/input/datasets/matteocarnebella/cedar-signatures/signatures/signatures_33/original_33_16.png,original_33_16.png,genuine,0,writer_33,writer_33_sample_16,.png,Custom_CNN,0.7862855,1,forged,False
/kaggle/input/datasets/matteocarnebella/cedar-signatures/signatures/signatures_33/forgeries_33_10.png,forgeries_33_10.png,forged,1,writer_33,writer_33_sample_10,.png,Custom_CNN,0.7269769,1,forged,True
/kaggle/input/datasets/matteocarnebella/cedar-signatures/signatures/signatures_33/forgeries_33_1.png,forgeries_33_1.png,forged,1,writer_33,writer_33_sample_1,.png,Custom_CNN,0.7240097,1,forged,True
/kaggle/input/datasets/matteocarnebella/cedar-signatures/signatures/signatures_33/forgeries_33_19.png,forgeries_33_19.png,forged,1,writer_33,writer_33_sample_19,.png,Custom_CNN,0.6912638,1,forged,True
/kaggle/input/datasets/matteocarnebella/cedar-signatures/signatures/signatures_33/forgeries_33_16.png,forgeries_33_16.png,forged,1,writer_33,writer_33_sample_16,.png,Custom_CNN,0.72575986,1,forged,True
/kaggle/input/datasets/matteocarnebella/cedar-signatures/signatures/signatures_33/forgeries_33_12.png,forgeries_33_12.png,forged,1,writer_33,writer_33_sample_12,.png,Custom_CNN,0.71379775,1,forged,True
/kaggle/input/datasets/matteocarnebella/cedar-signatures/signatures/signatures_15/forgeries_15_24.png,forgeries_15_24.png,forged,1,writer_15,writer_15_sample_24,.png,Custom_CNN,0.79137266,1,forged,True
/kaggle/input/datasets/matteocarnebella/cedar-signatures/signatures/signatures_15/original_15_6.png,original_15_6.png,genuine,0,writer_15,writer_15_sample_6,.png,Custom_CNN,0.3428588,0,genuine,True
/kaggle/input/datasets/matteocarnebella/cedar-signatures/signatures/signatures_15/forgeries_15_22.png,forgeries_15_22.png,forged,1,writer_15,writer_15_sample_22,.png,Custom_CNN,0.80432624,1,forged,True
/kaggle/input/datasets/matteocarnebella/cedar-signatures/signatures/signatures_15/original_15_7.png,original_15_7.png,genuine,0,writer_15,writer_15_sample_7,.png,Custom_CNN,0.36993796,0,genuine,True
/kaggle/input/datasets/matteocarnebella/cedar-signatures/signatures/signatures_15/forgeries_15_3.png,forgeries_15_3.png,forged,1,writer_15,writer_15_sample_3,.png,Custom_CNN,0.89440143,1,forged,True
/kaggle/input/datasets/matteocarnebella/cedar-signatures/signatures/signatures_15/forgeries_15_2.png,forgeries_15_2.png,forged,1,writer_15,writer_15_sample_2,.png,Custom_CNN,0.88433135,1,forged,True
/kaggle/input/datasets/matteocarnebella/cedar-signatures/signatures/signatures_15/forgeries_15_21.png,forgeries_15_21.png,forged,1,writer_15,writer_15_sample_21,.png,Custom_CNN,0.86253214,1,forged,True
/kaggle/input/datasets/matteocarnebella/cedar-signatures/signatures/signatures_15/original_15_15.png,original_15_15.png,genuine,0,writer_15,writer_15_sample_15,.png,Custom_CNN,0.24949086,0,genuine,True
/kaggle/input/datasets/matteocarnebella/cedar-signatures/signatures/signatures_15/forgeries_15_8.png,forgeries_15_8.png,forged,1,writer_15,writer_15_sample_8,.png,Custom_CNN,0.87328744,1,forged,True
/kaggle/input/datasets/matteocarnebella/cedar-signatures/signatures/signatures_15/forgeries_15_1.png,forgeries_15_1.png,forged,1,writer_15,writer_15_sample_1,.png,Custom_CNN,0.8440041,1,forged,True
/kaggle/input/datasets/matteocarnebella/cedar-signatures/signatures/signatures_15/original_15_11.png,original_15_11.png,genuine,0,writer_15,writer_15_sample_11,.png,Custom_CNN,0.34053543,0,genuine,True
/kaggle/input/datasets/matteocarnebella/cedar-signatures/signatures/signatures_15/forgeries_15_13.png,forgeries_15_13.png,forged,1,writer_15,writer_15_sample_13,.png,Custom_CNN,0.86173046,1,forged,True
/kaggle/input/datasets/matteocarnebella/cedar-signatures/signatures/signatures_15/forgeries_15_10.png,forgeries_15_10.png,forged,1,writer_15,writer_15_sample_10,.png,Custom_CNN,0.8203122,1,forged,True
/kaggle/input/datasets/matteocarnebella/cedar-signatures/signatures/signatures_15/forgeries_15_18.png,forgeries_15_18.png,forged,1,writer_15,writer_15_sample_18,.png,Custom_CNN,0.89662355,1,forged,True
/kaggle/input/datasets/matteocarnebella/cedar-signatures/signatures/signatures_15/original_15_22.png,original_15_22.png,genuine,0,writer_15,writer_15_sample_22,.png,Custom_CNN,0.2114916,0,genuine,True
/kaggle/input/datasets/matteocarnebella/cedar-signatures/signatures/signatures_15/forgeries_15_6.png,forgeries_15_6.png,forged,1,writer_15,writer_15_sample_6,.png,Custom_CNN,0.784377,1,forged,True
/kaggle/input/datasets/matteocarnebella/cedar-signatures/signatures/signatures_15/forgeries_15_9.png,forgeries_15_9.png,forged,1,writer_15,writer_15_sample_9,.png,Custom_CNN,0.8097667,1,forged,True
/kaggle/input/datasets/matteocarnebella/cedar-signatures/signatures/signatures_15/forgeries_15_7.png,forgeries_15_7.png,forged,1,writer_15,writer_15_sample_7,.png,Custom_CNN,0.8841308,1,forged,True
/kaggle/input/datasets/matteocarnebella/cedar-signatures/signatures/signatures_15/original_15_23.png,original_15_23.png,genuine,0,writer_15,writer_15_sample_23,.png,Custom_CNN,0.2513786,0,genuine,True
/kaggle/input/datasets/matteocarnebella/cedar-signatures/signatures/signatures_15/forgeries_15_14.png,forgeries_15_14.png,forged,1,writer_15,writer_15_sample_14,.png,Custom_CNN,0.91174865,1,forged,True
/kaggle/input/datasets/matteocarnebella/cedar-signatures/signatures/signatures_15/original_15_4.png,original_15_4.png,genuine,0,writer_15,writer_15_sample_4,.png,Custom_CNN,0.46170342,0,genuine,True
/kaggle/input/datasets/matteocarnebella/cedar-signatures/signatures/signatures_15/original_15_5.png,original_15_5.png,genuine,0,writer_15,writer_15_sample_5,.png,Custom_CNN,0.29564244,0,genuine,True
/kaggle/input/datasets/matteocarnebella/cedar-signatures/signatures/signatures_15/original_15_2.png,original_15_2.png,genuine,0,writer_15,writer_15_sample_2,.png,Custom_CNN,0.24751003,0,genuine,True
/kaggle/input/datasets/matteocarnebella/cedar-signatures/signatures/signatures_15/forgeries_15_15.png,forgeries_15_15.png,forged,1,writer_15,writer_15_sample_15,.png,Custom_CNN,0.959199,1,forged,True
/kaggle/input/datasets/matteocarnebella/cedar-signatures/signatures/signatures_15/original_15_9.png,original_15_9.png,genuine,0,writer_15,writer_15_sample_9,.png,Custom_CNN,0.37182269,0,genuine,True
/kaggle/input/datasets/matteocarnebella/cedar-signatures/signatures/signatures_15/forgeries_15_20.png,forgeries_15_20.png,forged,1,writer_15,writer_15_sample_20,.png,Custom_CNN,0.8388624,1,forged,True
/kaggle/input/datasets/matteocarnebella/cedar-signatures/signatures/signatures_15/original_15_19.png,original_15_19.png,genuine,0,writer_15,writer_15_sample_19,.png,Custom_CNN,0.22152396,0,genuine,True
/kaggle/input/datasets/matteocarnebella/cedar-signatures/signatures/signatures_15/forgeries_15_19.png,forgeries_15_19.png,forged,1,writer_15,writer_15_sample_19,.png,Custom_CNN,0.83951664,1,forged,True
/kaggle/input/datasets/matteocarnebella/cedar-signatures/signatures/signatures_15/original_15_8.png,original_15_8.png,genuine,0,writer_15,writer_15_sample_8,.png,Custom_CNN,0.29547068,0,genuine,True
/kaggle/input/datasets/matteocarnebella/cedar-signatures/signatures/signatures_15/original_15_17.png,original_15_17.png,genuine,0,writer_15,writer_15_sample_17,.png,Custom_CNN,0.22474232,0,genuine,True
/kaggle/input/datasets/matteocarnebella/cedar-signatures/signatures/signatures_15/original_15_14.png,original_15_14.png,genuine,0,writer_15,writer_15_sample_14,.png,Custom_CNN,0.25776505,0,genuine,True
/kaggle/input/datasets/matteocarnebella/cedar-signatures/signatures/signatures_15/original_15_13.png,original_15_13.png,genuine,0,writer_15,writer_15_sample_13,.png,Custom_CNN,0.31512657,0,genuine,True
/kaggle/input/datasets/matteocarnebella/cedar-signatures/signatures/signatures_15/original_15_10.png,original_15_10.png,genuine,0,writer_15,writer_15_sample_10,.png,Custom_CNN,0.29683495,0,genuine,True
/kaggle/input/datasets/matteocarnebella/cedar-signatures/signatures/signatures_15/forgeries_15_17.png,forgeries_15_17.png,forged,1,writer_15,writer_15_sample_17,.png,Custom_CNN,0.8772173,1,forged,True
/kaggle/input/datasets/matteocarnebella/cedar-signatures/signatures/signatures_15/original_15_24.png,original_15_24.png,genuine,0,writer_15,writer_15_sample_24,.png,Custom_CNN,0.4143792,0,genuine,True
/kaggle/input/datasets/matteocarnebella/cedar-signatures/signatures/signatures_15/forgeries_15_16.png,forgeries_15_16.png,forged,1,writer_15,writer_15_sample_16,.png,Custom_CNN,0.827785,1,forged,True
/kaggle/input/datasets/matteocarnebella/cedar-signatures/signatures/signatures_15/original_15_21.png,original_15_21.png,genuine,0,writer_15,writer_15_sample_21,.png,Custom_CNN,0.31126994,0,genuine,True
/kaggle/input/datasets/matteocarnebella/cedar-signatures/signatures/signatures_15/forgeries_15_5.png,forgeries_15_5.png,forged,1,writer_15,writer_15_sample_5,.png,Custom_CNN,0.89522237,1,forged,True
/kaggle/input/datasets/matteocarnebella/cedar-signatures/signatures/signatures_15/original_15_20.png,original_15_20.png,genuine,0,writer_15,writer_15_sample_20,.png,Custom_CNN,0.25172913,0,genuine,True
/kaggle/input/datasets/matteocarnebella/cedar-signatures/signatures/signatures_15/original_15_16.png,original_15_16.png,genuine,0,writer_15,writer_15_sample_16,.png,Custom_CNN,0.23638889,0,genuine,True
/kaggle/input/datasets/matteocarnebella/cedar-signatures/signatures/signatures_15/forgeries_15_12.png,forgeries_15_12.png,forged,1,writer_15,writer_15_sample_12,.png,Custom_CNN,0.8171388,1,forged,True
/kaggle/input/datasets/matteocarnebella/cedar-signatures/signatures/signatures_15/original_15_18.png,original_15_18.png,genuine,0,writer_15,writer_15_sample_18,.png,Custom_CNN,0.2992394,0,genuine,True
/kaggle/input/datasets/matteocarnebella/cedar-signatures/signatures/signatures_15/original_15_3.png,original_15_3.png,genuine,0,writer_15,writer_15_sample_3,.png,Custom_CNN,0.374474,0,genuine,True
/kaggle/input/datasets/matteocarnebella/cedar-signatures/signatures/signatures_15/original_15_12.png,original_15_12.png,genuine,0,writer_15,writer_15_sample_12,.png,Custom_CNN,0.37892687,0,genuine,True
/kaggle/input/datasets/matteocarnebella/cedar-signatures/signatures/signatures_15/forgeries_15_4.png,forgeries_15_4.png,forged,1,writer_15,writer_15_sample_4,.png,Custom_CNN,0.947333,1,forged,True
/kaggle/input/datasets/matteocarnebella/cedar-signatures/signatures/signatures_15/forgeries_15_11.png,forgeries_15_11.png,forged,1,writer_15,writer_15_sample_11,.png,Custom_CNN,0.7607026,1,forged,True
/kaggle/input/datasets/matteocarnebella/cedar-signatures/signatures/signatures_15/original_15_1.png,original_15_1.png,genuine,0,writer_15,writer_15_sample_1,.png,Custom_CNN,0.6475297,1,forged,False
/kaggle/input/datasets/matteocarnebella/cedar-signatures/signatures/signatures_15/forgeries_15_23.png,forgeries_15_23.png,forged,1,writer_15,writer_15_sample_23,.png,Custom_CNN,0.8828178,1,forged,True
/kaggle/input/datasets/matteocarnebella/cedar-signatures/signatures/signatures_4/forgeries_4_17.png,forgeries_4_17.png,forged,1,writer_4,writer_4_sample_17,.png,Custom_CNN,0.7969695,1,forged,True
/kaggle/input/datasets/matteocarnebella/cedar-signatures/signatures/signatures_4/original_4_3.png,original_4_3.png,genuine,0,writer_4,writer_4_sample_3,.png,Custom_CNN,0.6950185,1,forged,False
/kaggle/input/datasets/matteocarnebella/cedar-signatures/signatures/signatures_4/forgeries_4_9.png,forgeries_4_9.png,forged,1,writer_4,writer_4_sample_9,.png,Custom_CNN,0.32792127,0,genuine,False
/kaggle/input/datasets/matteocarnebella/cedar-signatures/signatures/signatures_4/original_4_12.png,original_4_12.png,genuine,0,writer_4,writer_4_sample_12,.png,Custom_CNN,0.52509815,1,forged,False
/kaggle/input/datasets/matteocarnebella/cedar-signatures/signatures/signatures_4/original_4_10.png,original_4_10.png,genuine,0,writer_4,writer_4_sample_10,.png,Custom_CNN,0.49863902,0,genuine,True
/kaggle/input/datasets/matteocarnebella/cedar-signatures/signatures/signatures_4/forgeries_4_16.png,forgeries_4_16.png,forged,1,writer_4,writer_4_sample_16,.png,Custom_CNN,0.84989214,1,forged,True
/kaggle/input/datasets/matteocarnebella/cedar-signatures/signatures/signatures_4/original_4_11.png,original_4_11.png,genuine,0,writer_4,writer_4_sample_11,.png,Custom_CNN,0.23719828,0,genuine,True
/kaggle/input/datasets/matteocarnebella/cedar-signatures/signatures/signatures_4/forgeries_4_2.png,forgeries_4_2.png,forged,1,writer_4,writer_4_sample_2,.png,Custom_CNN,0.73061466,1,forged,True
/kaggle/input/datasets/matteocarnebella/cedar-signatures/signatures/signatures_4/forgeries_4_1.png,forgeries_4_1.png,forged,1,writer_4,writer_4_sample_1,.png,Custom_CNN,0.7214698,1,forged,True
/kaggle/input/datasets/matteocarnebella/cedar-signatures/signatures/signatures_4/original_4_9.png,original_4_9.png,genuine,0,writer_4,writer_4_sample_9,.png,Custom_CNN,0.26274315,0,genuine,True
/kaggle/input/datasets/matteocarnebella/cedar-signatures/signatures/signatures_4/forgeries_4_18.png,forgeries_4_18.png,forged,1,writer_4,writer_4_sample_18,.png,Custom_CNN,0.7759606,1,forged,True
/kaggle/input/datasets/matteocarnebella/cedar-signatures/signatures/signatures_4/original_4_24.png,original_4_24.png,genuine,0,writer_4,writer_4_sample_24,.png,Custom_CNN,0.7762414,1,forged,False
/kaggle/input/datasets/matteocarnebella/cedar-signatures/signatures/signatures_4/original_4_19.png,original_4_19.png,genuine,0,writer_4,writer_4_sample_19,.png,Custom_CNN,0.5532936,1,forged,False
/kaggle/input/datasets/matteocarnebella/cedar-signatures/signatures/signatures_4/original_4_13.png,original_4_13.png,genuine,0,writer_4,writer_4_sample_13,.png,Custom_CNN,0.4315929,0,genuine,True
/kaggle/input/datasets/matteocarnebella/cedar-signatures/signatures/signatures_4/original_4_23.png,original_4_23.png,genuine,0,writer_4,writer_4_sample_23,.png,Custom_CNN,0.46690077,0,genuine,True
/kaggle/input/datasets/matteocarnebella/cedar-signatures/signatures/signatures_4/forgeries_4_10.png,forgeries_4_10.png,forged,1,writer_4,writer_4_sample_10,.png,Custom_CNN,0.19008675,0,genuine,False
/kaggle/input/datasets/matteocarnebella/cedar-signatures/signatures/signatures_4/forgeries_4_4.png,forgeries_4_4.png,forged,1,writer_4,writer_4_sample_4,.png,Custom_CNN,0.72846454,1,forged,True
/kaggle/input/datasets/matteocarnebella/cedar-signatures/signatures/signatures_4/original_4_7.png,original_4_7.png,genuine,0,writer_4,writer_4_sample_7,.png,Custom_CNN,0.6154392,1,forged,False
/kaggle/input/datasets/matteocarnebella/cedar-signatures/signatures/signatures_4/original_4_6.png,original_4_6.png,genuine,0,writer_4,writer_4_sample_6,.png,Custom_CNN,0.6032607,1,forged,False
/kaggle/input/datasets/matteocarnebella/cedar-signatures/signatures/signatures_4/forgeries_4_23.png,forgeries_4_23.png,forged,1,writer_4,writer_4_sample_23,.png,Custom_CNN,0.6825964,1,forged,True
/kaggle/input/datasets/matteocarnebella/cedar-signatures/signatures/signatures_4/forgeries_4_3.png,forgeries_4_3.png,forged,1,writer_4,writer_4_sample_3,.png,Custom_CNN,0.753082,1,forged,True
/kaggle/input/datasets/matteocarnebella/cedar-signatures/signatures/signatures_4/forgeries_4_6.png,forgeries_4_6.png,forged,1,writer_4,writer_4_sample_6,.png,Custom_CNN,0.77494323,1,forged,True
/kaggle/input/datasets/matteocarnebella/cedar-signatures/signatures/signatures_4/original_4_5.png,original_4_5.png,genuine,0,writer_4,writer_4_sample_5,.png,Custom_CNN,0.802364,1,forged,False
/kaggle/input/datasets/matteocarnebella/cedar-signatures/signatures/signatures_4/forgeries_4_22.png,forgeries_4_22.png,forged,1,writer_4,writer_4_sample_22,.png,Custom_CNN,0.8680176,1,forged,True
/kaggle/input/datasets/matteocarnebella/cedar-signatures/signatures/signatures_4/forgeries_4_19.png,forgeries_4_19.png,forged,1,writer_4,writer_4_sample_19,.png,Custom_CNN,0.771752,1,forged,True
/kaggle/input/datasets/matteocarnebella/cedar-signatures/signatures/signatures_4/forgeries_4_11.png,forgeries_4_11.png,forged,1,writer_4,writer_4_sample_11,.png,Custom_CNN,0.69622195,1,forged,True
/kaggle/input/datasets/matteocarnebella/cedar-signatures/signatures/signatures_4/original_4_18.png,original_4_18.png,genuine,0,writer_4,writer_4_sample_18,.png,Custom_CNN,0.6986618,1,forged,False
/kaggle/input/datasets/matteocarnebella/cedar-signatures/signatures/signatures_4/forgeries_4_14.png,forgeries_4_14.png,forged,1,writer_4,writer_4_sample_14,.png,Custom_CNN,0.82774335,1,forged,True
/kaggle/input/datasets/matteocarnebella/cedar-signatures/signatures/signatures_4/forgeries_4_5.png,forgeries_4_5.png,forged,1,writer_4,writer_4_sample_5,.png,Custom_CNN,0.83398414,1,forged,True
/kaggle/input/datasets/matteocarnebella/cedar-signatures/signatures/signatures_4/original_4_16.png,original_4_16.png,genuine,0,writer_4,writer_4_sample_16,.png,Custom_CNN,0.8140932,1,forged,False
/kaggle/input/datasets/matteocarnebella/cedar-signatures/signatures/signatures_4/forgeries_4_15.png,forgeries_4_15.png,forged,1,writer_4,writer_4_sample_15,.png,Custom_CNN,0.74106354,1,forged,True
/kaggle/input/datasets/matteocarnebella/cedar-signatures/signatures/signatures_4/original_4_1.png,original_4_1.png,genuine,0,writer_4,writer_4_sample_1,.png,Custom_CNN,0.65669465,1,forged,False
/kaggle/input/datasets/matteocarnebella/cedar-signatures/signatures/signatures_4/original_4_4.png,original_4_4.png,genuine,0,writer_4,writer_4_sample_4,.png,Custom_CNN,0.61358476,1,forged,False
/kaggle/input/datasets/matteocarnebella/cedar-signatures/signatures/signatures_4/original_4_20.png,original_4_20.png,genuine,0,writer_4,writer_4_sample_20,.png,Custom_CNN,0.51619667,1,forged,False
/kaggle/input/datasets/matteocarnebella/cedar-signatures/signatures/signatures_4/original_4_14.png,original_4_14.png,genuine,0,writer_4,writer_4_sample_14,.png,Custom_CNN,0.30244264,0,genuine,True
/kaggle/input/datasets/matteocarnebella/cedar-signatures/signatures/signatures_4/original_4_15.png,original_4_15.png,genuine,0,writer_4,writer_4_sample_15,.png,Custom_CNN,0.6225082,1,forged,False
/kaggle/input/datasets/matteocarnebella/cedar-signatures/signatures/signatures_4/original_4_8.png,original_4_8.png,genuine,0,writer_4,writer_4_sample_8,.png,Custom_CNN,0.38942108,0,genuine,True
/kaggle/input/datasets/matteocarnebella/cedar-signatures/signatures/signatures_4/forgeries_4_13.png,forgeries_4_13.png,forged,1,writer_4,writer_4_sample_13,.png,Custom_CNN,0.90997016,1,forged,True
/kaggle/input/datasets/matteocarnebella/cedar-signatures/signatures/signatures_4/forgeries_4_20.png,forgeries_4_20.png,forged,1,writer_4,writer_4_sample_20,.png,Custom_CNN,0.7054965,1,forged,True
/kaggle/input/datasets/matteocarnebella/cedar-signatures/signatures/signatures_4/forgeries_4_8.png,forgeries_4_8.png,forged,1,writer_4,writer_4_sample_8,.png,Custom_CNN,0.5570623,1,forged,True
/kaggle/input/datasets/matteocarnebella/cedar-signatures/signatures/signatures_4/original_4_2.png,original_4_2.png,genuine,0,writer_4,writer_4_sample_2,.png,Custom_CNN,0.47633028,0,genuine,True
/kaggle/input/datasets/matteocarnebella/cedar-signatures/signatures/signatures_4/original_4_21.png,original_4_21.png,genuine,0,writer_4,writer_4_sample_21,.png,Custom_CNN,0.6709788,1,forged,False
/kaggle/input/datasets/matteocarnebella/cedar-signatures/signatures/signatures_4/original_4_17.png,original_4_17.png,genuine,0,writer_4,writer_4_sample_17,.png,Custom_CNN,0.43783817,0,genuine,True
/kaggle/input/datasets/matteocarnebella/cedar-signatures/signatures/signatures_4/forgeries_4_21.png,forgeries_4_21.png,forged,1,writer_4,writer_4_sample_21,.png,Custom_CNN,0.7644992,1,forged,True
/kaggle/input/datasets/matteocarnebella/cedar-signatures/signatures/signatures_4/original_4_22.png,original_4_22.png,genuine,0,writer_4,writer_4_sample_22,.png,Custom_CNN,0.49367288,0,genuine,True
/kaggle/input/datasets/matteocarnebella/cedar-signatures/signatures/signatures_4/forgeries_4_12.png,forgeries_4_12.png,forged,1,writer_4,writer_4_sample_12,.png,Custom_CNN,0.7239537,1,forged,True
/kaggle/input/datasets/matteocarnebella/cedar-signatures/signatures/signatures_4/forgeries_4_7.png,forgeries_4_7.png,forged,1,writer_4,writer_4_sample_7,.png,Custom_CNN,0.4405688,0,genuine,False
/kaggle/input/datasets/matteocarnebella/cedar-signatures/signatures/signatures_4/forgeries_4_24.png,forgeries_4_24.png,forged,1,writer_4,writer_4_sample_24,.png,Custom_CNN,0.8208099,1,forged,True
/kaggle/input/datasets/matteocarnebella/cedar-signatures/signatures/signatures_14/forgeries_14_1.png,forgeries_14_1.png,forged,1,writer_14,writer_14_sample_1,.png,Custom_CNN,0.83467066,1,forged,True
/kaggle/input/datasets/matteocarnebella/cedar-signatures/signatures/signatures_14/original_14_10.png,original_14_10.png,genuine,0,writer_14,writer_14_sample_10,.png,Custom_CNN,0.63522774,1,forged,False
/kaggle/input/datasets/matteocarnebella/cedar-signatures/signatures/signatures_14/forgeries_14_6.png,forgeries_14_6.png,forged,1,writer_14,writer_14_sample_6,.png,Custom_CNN,0.63766414,1,forged,True
/kaggle/input/datasets/matteocarnebella/cedar-signatures/signatures/signatures_14/forgeries_14_18.png,forgeries_14_18.png,forged,1,writer_14,writer_14_sample_18,.png,Custom_CNN,0.6134261,1,forged,True
/kaggle/input/datasets/matteocarnebella/cedar-signatures/signatures/signatures_14/forgeries_14_22.png,forgeries_14_22.png,forged,1,writer_14,writer_14_sample_22,.png,Custom_CNN,0.6578161,1,forged,True
/kaggle/input/datasets/matteocarnebella/cedar-signatures/signatures/signatures_14/original_14_5.png,original_14_5.png,genuine,0,writer_14,writer_14_sample_5,.png,Custom_CNN,0.64052993,1,forged,False
/kaggle/input/datasets/matteocarnebella/cedar-signatures/signatures/signatures_14/original_14_4.png,original_14_4.png,genuine,0,writer_14,writer_14_sample_4,.png,Custom_CNN,0.63179743,1,forged,False
/kaggle/input/datasets/matteocarnebella/cedar-signatures/signatures/signatures_14/original_14_24.png,original_14_24.png,genuine,0,writer_14,writer_14_sample_24,.png,Custom_CNN,0.44697753,0,genuine,True
/kaggle/input/datasets/matteocarnebella/cedar-signatures/signatures/signatures_14/original_14_15.png,original_14_15.png,genuine,0,writer_14,writer_14_sample_15,.png,Custom_CNN,0.5461961,1,forged,False
/kaggle/input/datasets/matteocarnebella/cedar-signatures/signatures/signatures_14/original_14_9.png,original_14_9.png,genuine,0,writer_14,writer_14_sample_9,.png,Custom_CNN,0.47936174,0,genuine,True
/kaggle/input/datasets/matteocarnebella/cedar-signatures/signatures/signatures_14/forgeries_14_10.png,forgeries_14_10.png,forged,1,writer_14,writer_14_sample_10,.png,Custom_CNN,0.76816666,1,forged,True
/kaggle/input/datasets/matteocarnebella/cedar-signatures/signatures/signatures_14/forgeries_14_16.png,forgeries_14_16.png,forged,1,writer_14,writer_14_sample_16,.png,Custom_CNN,0.63939947,1,forged,True
/kaggle/input/datasets/matteocarnebella/cedar-signatures/signatures/signatures_14/forgeries_14_14.png,forgeries_14_14.png,forged,1,writer_14,writer_14_sample_14,.png,Custom_CNN,0.7548048,1,forged,True
/kaggle/input/datasets/matteocarnebella/cedar-signatures/signatures/signatures_14/forgeries_14_19.png,forgeries_14_19.png,forged,1,writer_14,writer_14_sample_19,.png,Custom_CNN,0.6595924,1,forged,True
/kaggle/input/datasets/matteocarnebella/cedar-signatures/signatures/signatures_14/forgeries_14_24.png,forgeries_14_24.png,forged,1,writer_14,writer_14_sample_24,.png,Custom_CNN,0.7010626,1,forged,True
/kaggle/input/datasets/matteocarnebella/cedar-signatures/signatures/signatures_14/original_14_21.png,original_14_21.png,genuine,0,writer_14,writer_14_sample_21,.png,Custom_CNN,0.5560662,1,forged,False
/kaggle/input/datasets/matteocarnebella/cedar-signatures/signatures/signatures_14/forgeries_14_12.png,forgeries_14_12.png,forged,1,writer_14,writer_14_sample_12,.png,Custom_CNN,0.81649554,1,forged,True
/kaggle/input/datasets/matteocarnebella/cedar-signatures/signatures/signatures_14/original_14_6.png,original_14_6.png,genuine,0,writer_14,writer_14_sample_6,.png,Custom_CNN,0.6428197,1,forged,False
/kaggle/input/datasets/matteocarnebella/cedar-signatures/signatures/signatures_14/forgeries_14_5.png,forgeries_14_5.png,forged,1,writer_14,writer_14_sample_5,.png,Custom_CNN,0.8117119,1,forged,True
/kaggle/input/datasets/matteocarnebella/cedar-signatures/signatures/signatures_14/original_14_19.png,original_14_19.png,genuine,0,writer_14,writer_14_sample_19,.png,Custom_CNN,0.34765777,0,genuine,True
/kaggle/input/datasets/matteocarnebella/cedar-signatures/signatures/signatures_14/forgeries_14_11.png,forgeries_14_11.png,forged,1,writer_14,writer_14_sample_11,.png,Custom_CNN,0.82208055,1,forged,True
/kaggle/input/datasets/matteocarnebella/cedar-signatures/signatures/signatures_14/original_14_13.png,original_14_13.png,genuine,0,writer_14,writer_14_sample_13,.png,Custom_CNN,0.27348855,0,genuine,True
/kaggle/input/datasets/matteocarnebella/cedar-signatures/signatures/signatures_14/original_14_14.png,original_14_14.png,genuine,0,writer_14,writer_14_sample_14,.png,Custom_CNN,0.3489031,0,genuine,True
/kaggle/input/datasets/matteocarnebella/cedar-signatures/signatures/signatures_14/forgeries_14_3.png,forgeries_14_3.png,forged,1,writer_14,writer_14_sample_3,.png,Custom_CNN,0.78680277,1,forged,True
/kaggle/input/datasets/matteocarnebella/cedar-signatures/signatures/signatures_14/forgeries_14_21.png,forgeries_14_21.png,forged,1,writer_14,writer_14_sample_21,.png,Custom_CNN,0.66921103,1,forged,True
/kaggle/input/datasets/matteocarnebella/cedar-signatures/signatures/signatures_14/original_14_1.png,original_14_1.png,genuine,0,writer_14,writer_14_sample_1,.png,Custom_CNN,0.50352114,1,forged,False
/kaggle/input/datasets/matteocarnebella/cedar-signatures/signatures/signatures_14/original_14_20.png,original_14_20.png,genuine,0,writer_14,writer_14_sample_20,.png,Custom_CNN,0.4598554,0,genuine,True
/kaggle/input/datasets/matteocarnebella/cedar-signatures/signatures/signatures_14/original_14_3.png,original_14_3.png,genuine,0,writer_14,writer_14_sample_3,.png,Custom_CNN,0.54667956,1,forged,False
/kaggle/input/datasets/matteocarnebella/cedar-signatures/signatures/signatures_14/original_14_18.png,original_14_18.png,genuine,0,writer_14,writer_14_sample_18,.png,Custom_CNN,0.61593467,1,forged,False
/kaggle/input/datasets/matteocarnebella/cedar-signatures/signatures/signatures_14/forgeries_14_17.png,forgeries_14_17.png,forged,1,writer_14,writer_14_sample_17,.png,Custom_CNN,0.7813709,1,forged,True
/kaggle/input/datasets/matteocarnebella/cedar-signatures/signatures/signatures_14/original_14_17.png,original_14_17.png,genuine,0,writer_14,writer_14_sample_17,.png,Custom_CNN,0.31392968,0,genuine,True
/kaggle/input/datasets/matteocarnebella/cedar-signatures/signatures/signatures_14/forgeries_14_13.png,forgeries_14_13.png,forged,1,writer_14,writer_14_sample_13,.png,Custom_CNN,0.7638547,1,forged,True
/kaggle/input/datasets/matteocarnebella/cedar-signatures/signatures/signatures_14/forgeries_14_23.png,forgeries_14_23.png,forged,1,writer_14,writer_14_sample_23,.png,Custom_CNN,0.70319605,1,forged,True
/kaggle/input/datasets/matteocarnebella/cedar-signatures/signatures/signatures_14/forgeries_14_15.png,forgeries_14_15.png,forged,1,writer_14,writer_14_sample_15,.png,Custom_CNN,0.7106243,1,forged,True
/kaggle/input/datasets/matteocarnebella/cedar-signatures/signatures/signatures_14/original_14_8.png,original_14_8.png,genuine,0,writer_14,writer_14_sample_8,.png,Custom_CNN,0.6913465,1,forged,False
/kaggle/input/datasets/matteocarnebella/cedar-signatures/signatures/signatures_14/forgeries_14_8.png,forgeries_14_8.png,forged,1,writer_14,writer_14_sample_8,.png,Custom_CNN,0.82409126,1,forged,True
/kaggle/input/datasets/matteocarnebella/cedar-signatures/signatures/signatures_14/forgeries_14_2.png,forgeries_14_2.png,forged,1,writer_14,writer_14_sample_2,.png,Custom_CNN,0.6991674,1,forged,True
/kaggle/input/datasets/matteocarnebella/cedar-signatures/signatures/signatures_14/original_14_16.png,original_14_16.png,genuine,0,writer_14,writer_14_sample_16,.png,Custom_CNN,0.48650143,0,genuine,True
/kaggle/input/datasets/matteocarnebella/cedar-signatures/signatures/signatures_14/forgeries_14_7.png,forgeries_14_7.png,forged,1,writer_14,writer_14_sample_7,.png,Custom_CNN,0.7585126,1,forged,True
/kaggle/input/datasets/matteocarnebella/cedar-signatures/signatures/signatures_14/original_14_22.png,original_14_22.png,genuine,0,writer_14,writer_14_sample_22,.png,Custom_CNN,0.42957878,0,genuine,True
/kaggle/input/datasets/matteocarnebella/cedar-signatures/signatures/signatures_14/original_14_23.png,original_14_23.png,genuine,0,writer_14,writer_14_sample_23,.png,Custom_CNN,0.3598998,0,genuine,True
/kaggle/input/datasets/matteocarnebella/cedar-signatures/signatures/signatures_14/original_14_12.png,original_14_12.png,genuine,0,writer_14,writer_14_sample_12,.png,Custom_CNN,0.5827386,1,forged,False
/kaggle/input/datasets/matteocarnebella/cedar-signatures/signatures/signatures_14/original_14_11.png,original_14_11.png,genuine,0,writer_14,writer_14_sample_11,.png,Custom_CNN,0.47363028,0,genuine,True
/kaggle/input/datasets/matteocarnebella/cedar-signatures/signatures/signatures_14/original_14_2.png,original_14_2.png,genuine,0,writer_14,writer_14_sample_2,.png,Custom_CNN,0.61135584,1,forged,False
/kaggle/input/datasets/matteocarnebella/cedar-signatures/signatures/signatures_14/forgeries_14_9.png,forgeries_14_9.png,forged,1,writer_14,writer_14_sample_9,.png,Custom_CNN,0.5349679,1,forged,True
/kaggle/input/datasets/matteocarnebella/cedar-signatures/signatures/signatures_14/original_14_7.png,original_14_7.png,genuine,0,writer_14,writer_14_sample_7,.png,Custom_CNN,0.63100994,1,forged,False
/kaggle/input/datasets/matteocarnebella/cedar-signatures/signatures/signatures_14/forgeries_14_20.png,forgeries_14_20.png,forged,1,writer_14,writer_14_sample_20,.png,Custom_CNN,0.7504551,1,forged,True
/kaggle/input/datasets/matteocarnebella/cedar-signatures/signatures/signatures_14/forgeries_14_4.png,forgeries_14_4.png,forged,1,writer_14,writer_14_sample_4,.png,Custom_CNN,0.79484963,1,forged,True
/kaggle/input/datasets/matteocarnebella/cedar-signatures/signatures/signatures_21/original_21_14.png,original_21_14.png,genuine,0,writer_21,writer_21_sample_14,.png,Custom_CNN,0.33804423,0,genuine,True
/kaggle/input/datasets/matteocarnebella/cedar-signatures/signatures/signatures_21/original_21_5.png,original_21_5.png,genuine,0,writer_21,writer_21_sample_5,.png,Custom_CNN,0.44188595,0,genuine,True
/kaggle/input/datasets/matteocarnebella/cedar-signatures/signatures/signatures_21/forgeries_21_10.png,forgeries_21_10.png,forged,1,writer_21,writer_21_sample_10,.png,Custom_CNN,0.6515341,1,forged,True
/kaggle/input/datasets/matteocarnebella/cedar-signatures/signatures/signatures_21/original_21_17.png,original_21_17.png,genuine,0,writer_21,writer_21_sample_17,.png,Custom_CNN,0.4522498,0,genuine,True
/kaggle/input/datasets/matteocarnebella/cedar-signatures/signatures/signatures_21/original_21_13.png,original_21_13.png,genuine,0,writer_21,writer_21_sample_13,.png,Custom_CNN,0.4090051,0,genuine,True
/kaggle/input/datasets/matteocarnebella/cedar-signatures/signatures/signatures_21/forgeries_21_15.png,forgeries_21_15.png,forged,1,writer_21,writer_21_sample_15,.png,Custom_CNN,0.6621378,1,forged,True
/kaggle/input/datasets/matteocarnebella/cedar-signatures/signatures/signatures_21/original_21_22.png,original_21_22.png,genuine,0,writer_21,writer_21_sample_22,.png,Custom_CNN,0.43172035,0,genuine,True
/kaggle/input/datasets/matteocarnebella/cedar-signatures/signatures/signatures_21/original_21_15.png,original_21_15.png,genuine,0,writer_21,writer_21_sample_15,.png,Custom_CNN,0.49002337,0,genuine,True
/kaggle/input/datasets/matteocarnebella/cedar-signatures/signatures/signatures_21/forgeries_21_1.png,forgeries_21_1.png,forged,1,writer_21,writer_21_sample_1,.png,Custom_CNN,0.86441,1,forged,True
/kaggle/input/datasets/matteocarnebella/cedar-signatures/signatures/signatures_21/original_21_16.png,original_21_16.png,genuine,0,writer_21,writer_21_sample_16,.png,Custom_CNN,0.37604374,0,genuine,True
/kaggle/input/datasets/matteocarnebella/cedar-signatures/signatures/signatures_21/forgeries_21_11.png,forgeries_21_11.png,forged,1,writer_21,writer_21_sample_11,.png,Custom_CNN,0.75560606,1,forged,True
/kaggle/input/datasets/matteocarnebella/cedar-signatures/signatures/signatures_21/original_21_20.png,original_21_20.png,genuine,0,writer_21,writer_21_sample_20,.png,Custom_CNN,0.3881118,0,genuine,True
/kaggle/input/datasets/matteocarnebella/cedar-signatures/signatures/signatures_21/forgeries_21_22.png,forgeries_21_22.png,forged,1,writer_21,writer_21_sample_22,.png,Custom_CNN,0.831524,1,forged,True
/kaggle/input/datasets/matteocarnebella/cedar-signatures/signatures/signatures_21/original_21_12.png,original_21_12.png,genuine,0,writer_21,writer_21_sample_12,.png,Custom_CNN,0.4933109,0,genuine,True
/kaggle/input/datasets/matteocarnebella/cedar-signatures/signatures/signatures_21/forgeries_21_17.png,forgeries_21_17.png,forged,1,writer_21,writer_21_sample_17,.png,Custom_CNN,0.664784,1,forged,True
/kaggle/input/datasets/matteocarnebella/cedar-signatures/signatures/signatures_21/forgeries_21_5.png,forgeries_21_5.png,forged,1,writer_21,writer_21_sample_5,.png,Custom_CNN,0.5503148,1,forged,True
/kaggle/input/datasets/matteocarnebella/cedar-signatures/signatures/signatures_21/forgeries_21_6.png,forgeries_21_6.png,forged,1,writer_21,writer_21_sample_6,.png,Custom_CNN,0.54966766,1,forged,True
/kaggle/input/datasets/matteocarnebella/cedar-signatures/signatures/signatures_21/forgeries_21_21.png,forgeries_21_21.png,forged,1,writer_21,writer_21_sample_21,.png,Custom_CNN,0.7470189,1,forged,True
/kaggle/input/datasets/matteocarnebella/cedar-signatures/signatures/signatures_21/forgeries_21_20.png,forgeries_21_20.png,forged,1,writer_21,writer_21_sample_20,.png,Custom_CNN,0.8776279,1,forged,True
/kaggle/input/datasets/matteocarnebella/cedar-signatures/signatures/signatures_21/forgeries_21_2.png,forgeries_21_2.png,forged,1,writer_21,writer_21_sample_2,.png,Custom_CNN,0.842943,1,forged,True
/kaggle/input/datasets/matteocarnebella/cedar-signatures/signatures/signatures_21/original_21_10.png,original_21_10.png,genuine,0,writer_21,writer_21_sample_10,.png,Custom_CNN,0.4077599,0,genuine,True
/kaggle/input/datasets/matteocarnebella/cedar-signatures/signatures/signatures_21/forgeries_21_14.png,forgeries_21_14.png,forged,1,writer_21,writer_21_sample_14,.png,Custom_CNN,0.7767311,1,forged,True
/kaggle/input/datasets/matteocarnebella/cedar-signatures/signatures/signatures_21/original_21_4.png,original_21_4.png,genuine,0,writer_21,writer_21_sample_4,.png,Custom_CNN,0.42598036,0,genuine,True
/kaggle/input/datasets/matteocarnebella/cedar-signatures/signatures/signatures_21/forgeries_21_12.png,forgeries_21_12.png,forged,1,writer_21,writer_21_sample_12,.png,Custom_CNN,0.81789464,1,forged,True
/kaggle/input/datasets/matteocarnebella/cedar-signatures/signatures/signatures_21/forgeries_21_4.png,forgeries_21_4.png,forged,1,writer_21,writer_21_sample_4,.png,Custom_CNN,0.73610705,1,forged,True
/kaggle/input/datasets/matteocarnebella/cedar-signatures/signatures/signatures_21/original_21_1.png,original_21_1.png,genuine,0,writer_21,writer_21_sample_1,.png,Custom_CNN,0.38715836,0,genuine,True
/kaggle/input/datasets/matteocarnebella/cedar-signatures/signatures/signatures_21/original_21_2.png,original_21_2.png,genuine,0,writer_21,writer_21_sample_2,.png,Custom_CNN,0.46751997,0,genuine,True
/kaggle/input/datasets/matteocarnebella/cedar-signatures/signatures/signatures_21/original_21_7.png,original_21_7.png,genuine,0,writer_21,writer_21_sample_7,.png,Custom_CNN,0.57409775,1,forged,False
/kaggle/input/datasets/matteocarnebella/cedar-signatures/signatures/signatures_21/forgeries_21_13.png,forgeries_21_13.png,forged,1,writer_21,writer_21_sample_13,.png,Custom_CNN,0.62841034,1,forged,True
/kaggle/input/datasets/matteocarnebella/cedar-signatures/signatures/signatures_21/forgeries_21_18.png,forgeries_21_18.png,forged,1,writer_21,writer_21_sample_18,.png,Custom_CNN,0.64574665,1,forged,True
/kaggle/input/datasets/matteocarnebella/cedar-signatures/signatures/signatures_21/original_21_11.png,original_21_11.png,genuine,0,writer_21,writer_21_sample_11,.png,Custom_CNN,0.451028,0,genuine,True
/kaggle/input/datasets/matteocarnebella/cedar-signatures/signatures/signatures_21/forgeries_21_7.png,forgeries_21_7.png,forged,1,writer_21,writer_21_sample_7,.png,Custom_CNN,0.5739716,1,forged,True
/kaggle/input/datasets/matteocarnebella/cedar-signatures/signatures/signatures_21/forgeries_21_3.png,forgeries_21_3.png,forged,1,writer_21,writer_21_sample_3,.png,Custom_CNN,0.79593176,1,forged,True
/kaggle/input/datasets/matteocarnebella/cedar-signatures/signatures/signatures_21/original_21_21.png,original_21_21.png,genuine,0,writer_21,writer_21_sample_21,.png,Custom_CNN,0.46405736,0,genuine,True
/kaggle/input/datasets/matteocarnebella/cedar-signatures/signatures/signatures_21/original_21_23.png,original_21_23.png,genuine,0,writer_21,writer_21_sample_23,.png,Custom_CNN,0.3453139,0,genuine,True
/kaggle/input/datasets/matteocarnebella/cedar-signatures/signatures/signatures_21/original_21_19.png,original_21_19.png,genuine,0,writer_21,writer_21_sample_19,.png,Custom_CNN,0.5513914,1,forged,False
/kaggle/input/datasets/matteocarnebella/cedar-signatures/signatures/signatures_21/forgeries_21_16.png,forgeries_21_16.png,forged,1,writer_21,writer_21_sample_16,.png,Custom_CNN,0.7369278,1,forged,True
/kaggle/input/datasets/matteocarnebella/cedar-signatures/signatures/signatures_21/original_21_9.png,original_21_9.png,genuine,0,writer_21,writer_21_sample_9,.png,Custom_CNN,0.39661285,0,genuine,True
/kaggle/input/datasets/matteocarnebella/cedar-signatures/signatures/signatures_21/original_21_8.png,original_21_8.png,genuine,0,writer_21,writer_21_sample_8,.png,Custom_CNN,0.43065074,0,genuine,True
/kaggle/input/datasets/matteocarnebella/cedar-signatures/signatures/signatures_21/forgeries_21_19.png,forgeries_21_19.png,forged,1,writer_21,writer_21_sample_19,.png,Custom_CNN,0.7598448,1,forged,True
/kaggle/input/datasets/matteocarnebella/cedar-signatures/signatures/signatures_21/forgeries_21_8.png,forgeries_21_8.png,forged,1,writer_21,writer_21_sample_8,.png,Custom_CNN,0.7143456,1,forged,True
/kaggle/input/datasets/matteocarnebella/cedar-signatures/signatures/signatures_21/original_21_24.png,original_21_24.png,genuine,0,writer_21,writer_21_sample_24,.png,Custom_CNN,0.30404252,0,genuine,True
/kaggle/input/datasets/matteocarnebella/cedar-signatures/signatures/signatures_21/forgeries_21_23.png,forgeries_21_23.png,forged,1,writer_21,writer_21_sample_23,.png,Custom_CNN,0.8473826,1,forged,True
/kaggle/input/datasets/matteocarnebella/cedar-signatures/signatures/signatures_21/original_21_6.png,original_21_6.png,genuine,0,writer_21,writer_21_sample_6,.png,Custom_CNN,0.39911222,0,genuine,True
/kaggle/input/datasets/matteocarnebella/cedar-signatures/signatures/signatures_21/original_21_3.png,original_21_3.png,genuine,0,writer_21,writer_21_sample_3,.png,Custom_CNN,0.46184465,0,genuine,True
/kaggle/input/datasets/matteocarnebella/cedar-signatures/signatures/signatures_21/forgeries_21_24.png,forgeries_21_24.png,forged,1,writer_21,writer_21_sample_24,.png,Custom_CNN,0.69658315,1,forged,True
/kaggle/input/datasets/matteocarnebella/cedar-signatures/signatures/signatures_21/forgeries_21_9.png,forgeries_21_9.png,forged,1,writer_21,writer_21_sample_9,.png,Custom_CNN,0.6613046,1,forged,True
/kaggle/input/datasets/matteocarnebella/cedar-signatures/signatures/signatures_21/original_21_18.png,original_21_18.png,genuine,0,writer_21,writer_21_sample_18,.png,Custom_CNN,0.44044822,0,genuine,True
/kaggle/input/datasets/matteocarnebella/cedar-signatures/signatures/signatures_54/original_54_12.png,original_54_12.png,genuine,0,writer_54,writer_54_sample_12,.png,Custom_CNN,0.5682017,1,forged,False
/kaggle/input/datasets/matteocarnebella/cedar-signatures/signatures/signatures_54/original_54_5.png,original_54_5.png,genuine,0,writer_54,writer_54_sample_5,.png,Custom_CNN,0.27209273,0,genuine,True
/kaggle/input/datasets/matteocarnebella/cedar-signatures/signatures/signatures_54/forgeries_54_1.png,forgeries_54_1.png,forged,1,writer_54,writer_54_sample_1,.png,Custom_CNN,0.772361,1,forged,True
/kaggle/input/datasets/matteocarnebella/cedar-signatures/signatures/signatures_54/original_54_4.png,original_54_4.png,genuine,0,writer_54,writer_54_sample_4,.png,Custom_CNN,0.31513816,0,genuine,True
/kaggle/input/datasets/matteocarnebella/cedar-signatures/signatures/signatures_54/forgeries_54_6.png,forgeries_54_6.png,forged,1,writer_54,writer_54_sample_6,.png,Custom_CNN,0.8028038,1,forged,True
/kaggle/input/datasets/matteocarnebella/cedar-signatures/signatures/signatures_54/forgeries_54_22.png,forgeries_54_22.png,forged,1,writer_54,writer_54_sample_22,.png,Custom_CNN,0.81322205,1,forged,True
/kaggle/input/datasets/matteocarnebella/cedar-signatures/signatures/signatures_54/original_54_13.png,original_54_13.png,genuine,0,writer_54,writer_54_sample_13,.png,Custom_CNN,0.66630375,1,forged,False
/kaggle/input/datasets/matteocarnebella/cedar-signatures/signatures/signatures_54/forgeries_54_9.png,forgeries_54_9.png,forged,1,writer_54,writer_54_sample_9,.png,Custom_CNN,0.7797049,1,forged,True
/kaggle/input/datasets/matteocarnebella/cedar-signatures/signatures/signatures_54/forgeries_54_4.png,forgeries_54_4.png,forged,1,writer_54,writer_54_sample_4,.png,Custom_CNN,0.75400347,1,forged,True
/kaggle/input/datasets/matteocarnebella/cedar-signatures/signatures/signatures_54/forgeries_54_23.png,forgeries_54_23.png,forged,1,writer_54,writer_54_sample_23,.png,Custom_CNN,0.805913,1,forged,True
/kaggle/input/datasets/matteocarnebella/cedar-signatures/signatures/signatures_54/original_54_19.png,original_54_19.png,genuine,0,writer_54,writer_54_sample_19,.png,Custom_CNN,0.540276,1,forged,False
/kaggle/input/datasets/matteocarnebella/cedar-signatures/signatures/signatures_54/original_54_15.png,original_54_15.png,genuine,0,writer_54,writer_54_sample_15,.png,Custom_CNN,0.61670727,1,forged,False
/kaggle/input/datasets/matteocarnebella/cedar-signatures/signatures/signatures_54/original_54_6.png,original_54_6.png,genuine,0,writer_54,writer_54_sample_6,.png,Custom_CNN,0.32383528,0,genuine,True
/kaggle/input/datasets/matteocarnebella/cedar-signatures/signatures/signatures_54/original_54_2.png,original_54_2.png,genuine,0,writer_54,writer_54_sample_2,.png,Custom_CNN,0.42148048,0,genuine,True
/kaggle/input/datasets/matteocarnebella/cedar-signatures/signatures/signatures_54/original_54_24.png,original_54_24.png,genuine,0,writer_54,writer_54_sample_24,.png,Custom_CNN,0.7340448,1,forged,False
/kaggle/input/datasets/matteocarnebella/cedar-signatures/signatures/signatures_54/forgeries_54_16.png,forgeries_54_16.png,forged,1,writer_54,writer_54_sample_16,.png,Custom_CNN,0.64614284,1,forged,True
/kaggle/input/datasets/matteocarnebella/cedar-signatures/signatures/signatures_54/forgeries_54_21.png,forgeries_54_21.png,forged,1,writer_54,writer_54_sample_21,.png,Custom_CNN,0.82165164,1,forged,True
/kaggle/input/datasets/matteocarnebella/cedar-signatures/signatures/signatures_54/forgeries_54_14.png,forgeries_54_14.png,forged,1,writer_54,writer_54_sample_14,.png,Custom_CNN,0.8143595,1,forged,True
/kaggle/input/datasets/matteocarnebella/cedar-signatures/signatures/signatures_54/original_54_10.png,original_54_10.png,genuine,0,writer_54,writer_54_sample_10,.png,Custom_CNN,0.572012,1,forged,False
/kaggle/input/datasets/matteocarnebella/cedar-signatures/signatures/signatures_54/original_54_22.png,original_54_22.png,genuine,0,writer_54,writer_54_sample_22,.png,Custom_CNN,0.57177734,1,forged,False
/kaggle/input/datasets/matteocarnebella/cedar-signatures/signatures/signatures_54/forgeries_54_17.png,forgeries_54_17.png,forged,1,writer_54,writer_54_sample_17,.png,Custom_CNN,0.69222105,1,forged,True
/kaggle/input/datasets/matteocarnebella/cedar-signatures/signatures/signatures_54/original_54_9.png,original_54_9.png,genuine,0,writer_54,writer_54_sample_9,.png,Custom_CNN,0.5082638,1,forged,False
/kaggle/input/datasets/matteocarnebella/cedar-signatures/signatures/signatures_54/original_54_1.png,original_54_1.png,genuine,0,writer_54,writer_54_sample_1,.png,Custom_CNN,0.5042207,1,forged,False
/kaggle/input/datasets/matteocarnebella/cedar-signatures/signatures/signatures_54/forgeries_54_11.png,forgeries_54_11.png,forged,1,writer_54,writer_54_sample_11,.png,Custom_CNN,0.8653701,1,forged,True
/kaggle/input/datasets/matteocarnebella/cedar-signatures/signatures/signatures_54/forgeries_54_7.png,forgeries_54_7.png,forged,1,writer_54,writer_54_sample_7,.png,Custom_CNN,0.8766347,1,forged,True
/kaggle/input/datasets/matteocarnebella/cedar-signatures/signatures/signatures_54/original_54_23.png,original_54_23.png,genuine,0,writer_54,writer_54_sample_23,.png,Custom_CNN,0.32007536,0,genuine,True
/kaggle/input/datasets/matteocarnebella/cedar-signatures/signatures/signatures_54/original_54_20.png,original_54_20.png,genuine,0,writer_54,writer_54_sample_20,.png,Custom_CNN,0.5952326,1,forged,False
/kaggle/input/datasets/matteocarnebella/cedar-signatures/signatures/signatures_54/forgeries_54_2.png,forgeries_54_2.png,forged,1,writer_54,writer_54_sample_2,.png,Custom_CNN,0.78863394,1,forged,True
/kaggle/input/datasets/matteocarnebella/cedar-signatures/signatures/signatures_54/original_54_16.png,original_54_16.png,genuine,0,writer_54,writer_54_sample_16,.png,Custom_CNN,0.6943538,1,forged,False
/kaggle/input/datasets/matteocarnebella/cedar-signatures/signatures/signatures_54/forgeries_54_19.png,forgeries_54_19.png,forged,1,writer_54,writer_54_sample_19,.png,Custom_CNN,0.7991699,1,forged,True
/kaggle/input/datasets/matteocarnebella/cedar-signatures/signatures/signatures_54/forgeries_54_13.png,forgeries_54_13.png,forged,1,writer_54,writer_54_sample_13,.png,Custom_CNN,0.7907639,1,forged,True
/kaggle/input/datasets/matteocarnebella/cedar-signatures/signatures/signatures_54/forgeries_54_15.png,forgeries_54_15.png,forged,1,writer_54,writer_54_sample_15,.png,Custom_CNN,0.7493724,1,forged,True
/kaggle/input/datasets/matteocarnebella/cedar-signatures/signatures/signatures_54/forgeries_54_18.png,forgeries_54_18.png,forged,1,writer_54,writer_54_sample_18,.png,Custom_CNN,0.8028917,1,forged,True
/kaggle/input/datasets/matteocarnebella/cedar-signatures/signatures/signatures_54/forgeries_54_3.png,forgeries_54_3.png,forged,1,writer_54,writer_54_sample_3,.png,Custom_CNN,0.78326553,1,forged,True
/kaggle/input/datasets/matteocarnebella/cedar-signatures/signatures/signatures_54/original_54_21.png,original_54_21.png,genuine,0,writer_54,writer_54_sample_21,.png,Custom_CNN,0.62436545,1,forged,False
/kaggle/input/datasets/matteocarnebella/cedar-signatures/signatures/signatures_54/original_54_18.png,original_54_18.png,genuine,0,writer_54,writer_54_sample_18,.png,Custom_CNN,0.655918,1,forged,False
/kaggle/input/datasets/matteocarnebella/cedar-signatures/signatures/signatures_54/original_54_7.png,original_54_7.png,genuine,0,writer_54,writer_54_sample_7,.png,Custom_CNN,0.38279688,0,genuine,True
/kaggle/input/datasets/matteocarnebella/cedar-signatures/signatures/signatures_54/original_54_11.png,original_54_11.png,genuine,0,writer_54,writer_54_sample_11,.png,Custom_CNN,0.43734056,0,genuine,True
/kaggle/input/datasets/matteocarnebella/cedar-signatures/signatures/signatures_54/original_54_8.png,original_54_8.png,genuine,0,writer_54,writer_54_sample_8,.png,Custom_CNN,0.40037748,0,genuine,True
/kaggle/input/datasets/matteocarnebella/cedar-signatures/signatures/signatures_54/forgeries_54_24.png,forgeries_54_24.png,forged,1,writer_54,writer_54_sample_24,.png,Custom_CNN,0.80442846,1,forged,True
/kaggle/input/datasets/matteocarnebella/cedar-signatures/signatures/signatures_54/original_54_14.png,original_54_14.png,genuine,0,writer_54,writer_54_sample_14,.png,Custom_CNN,0.6254936,1,forged,False
/kaggle/input/datasets/matteocarnebella/cedar-signatures/signatures/signatures_54/forgeries_54_8.png,forgeries_54_8.png,forged,1,writer_54,writer_54_sample_8,.png,Custom_CNN,0.7773779,1,forged,True
/kaggle/input/datasets/matteocarnebella/cedar-signatures/signatures/signatures_54/forgeries_54_12.png,forgeries_54_12.png,forged,1,writer_54,writer_54_sample_12,.png,Custom_CNN,0.7209613,1,forged,True
/kaggle/input/datasets/matteocarnebella/cedar-signatures/signatures/signatures_54/original_54_3.png,original_54_3.png,genuine,0,writer_54,writer_54_sample_3,.png,Custom_CNN,0.39048475,0,genuine,True
/kaggle/input/datasets/matteocarnebella/cedar-signatures/signatures/signatures_54/forgeries_54_20.png,forgeries_54_20.png,forged,1,writer_54,writer_54_sample_20,.png,Custom_CNN,0.8563999,1,forged,True
/kaggle/input/datasets/matteocarnebella/cedar-signatures/signatures/signatures_54/forgeries_54_5.png,forgeries_54_5.png,forged,1,writer_54,writer_54_sample_5,.png,Custom_CNN,0.7781933,1,forged,True
/kaggle/input/datasets/matteocarnebella/cedar-signatures/signatures/signatures_54/forgeries_54_10.png,forgeries_54_10.png,forged,1,writer_54,writer_54_sample_10,.png,Custom_CNN,0.83038825,1,forged,True
/kaggle/input/datasets/matteocarnebella/cedar-signatures/signatures/signatures_54/original_54_17.png,original_54_17.png,genuine,0,writer_54,writer_54_sample_17,.png,Custom_CNN,0.52769756,1,forged,False
/kaggle/input/datasets/matteocarnebella/cedar-signatures/signatures/signatures_49/forgeries_49_5.png,forgeries_49_5.png,forged,1,writer_49,writer_49_sample_5,.png,MobileNetV2_Transfer,0.86396503,1,forged,True
/kaggle/input/datasets/matteocarnebella/cedar-signatures/signatures/signatures_49/original_49_5.png,original_49_5.png,genuine,0,writer_49,writer_49_sample_5,.png,MobileNetV2_Transfer,0.6540148,1,forged,False
/kaggle/input/datasets/matteocarnebella/cedar-signatures/signatures/signatures_49/forgeries_49_16.png,forgeries_49_16.png,forged,1,writer_49,writer_49_sample_16,.png,MobileNetV2_Transfer,0.8740244,1,forged,True
/kaggle/input/datasets/matteocarnebella/cedar-signatures/signatures/signatures_49/forgeries_49_12.png,forgeries_49_12.png,forged,1,writer_49,writer_49_sample_12,.png,MobileNetV2_Transfer,0.8942854,1,forged,True
/kaggle/input/datasets/matteocarnebella/cedar-signatures/signatures/signatures_49/original_49_22.png,original_49_22.png,genuine,0,writer_49,writer_49_sample_22,.png,MobileNetV2_Transfer,0.8282104,1,forged,False
/kaggle/input/datasets/matteocarnebella/cedar-signatures/signatures/signatures_49/forgeries_49_17.png,forgeries_49_17.png,forged,1,writer_49,writer_49_sample_17,.png,MobileNetV2_Transfer,0.9484413,1,forged,True
/kaggle/input/datasets/matteocarnebella/cedar-signatures/signatures/signatures_49/original_49_17.png,original_49_17.png,genuine,0,writer_49,writer_49_sample_17,.png,MobileNetV2_Transfer,0.64170116,1,forged,False
/kaggle/input/datasets/matteocarnebella/cedar-signatures/signatures/signatures_49/forgeries_49_20.png,forgeries_49_20.png,forged,1,writer_49,writer_49_sample_20,.png,MobileNetV2_Transfer,0.9099651,1,forged,True
/kaggle/input/datasets/matteocarnebella/cedar-signatures/signatures/signatures_49/original_49_16.png,original_49_16.png,genuine,0,writer_49,writer_49_sample_16,.png,MobileNetV2_Transfer,0.6671655,1,forged,False
/kaggle/input/datasets/matteocarnebella/cedar-signatures/signatures/signatures_49/original_49_24.png,original_49_24.png,genuine,0,writer_49,writer_49_sample_24,.png,MobileNetV2_Transfer,0.55070394,1,forged,False
/kaggle/input/datasets/matteocarnebella/cedar-signatures/signatures/signatures_49/forgeries_49_14.png,forgeries_49_14.png,forged,1,writer_49,writer_49_sample_14,.png,MobileNetV2_Transfer,0.91282827,1,forged,True
/kaggle/input/datasets/matteocarnebella/cedar-signatures/signatures/signatures_49/forgeries_49_8.png,forgeries_49_8.png,forged,1,writer_49,writer_49_sample_8,.png,MobileNetV2_Transfer,0.9008256,1,forged,True
/kaggle/input/datasets/matteocarnebella/cedar-signatures/signatures/signatures_49/forgeries_49_1.png,forgeries_49_1.png,forged,1,writer_49,writer_49_sample_1,.png,MobileNetV2_Transfer,0.8868846,1,forged,True
/kaggle/input/datasets/matteocarnebella/cedar-signatures/signatures/signatures_49/original_49_11.png,original_49_11.png,genuine,0,writer_49,writer_49_sample_11,.png,MobileNetV2_Transfer,0.603891,1,forged,False
/kaggle/input/datasets/matteocarnebella/cedar-signatures/signatures/signatures_49/forgeries_49_10.png,forgeries_49_10.png,forged,1,writer_49,writer_49_sample_10,.png,MobileNetV2_Transfer,0.90044177,1,forged,True
/kaggle/input/datasets/matteocarnebella/cedar-signatures/signatures/signatures_49/forgeries_49_21.png,forgeries_49_21.png,forged,1,writer_49,writer_49_sample_21,.png,MobileNetV2_Transfer,0.93303305,1,forged,True
/kaggle/input/datasets/matteocarnebella/cedar-signatures/signatures/signatures_49/original_49_7.png,original_49_7.png,genuine,0,writer_49,writer_49_sample_7,.png,MobileNetV2_Transfer,0.78558725,1,forged,False
/kaggle/input/datasets/matteocarnebella/cedar-signatures/signatures/signatures_49/forgeries_49_18.png,forgeries_49_18.png,forged,1,writer_49,writer_49_sample_18,.png,MobileNetV2_Transfer,0.9411636,1,forged,True
/kaggle/input/datasets/matteocarnebella/cedar-signatures/signatures/signatures_49/original_49_8.png,original_49_8.png,genuine,0,writer_49,writer_49_sample_8,.png,MobileNetV2_Transfer,0.59610707,1,forged,False
/kaggle/input/datasets/matteocarnebella/cedar-signatures/signatures/signatures_49/forgeries_49_19.png,forgeries_49_19.png,forged,1,writer_49,writer_49_sample_19,.png,MobileNetV2_Transfer,0.8476492,1,forged,True
/kaggle/input/datasets/matteocarnebella/cedar-signatures/signatures/signatures_49/forgeries_49_23.png,forgeries_49_23.png,forged,1,writer_49,writer_49_sample_23,.png,MobileNetV2_Transfer,0.9084868,1,forged,True
/kaggle/input/datasets/matteocarnebella/cedar-signatures/signatures/signatures_49/original_49_1.png,original_49_1.png,genuine,0,writer_49,writer_49_sample_1,.png,MobileNetV2_Transfer,0.70430166,1,forged,False
/kaggle/input/datasets/matteocarnebella/cedar-signatures/signatures/signatures_49/forgeries_49_24.png,forgeries_49_24.png,forged,1,writer_49,writer_49_sample_24,.png,MobileNetV2_Transfer,0.8857585,1,forged,True
/kaggle/input/datasets/matteocarnebella/cedar-signatures/signatures/signatures_49/original_49_10.png,original_49_10.png,genuine,0,writer_49,writer_49_sample_10,.png,MobileNetV2_Transfer,0.55814826,1,forged,False
/kaggle/input/datasets/matteocarnebella/cedar-signatures/signatures/signatures_49/forgeries_49_2.png,forgeries_49_2.png,forged,1,writer_49,writer_49_sample_2,.png,MobileNetV2_Transfer,0.8946169,1,forged,True
/kaggle/input/datasets/matteocarnebella/cedar-signatures/signatures/signatures_49/forgeries_49_15.png,forgeries_49_15.png,forged,1,writer_49,writer_49_sample_15,.png,MobileNetV2_Transfer,0.9100693,1,forged,True
/kaggle/input/datasets/matteocarnebella/cedar-signatures/signatures/signatures_49/original_49_3.png,original_49_3.png,genuine,0,writer_49,writer_49_sample_3,.png,MobileNetV2_Transfer,0.7812841,1,forged,False
/kaggle/input/datasets/matteocarnebella/cedar-signatures/signatures/signatures_49/original_49_14.png,original_49_14.png,genuine,0,writer_49,writer_49_sample_14,.png,MobileNetV2_Transfer,0.7369217,1,forged,False
/kaggle/input/datasets/matteocarnebella/cedar-signatures/signatures/signatures_49/original_49_6.png,original_49_6.png,genuine,0,writer_49,writer_49_sample_6,.png,MobileNetV2_Transfer,0.6538373,1,forged,False
/kaggle/input/datasets/matteocarnebella/cedar-signatures/signatures/signatures_49/forgeries_49_9.png,forgeries_49_9.png,forged,1,writer_49,writer_49_sample_9,.png,MobileNetV2_Transfer,0.9385764,1,forged,True
/kaggle/input/datasets/matteocarnebella/cedar-signatures/signatures/signatures_49/original_49_15.png,original_49_15.png,genuine,0,writer_49,writer_49_sample_15,.png,MobileNetV2_Transfer,0.7867075,1,forged,False
/kaggle/input/datasets/matteocarnebella/cedar-signatures/signatures/signatures_49/original_49_4.png,original_49_4.png,genuine,0,writer_49,writer_49_sample_4,.png,MobileNetV2_Transfer,0.70594025,1,forged,False
/kaggle/input/datasets/matteocarnebella/cedar-signatures/signatures/signatures_49/forgeries_49_3.png,forgeries_49_3.png,forged,1,writer_49,writer_49_sample_3,.png,MobileNetV2_Transfer,0.89209175,1,forged,True
/kaggle/input/datasets/matteocarnebella/cedar-signatures/signatures/signatures_49/forgeries_49_6.png,forgeries_49_6.png,forged,1,writer_49,writer_49_sample_6,.png,MobileNetV2_Transfer,0.90911096,1,forged,True
/kaggle/input/datasets/matteocarnebella/cedar-signatures/signatures/signatures_49/forgeries_49_13.png,forgeries_49_13.png,forged,1,writer_49,writer_49_sample_13,.png,MobileNetV2_Transfer,0.9196725,1,forged,True
/kaggle/input/datasets/matteocarnebella/cedar-signatures/signatures/signatures_49/original_49_12.png,original_49_12.png,genuine,0,writer_49,writer_49_sample_12,.png,MobileNetV2_Transfer,0.59640604,1,forged,False
/kaggle/input/datasets/matteocarnebella/cedar-signatures/signatures/signatures_49/original_49_13.png,original_49_13.png,genuine,0,writer_49,writer_49_sample_13,.png,MobileNetV2_Transfer,0.5144488,1,forged,False
/kaggle/input/datasets/matteocarnebella/cedar-signatures/signatures/signatures_49/forgeries_49_11.png,forgeries_49_11.png,forged,1,writer_49,writer_49_sample_11,.png,MobileNetV2_Transfer,0.9158845,1,forged,True
/kaggle/input/datasets/matteocarnebella/cedar-signatures/signatures/signatures_49/original_49_2.png,original_49_2.png,genuine,0,writer_49,writer_49_sample_2,.png,MobileNetV2_Transfer,0.7311656,1,forged,False
/kaggle/input/datasets/matteocarnebella/cedar-signatures/signatures/signatures_49/original_49_21.png,original_49_21.png,genuine,0,writer_49,writer_49_sample_21,.png,MobileNetV2_Transfer,0.7126386,1,forged,False
/kaggle/input/datasets/matteocarnebella/cedar-signatures/signatures/signatures_49/original_49_23.png,original_49_23.png,genuine,0,writer_49,writer_49_sample_23,.png,MobileNetV2_Transfer,0.6069577,1,forged,False
/kaggle/input/datasets/matteocarnebella/cedar-signatures/signatures/signatures_49/forgeries_49_7.png,forgeries_49_7.png,forged,1,writer_49,writer_49_sample_7,.png,MobileNetV2_Transfer,0.93920994,1,forged,True
/kaggle/input/datasets/matteocarnebella/cedar-signatures/signatures/signatures_49/forgeries_49_22.png,forgeries_49_22.png,forged,1,writer_49,writer_49_sample_22,.png,MobileNetV2_Transfer,0.88834774,1,forged,True
/kaggle/input/datasets/matteocarnebella/cedar-signatures/signatures/signatures_49/original_49_9.png,original_49_9.png,genuine,0,writer_49,writer_49_sample_9,.png,MobileNetV2_Transfer,0.67443615,1,forged,False
/kaggle/input/datasets/matteocarnebella/cedar-signatures/signatures/signatures_49/original_49_19.png,original_49_19.png,genuine,0,writer_49,writer_49_sample_19,.png,MobileNetV2_Transfer,0.66919667,1,forged,False
/kaggle/input/datasets/matteocarnebella/cedar-signatures/signatures/signatures_49/forgeries_49_4.png,forgeries_49_4.png,forged,1,writer_49,writer_49_sample_4,.png,MobileNetV2_Transfer,0.9207614,1,forged,True
/kaggle/input/datasets/matteocarnebella/cedar-signatures/signatures/signatures_49/original_49_20.png,original_49_20.png,genuine,0,writer_49,writer_49_sample_20,.png,MobileNetV2_Transfer,0.7695958,1,forged,False
/kaggle/input/datasets/matteocarnebella/cedar-signatures/signatures/signatures_49/original_49_18.png,original_49_18.png,genuine,0,writer_49,writer_49_sample_18,.png,MobileNetV2_Transfer,0.6562522,1,forged,False
/kaggle/input/datasets/matteocarnebella/cedar-signatures/signatures/signatures_12/original_12_1.png,original_12_1.png,genuine,0,writer_12,writer_12_sample_1,.png,MobileNetV2_Transfer,0.7496079,1,forged,False
/kaggle/input/datasets/matteocarnebella/cedar-signatures/signatures/signatures_12/forgeries_12_16.png,forgeries_12_16.png,forged,1,writer_12,writer_12_sample_16,.png,MobileNetV2_Transfer,0.7235557,1,forged,True
/kaggle/input/datasets/matteocarnebella/cedar-signatures/signatures/signatures_12/original_12_19.png,original_12_19.png,genuine,0,writer_12,writer_12_sample_19,.png,MobileNetV2_Transfer,0.5966518,1,forged,False
/kaggle/input/datasets/matteocarnebella/cedar-signatures/signatures/signatures_12/forgeries_12_20.png,forgeries_12_20.png,forged,1,writer_12,writer_12_sample_20,.png,MobileNetV2_Transfer,0.91238004,1,forged,True
/kaggle/input/datasets/matteocarnebella/cedar-signatures/signatures/signatures_12/forgeries_12_22.png,forgeries_12_22.png,forged,1,writer_12,writer_12_sample_22,.png,MobileNetV2_Transfer,0.8266702,1,forged,True
/kaggle/input/datasets/matteocarnebella/cedar-signatures/signatures/signatures_12/original_12_20.png,original_12_20.png,genuine,0,writer_12,writer_12_sample_20,.png,MobileNetV2_Transfer,0.5153063,1,forged,False
/kaggle/input/datasets/matteocarnebella/cedar-signatures/signatures/signatures_12/forgeries_12_7.png,forgeries_12_7.png,forged,1,writer_12,writer_12_sample_7,.png,MobileNetV2_Transfer,0.7092452,1,forged,True
/kaggle/input/datasets/matteocarnebella/cedar-signatures/signatures/signatures_12/original_12_15.png,original_12_15.png,genuine,0,writer_12,writer_12_sample_15,.png,MobileNetV2_Transfer,0.58010685,1,forged,False
/kaggle/input/datasets/matteocarnebella/cedar-signatures/signatures/signatures_12/original_12_9.png,original_12_9.png,genuine,0,writer_12,writer_12_sample_9,.png,MobileNetV2_Transfer,0.4517225,0,genuine,True
/kaggle/input/datasets/matteocarnebella/cedar-signatures/signatures/signatures_12/original_12_24.png,original_12_24.png,genuine,0,writer_12,writer_12_sample_24,.png,MobileNetV2_Transfer,0.48998788,0,genuine,True
/kaggle/input/datasets/matteocarnebella/cedar-signatures/signatures/signatures_12/original_12_21.png,original_12_21.png,genuine,0,writer_12,writer_12_sample_21,.png,MobileNetV2_Transfer,0.34274647,0,genuine,True
/kaggle/input/datasets/matteocarnebella/cedar-signatures/signatures/signatures_12/original_12_22.png,original_12_22.png,genuine,0,writer_12,writer_12_sample_22,.png,MobileNetV2_Transfer,0.74154204,1,forged,False
/kaggle/input/datasets/matteocarnebella/cedar-signatures/signatures/signatures_12/forgeries_12_15.png,forgeries_12_15.png,forged,1,writer_12,writer_12_sample_15,.png,MobileNetV2_Transfer,0.7280342,1,forged,True
/kaggle/input/datasets/matteocarnebella/cedar-signatures/signatures/signatures_12/original_12_17.png,original_12_17.png,genuine,0,writer_12,writer_12_sample_17,.png,MobileNetV2_Transfer,0.573216,1,forged,False
/kaggle/input/datasets/matteocarnebella/cedar-signatures/signatures/signatures_12/forgeries_12_14.png,forgeries_12_14.png,forged,1,writer_12,writer_12_sample_14,.png,MobileNetV2_Transfer,0.8087772,1,forged,True
/kaggle/input/datasets/matteocarnebella/cedar-signatures/signatures/signatures_12/original_12_3.png,original_12_3.png,genuine,0,writer_12,writer_12_sample_3,.png,MobileNetV2_Transfer,0.4439673,0,genuine,True
/kaggle/input/datasets/matteocarnebella/cedar-signatures/signatures/signatures_12/forgeries_12_12.png,forgeries_12_12.png,forged,1,writer_12,writer_12_sample_12,.png,MobileNetV2_Transfer,0.8182764,1,forged,True
/kaggle/input/datasets/matteocarnebella/cedar-signatures/signatures/signatures_12/forgeries_12_5.png,forgeries_12_5.png,forged,1,writer_12,writer_12_sample_5,.png,MobileNetV2_Transfer,0.8296673,1,forged,True
/kaggle/input/datasets/matteocarnebella/cedar-signatures/signatures/signatures_12/original_12_8.png,original_12_8.png,genuine,0,writer_12,writer_12_sample_8,.png,MobileNetV2_Transfer,0.679787,1,forged,False
/kaggle/input/datasets/matteocarnebella/cedar-signatures/signatures/signatures_12/forgeries_12_3.png,forgeries_12_3.png,forged,1,writer_12,writer_12_sample_3,.png,MobileNetV2_Transfer,0.7793144,1,forged,True
/kaggle/input/datasets/matteocarnebella/cedar-signatures/signatures/signatures_12/forgeries_12_17.png,forgeries_12_17.png,forged,1,writer_12,writer_12_sample_17,.png,MobileNetV2_Transfer,0.8166654,1,forged,True
/kaggle/input/datasets/matteocarnebella/cedar-signatures/signatures/signatures_12/forgeries_12_9.png,forgeries_12_9.png,forged,1,writer_12,writer_12_sample_9,.png,MobileNetV2_Transfer,0.78837734,1,forged,True
/kaggle/input/datasets/matteocarnebella/cedar-signatures/signatures/signatures_12/forgeries_12_6.png,forgeries_12_6.png,forged,1,writer_12,writer_12_sample_6,.png,MobileNetV2_Transfer,0.73181444,1,forged,True
/kaggle/input/datasets/matteocarnebella/cedar-signatures/signatures/signatures_12/original_12_5.png,original_12_5.png,genuine,0,writer_12,writer_12_sample_5,.png,MobileNetV2_Transfer,0.4673409,0,genuine,True
/kaggle/input/datasets/matteocarnebella/cedar-signatures/signatures/signatures_12/original_12_18.png,original_12_18.png,genuine,0,writer_12,writer_12_sample_18,.png,MobileNetV2_Transfer,0.27470067,0,genuine,True
/kaggle/input/datasets/matteocarnebella/cedar-signatures/signatures/signatures_12/forgeries_12_8.png,forgeries_12_8.png,forged,1,writer_12,writer_12_sample_8,.png,MobileNetV2_Transfer,0.8166092,1,forged,True
/kaggle/input/datasets/matteocarnebella/cedar-signatures/signatures/signatures_12/original_12_12.png,original_12_12.png,genuine,0,writer_12,writer_12_sample_12,.png,MobileNetV2_Transfer,0.5878212,1,forged,False
/kaggle/input/datasets/matteocarnebella/cedar-signatures/signatures/signatures_12/original_12_6.png,original_12_6.png,genuine,0,writer_12,writer_12_sample_6,.png,MobileNetV2_Transfer,0.67584085,1,forged,False
/kaggle/input/datasets/matteocarnebella/cedar-signatures/signatures/signatures_12/original_12_7.png,original_12_7.png,genuine,0,writer_12,writer_12_sample_7,.png,MobileNetV2_Transfer,0.67267925,1,forged,False
/kaggle/input/datasets/matteocarnebella/cedar-signatures/signatures/signatures_12/forgeries_12_4.png,forgeries_12_4.png,forged,1,writer_12,writer_12_sample_4,.png,MobileNetV2_Transfer,0.8037602,1,forged,True
/kaggle/input/datasets/matteocarnebella/cedar-signatures/signatures/signatures_12/original_12_11.png,original_12_11.png,genuine,0,writer_12,writer_12_sample_11,.png,MobileNetV2_Transfer,0.4835073,0,genuine,True
/kaggle/input/datasets/matteocarnebella/cedar-signatures/signatures/signatures_12/original_12_2.png,original_12_2.png,genuine,0,writer_12,writer_12_sample_2,.png,MobileNetV2_Transfer,0.59854716,1,forged,False
/kaggle/input/datasets/matteocarnebella/cedar-signatures/signatures/signatures_12/forgeries_12_21.png,forgeries_12_21.png,forged,1,writer_12,writer_12_sample_21,.png,MobileNetV2_Transfer,0.7410273,1,forged,True
/kaggle/input/datasets/matteocarnebella/cedar-signatures/signatures/signatures_12/original_12_10.png,original_12_10.png,genuine,0,writer_12,writer_12_sample_10,.png,MobileNetV2_Transfer,0.43944797,0,genuine,True
/kaggle/input/datasets/matteocarnebella/cedar-signatures/signatures/signatures_12/original_12_4.png,original_12_4.png,genuine,0,writer_12,writer_12_sample_4,.png,MobileNetV2_Transfer,0.46145847,0,genuine,True
/kaggle/input/datasets/matteocarnebella/cedar-signatures/signatures/signatures_12/forgeries_12_11.png,forgeries_12_11.png,forged,1,writer_12,writer_12_sample_11,.png,MobileNetV2_Transfer,0.84715974,1,forged,True
/kaggle/input/datasets/matteocarnebella/cedar-signatures/signatures/signatures_12/forgeries_12_18.png,forgeries_12_18.png,forged,1,writer_12,writer_12_sample_18,.png,MobileNetV2_Transfer,0.7808365,1,forged,True
/kaggle/input/datasets/matteocarnebella/cedar-signatures/signatures/signatures_12/forgeries_12_1.png,forgeries_12_1.png,forged,1,writer_12,writer_12_sample_1,.png,MobileNetV2_Transfer,0.8339171,1,forged,True
/kaggle/input/datasets/matteocarnebella/cedar-signatures/signatures/signatures_12/original_12_23.png,original_12_23.png,genuine,0,writer_12,writer_12_sample_23,.png,MobileNetV2_Transfer,0.46655133,0,genuine,True
/kaggle/input/datasets/matteocarnebella/cedar-signatures/signatures/signatures_12/forgeries_12_19.png,forgeries_12_19.png,forged,1,writer_12,writer_12_sample_19,.png,MobileNetV2_Transfer,0.7886353,1,forged,True
/kaggle/input/datasets/matteocarnebella/cedar-signatures/signatures/signatures_12/original_12_13.png,original_12_13.png,genuine,0,writer_12,writer_12_sample_13,.png,MobileNetV2_Transfer,0.4488523,0,genuine,True
/kaggle/input/datasets/matteocarnebella/cedar-signatures/signatures/signatures_12/original_12_14.png,original_12_14.png,genuine,0,writer_12,writer_12_sample_14,.png,MobileNetV2_Transfer,0.3144755,0,genuine,True
/kaggle/input/datasets/matteocarnebella/cedar-signatures/signatures/signatures_12/forgeries_12_23.png,forgeries_12_23.png,forged,1,writer_12,writer_12_sample_23,.png,MobileNetV2_Transfer,0.90996146,1,forged,True
/kaggle/input/datasets/matteocarnebella/cedar-signatures/signatures/signatures_12/forgeries_12_10.png,forgeries_12_10.png,forged,1,writer_12,writer_12_sample_10,.png,MobileNetV2_Transfer,0.7839571,1,forged,True
/kaggle/input/datasets/matteocarnebella/cedar-signatures/signatures/signatures_12/forgeries_12_2.png,forgeries_12_2.png,forged,1,writer_12,writer_12_sample_2,.png,MobileNetV2_Transfer,0.8914164,1,forged,True
/kaggle/input/datasets/matteocarnebella/cedar-signatures/signatures/signatures_12/forgeries_12_13.png,forgeries_12_13.png,forged,1,writer_12,writer_12_sample_13,.png,MobileNetV2_Transfer,0.65393674,1,forged,True
/kaggle/input/datasets/matteocarnebella/cedar-signatures/signatures/signatures_12/forgeries_12_24.png,forgeries_12_24.png,forged,1,writer_12,writer_12_sample_24,.png,MobileNetV2_Transfer,0.77686524,1,forged,True
/kaggle/input/datasets/matteocarnebella/cedar-signatures/signatures/signatures_12/original_12_16.png,original_12_16.png,genuine,0,writer_12,writer_12_sample_16,.png,MobileNetV2_Transfer,0.7894128,1,forged,False
/kaggle/input/datasets/matteocarnebella/cedar-signatures/signatures/signatures_47/original_47_18.png,original_47_18.png,genuine,0,writer_47,writer_47_sample_18,.png,MobileNetV2_Transfer,0.22235084,0,genuine,True
/kaggle/input/datasets/matteocarnebella/cedar-signatures/signatures/signatures_47/forgeries_47_14.png,forgeries_47_14.png,forged,1,writer_47,writer_47_sample_14,.png,MobileNetV2_Transfer,0.8711392,1,forged,True
/kaggle/input/datasets/matteocarnebella/cedar-signatures/signatures/signatures_47/forgeries_47_23.png,forgeries_47_23.png,forged,1,writer_47,writer_47_sample_23,.png,MobileNetV2_Transfer,0.6840712,1,forged,True
/kaggle/input/datasets/matteocarnebella/cedar-signatures/signatures/signatures_47/original_47_4.png,original_47_4.png,genuine,0,writer_47,writer_47_sample_4,.png,MobileNetV2_Transfer,0.4090967,0,genuine,True
/kaggle/input/datasets/matteocarnebella/cedar-signatures/signatures/signatures_47/original_47_15.png,original_47_15.png,genuine,0,writer_47,writer_47_sample_15,.png,MobileNetV2_Transfer,0.42259675,0,genuine,True
/kaggle/input/datasets/matteocarnebella/cedar-signatures/signatures/signatures_47/forgeries_47_7.png,forgeries_47_7.png,forged,1,writer_47,writer_47_sample_7,.png,MobileNetV2_Transfer,0.79862267,1,forged,True
/kaggle/input/datasets/matteocarnebella/cedar-signatures/signatures/signatures_47/forgeries_47_19.png,forgeries_47_19.png,forged,1,writer_47,writer_47_sample_19,.png,MobileNetV2_Transfer,0.88170725,1,forged,True
/kaggle/input/datasets/matteocarnebella/cedar-signatures/signatures/signatures_47/forgeries_47_5.png,forgeries_47_5.png,forged,1,writer_47,writer_47_sample_5,.png,MobileNetV2_Transfer,0.7406731,1,forged,True
/kaggle/input/datasets/matteocarnebella/cedar-signatures/signatures/signatures_47/original_47_19.png,original_47_19.png,genuine,0,writer_47,writer_47_sample_19,.png,MobileNetV2_Transfer,0.32866734,0,genuine,True
/kaggle/input/datasets/matteocarnebella/cedar-signatures/signatures/signatures_47/original_47_3.png,original_47_3.png,genuine,0,writer_47,writer_47_sample_3,.png,MobileNetV2_Transfer,0.3551451,0,genuine,True
/kaggle/input/datasets/matteocarnebella/cedar-signatures/signatures/signatures_47/original_47_7.png,original_47_7.png,genuine,0,writer_47,writer_47_sample_7,.png,MobileNetV2_Transfer,0.40626198,0,genuine,True
/kaggle/input/datasets/matteocarnebella/cedar-signatures/signatures/signatures_47/forgeries_47_3.png,forgeries_47_3.png,forged,1,writer_47,writer_47_sample_3,.png,MobileNetV2_Transfer,0.53726393,1,forged,True
/kaggle/input/datasets/matteocarnebella/cedar-signatures/signatures/signatures_47/original_47_24.png,original_47_24.png,genuine,0,writer_47,writer_47_sample_24,.png,MobileNetV2_Transfer,0.47795352,0,genuine,True
/kaggle/input/datasets/matteocarnebella/cedar-signatures/signatures/signatures_47/forgeries_47_22.png,forgeries_47_22.png,forged,1,writer_47,writer_47_sample_22,.png,MobileNetV2_Transfer,0.8228068,1,forged,True
/kaggle/input/datasets/matteocarnebella/cedar-signatures/signatures/signatures_47/forgeries_47_21.png,forgeries_47_21.png,forged,1,writer_47,writer_47_sample_21,.png,MobileNetV2_Transfer,0.8775054,1,forged,True
/kaggle/input/datasets/matteocarnebella/cedar-signatures/signatures/signatures_47/forgeries_47_6.png,forgeries_47_6.png,forged,1,writer_47,writer_47_sample_6,.png,MobileNetV2_Transfer,0.6609601,1,forged,True
/kaggle/input/datasets/matteocarnebella/cedar-signatures/signatures/signatures_47/original_47_23.png,original_47_23.png,genuine,0,writer_47,writer_47_sample_23,.png,MobileNetV2_Transfer,0.42284688,0,genuine,True
/kaggle/input/datasets/matteocarnebella/cedar-signatures/signatures/signatures_47/forgeries_47_20.png,forgeries_47_20.png,forged,1,writer_47,writer_47_sample_20,.png,MobileNetV2_Transfer,0.88508534,1,forged,True
/kaggle/input/datasets/matteocarnebella/cedar-signatures/signatures/signatures_47/forgeries_47_18.png,forgeries_47_18.png,forged,1,writer_47,writer_47_sample_18,.png,MobileNetV2_Transfer,0.9131841,1,forged,True
/kaggle/input/datasets/matteocarnebella/cedar-signatures/signatures/signatures_47/forgeries_47_9.png,forgeries_47_9.png,forged,1,writer_47,writer_47_sample_9,.png,MobileNetV2_Transfer,0.80178845,1,forged,True
/kaggle/input/datasets/matteocarnebella/cedar-signatures/signatures/signatures_47/forgeries_47_4.png,forgeries_47_4.png,forged,1,writer_47,writer_47_sample_4,.png,MobileNetV2_Transfer,0.7752291,1,forged,True
/kaggle/input/datasets/matteocarnebella/cedar-signatures/signatures/signatures_47/original_47_2.png,original_47_2.png,genuine,0,writer_47,writer_47_sample_2,.png,MobileNetV2_Transfer,0.36401722,0,genuine,True
/kaggle/input/datasets/matteocarnebella/cedar-signatures/signatures/signatures_47/original_47_17.png,original_47_17.png,genuine,0,writer_47,writer_47_sample_17,.png,MobileNetV2_Transfer,0.4524877,0,genuine,True
/kaggle/input/datasets/matteocarnebella/cedar-signatures/signatures/signatures_47/original_47_9.png,original_47_9.png,genuine,0,writer_47,writer_47_sample_9,.png,MobileNetV2_Transfer,0.1927891,0,genuine,True
/kaggle/input/datasets/matteocarnebella/cedar-signatures/signatures/signatures_47/forgeries_47_8.png,forgeries_47_8.png,forged,1,writer_47,writer_47_sample_8,.png,MobileNetV2_Transfer,0.89030963,1,forged,True
/kaggle/input/datasets/matteocarnebella/cedar-signatures/signatures/signatures_47/forgeries_47_2.png,forgeries_47_2.png,forged,1,writer_47,writer_47_sample_2,.png,MobileNetV2_Transfer,0.73458904,1,forged,True
/kaggle/input/datasets/matteocarnebella/cedar-signatures/signatures/signatures_47/forgeries_47_16.png,forgeries_47_16.png,forged,1,writer_47,writer_47_sample_16,.png,MobileNetV2_Transfer,0.8713725,1,forged,True
/kaggle/input/datasets/matteocarnebella/cedar-signatures/signatures/signatures_47/forgeries_47_15.png,forgeries_47_15.png,forged,1,writer_47,writer_47_sample_15,.png,MobileNetV2_Transfer,0.81017244,1,forged,True
/kaggle/input/datasets/matteocarnebella/cedar-signatures/signatures/signatures_47/forgeries_47_24.png,forgeries_47_24.png,forged,1,writer_47,writer_47_sample_24,.png,MobileNetV2_Transfer,0.84851855,1,forged,True
/kaggle/input/datasets/matteocarnebella/cedar-signatures/signatures/signatures_47/original_47_21.png,original_47_21.png,genuine,0,writer_47,writer_47_sample_21,.png,MobileNetV2_Transfer,0.6814896,1,forged,False
/kaggle/input/datasets/matteocarnebella/cedar-signatures/signatures/signatures_47/original_47_12.png,original_47_12.png,genuine,0,writer_47,writer_47_sample_12,.png,MobileNetV2_Transfer,0.27837318,0,genuine,True
/kaggle/input/datasets/matteocarnebella/cedar-signatures/signatures/signatures_47/forgeries_47_11.png,forgeries_47_11.png,forged,1,writer_47,writer_47_sample_11,.png,MobileNetV2_Transfer,0.7486044,1,forged,True
/kaggle/input/datasets/matteocarnebella/cedar-signatures/signatures/signatures_47/original_47_11.png,original_47_11.png,genuine,0,writer_47,writer_47_sample_11,.png,MobileNetV2_Transfer,0.34193873,0,genuine,True
/kaggle/input/datasets/matteocarnebella/cedar-signatures/signatures/signatures_47/forgeries_47_1.png,forgeries_47_1.png,forged,1,writer_47,writer_47_sample_1,.png,MobileNetV2_Transfer,0.7390809,1,forged,True
/kaggle/input/datasets/matteocarnebella/cedar-signatures/signatures/signatures_47/forgeries_47_12.png,forgeries_47_12.png,forged,1,writer_47,writer_47_sample_12,.png,MobileNetV2_Transfer,0.7502142,1,forged,True
/kaggle/input/datasets/matteocarnebella/cedar-signatures/signatures/signatures_47/original_47_20.png,original_47_20.png,genuine,0,writer_47,writer_47_sample_20,.png,MobileNetV2_Transfer,0.39179862,0,genuine,True
/kaggle/input/datasets/matteocarnebella/cedar-signatures/signatures/signatures_47/original_47_6.png,original_47_6.png,genuine,0,writer_47,writer_47_sample_6,.png,MobileNetV2_Transfer,0.38551277,0,genuine,True
/kaggle/input/datasets/matteocarnebella/cedar-signatures/signatures/signatures_47/original_47_22.png,original_47_22.png,genuine,0,writer_47,writer_47_sample_22,.png,MobileNetV2_Transfer,0.45549345,0,genuine,True
/kaggle/input/datasets/matteocarnebella/cedar-signatures/signatures/signatures_47/original_47_16.png,original_47_16.png,genuine,0,writer_47,writer_47_sample_16,.png,MobileNetV2_Transfer,0.37806487,0,genuine,True
/kaggle/input/datasets/matteocarnebella/cedar-signatures/signatures/signatures_47/original_47_13.png,original_47_13.png,genuine,0,writer_47,writer_47_sample_13,.png,MobileNetV2_Transfer,0.36507455,0,genuine,True
/kaggle/input/datasets/matteocarnebella/cedar-signatures/signatures/signatures_47/forgeries_47_13.png,forgeries_47_13.png,forged,1,writer_47,writer_47_sample_13,.png,MobileNetV2_Transfer,0.88855594,1,forged,True
/kaggle/input/datasets/matteocarnebella/cedar-signatures/signatures/signatures_47/forgeries_47_10.png,forgeries_47_10.png,forged,1,writer_47,writer_47_sample_10,.png,MobileNetV2_Transfer,0.67268234,1,forged,True
/kaggle/input/datasets/matteocarnebella/cedar-signatures/signatures/signatures_47/forgeries_47_17.png,forgeries_47_17.png,forged,1,writer_47,writer_47_sample_17,.png,MobileNetV2_Transfer,0.7786091,1,forged,True
/kaggle/input/datasets/matteocarnebella/cedar-signatures/signatures/signatures_47/original_47_5.png,original_47_5.png,genuine,0,writer_47,writer_47_sample_5,.png,MobileNetV2_Transfer,0.4672896,0,genuine,True
/kaggle/input/datasets/matteocarnebella/cedar-signatures/signatures/signatures_47/original_47_14.png,original_47_14.png,genuine,0,writer_47,writer_47_sample_14,.png,MobileNetV2_Transfer,0.23564695,0,genuine,True
/kaggle/input/datasets/matteocarnebella/cedar-signatures/signatures/signatures_47/original_47_1.png,original_47_1.png,genuine,0,writer_47,writer_47_sample_1,.png,MobileNetV2_Transfer,0.4368838,0,genuine,True
/kaggle/input/datasets/matteocarnebella/cedar-signatures/signatures/signatures_47/original_47_10.png,original_47_10.png,genuine,0,writer_47,writer_47_sample_10,.png,MobileNetV2_Transfer,0.25293052,0,genuine,True
/kaggle/input/datasets/matteocarnebella/cedar-signatures/signatures/signatures_47/original_47_8.png,original_47_8.png,genuine,0,writer_47,writer_47_sample_8,.png,MobileNetV2_Transfer,0.28108257,0,genuine,True
/kaggle/input/datasets/matteocarnebella/cedar-signatures/signatures/signatures_33/forgeries_33_20.png,forgeries_33_20.png,forged,1,writer_33,writer_33_sample_20,.png,MobileNetV2_Transfer,0.32521012,0,genuine,False
/kaggle/input/datasets/matteocarnebella/cedar-signatures/signatures/signatures_33/original_33_17.png,original_33_17.png,genuine,0,writer_33,writer_33_sample_17,.png,MobileNetV2_Transfer,0.15635984,0,genuine,True
/kaggle/input/datasets/matteocarnebella/cedar-signatures/signatures/signatures_33/original_33_15.png,original_33_15.png,genuine,0,writer_33,writer_33_sample_15,.png,MobileNetV2_Transfer,0.13514777,0,genuine,True
/kaggle/input/datasets/matteocarnebella/cedar-signatures/signatures/signatures_33/original_33_9.png,original_33_9.png,genuine,0,writer_33,writer_33_sample_9,.png,MobileNetV2_Transfer,0.1595006,0,genuine,True
/kaggle/input/datasets/matteocarnebella/cedar-signatures/signatures/signatures_33/forgeries_33_5.png,forgeries_33_5.png,forged,1,writer_33,writer_33_sample_5,.png,MobileNetV2_Transfer,0.33888727,0,genuine,False
/kaggle/input/datasets/matteocarnebella/cedar-signatures/signatures/signatures_33/original_33_4.png,original_33_4.png,genuine,0,writer_33,writer_33_sample_4,.png,MobileNetV2_Transfer,0.17593056,0,genuine,True
/kaggle/input/datasets/matteocarnebella/cedar-signatures/signatures/signatures_33/forgeries_33_4.png,forgeries_33_4.png,forged,1,writer_33,writer_33_sample_4,.png,MobileNetV2_Transfer,0.5007934,1,forged,True
/kaggle/input/datasets/matteocarnebella/cedar-signatures/signatures/signatures_33/forgeries_33_14.png,forgeries_33_14.png,forged,1,writer_33,writer_33_sample_14,.png,MobileNetV2_Transfer,0.24294156,0,genuine,False
/kaggle/input/datasets/matteocarnebella/cedar-signatures/signatures/signatures_33/forgeries_33_13.png,forgeries_33_13.png,forged,1,writer_33,writer_33_sample_13,.png,MobileNetV2_Transfer,0.37138554,0,genuine,False
/kaggle/input/datasets/matteocarnebella/cedar-signatures/signatures/signatures_33/forgeries_33_24.png,forgeries_33_24.png,forged,1,writer_33,writer_33_sample_24,.png,MobileNetV2_Transfer,0.28334844,0,genuine,False
/kaggle/input/datasets/matteocarnebella/cedar-signatures/signatures/signatures_33/original_33_18.png,original_33_18.png,genuine,0,writer_33,writer_33_sample_18,.png,MobileNetV2_Transfer,0.2789271,0,genuine,True
/kaggle/input/datasets/matteocarnebella/cedar-signatures/signatures/signatures_33/original_33_3.png,original_33_3.png,genuine,0,writer_33,writer_33_sample_3,.png,MobileNetV2_Transfer,0.24228539,0,genuine,True
/kaggle/input/datasets/matteocarnebella/cedar-signatures/signatures/signatures_33/original_33_19.png,original_33_19.png,genuine,0,writer_33,writer_33_sample_19,.png,MobileNetV2_Transfer,0.21669275,0,genuine,True
/kaggle/input/datasets/matteocarnebella/cedar-signatures/signatures/signatures_33/original_33_11.png,original_33_11.png,genuine,0,writer_33,writer_33_sample_11,.png,MobileNetV2_Transfer,0.2112507,0,genuine,True
/kaggle/input/datasets/matteocarnebella/cedar-signatures/signatures/signatures_33/original_33_20.png,original_33_20.png,genuine,0,writer_33,writer_33_sample_20,.png,MobileNetV2_Transfer,0.21161214,0,genuine,True
/kaggle/input/datasets/matteocarnebella/cedar-signatures/signatures/signatures_33/original_33_13.png,original_33_13.png,genuine,0,writer_33,writer_33_sample_13,.png,MobileNetV2_Transfer,0.18650255,0,genuine,True
/kaggle/input/datasets/matteocarnebella/cedar-signatures/signatures/signatures_33/forgeries_33_15.png,forgeries_33_15.png,forged,1,writer_33,writer_33_sample_15,.png,MobileNetV2_Transfer,0.25168478,0,genuine,False
/kaggle/input/datasets/matteocarnebella/cedar-signatures/signatures/signatures_33/original_33_24.png,original_33_24.png,genuine,0,writer_33,writer_33_sample_24,.png,MobileNetV2_Transfer,0.1982174,0,genuine,True
/kaggle/input/datasets/matteocarnebella/cedar-signatures/signatures/signatures_33/original_33_7.png,original_33_7.png,genuine,0,writer_33,writer_33_sample_7,.png,MobileNetV2_Transfer,0.17009906,0,genuine,True
/kaggle/input/datasets/matteocarnebella/cedar-signatures/signatures/signatures_33/forgeries_33_21.png,forgeries_33_21.png,forged,1,writer_33,writer_33_sample_21,.png,MobileNetV2_Transfer,0.32204735,0,genuine,False
/kaggle/input/datasets/matteocarnebella/cedar-signatures/signatures/signatures_33/original_33_5.png,original_33_5.png,genuine,0,writer_33,writer_33_sample_5,.png,MobileNetV2_Transfer,0.2262028,0,genuine,True
/kaggle/input/datasets/matteocarnebella/cedar-signatures/signatures/signatures_33/original_33_22.png,original_33_22.png,genuine,0,writer_33,writer_33_sample_22,.png,MobileNetV2_Transfer,0.19403023,0,genuine,True
/kaggle/input/datasets/matteocarnebella/cedar-signatures/signatures/signatures_33/forgeries_33_17.png,forgeries_33_17.png,forged,1,writer_33,writer_33_sample_17,.png,MobileNetV2_Transfer,0.33677158,0,genuine,False
/kaggle/input/datasets/matteocarnebella/cedar-signatures/signatures/signatures_33/forgeries_33_18.png,forgeries_33_18.png,forged,1,writer_33,writer_33_sample_18,.png,MobileNetV2_Transfer,0.26455212,0,genuine,False
/kaggle/input/datasets/matteocarnebella/cedar-signatures/signatures/signatures_33/original_33_1.png,original_33_1.png,genuine,0,writer_33,writer_33_sample_1,.png,MobileNetV2_Transfer,0.27746278,0,genuine,True
/kaggle/input/datasets/matteocarnebella/cedar-signatures/signatures/signatures_33/forgeries_33_7.png,forgeries_33_7.png,forged,1,writer_33,writer_33_sample_7,.png,MobileNetV2_Transfer,0.37058336,0,genuine,False
/kaggle/input/datasets/matteocarnebella/cedar-signatures/signatures/signatures_33/original_33_8.png,original_33_8.png,genuine,0,writer_33,writer_33_sample_8,.png,MobileNetV2_Transfer,0.23258728,0,genuine,True
/kaggle/input/datasets/matteocarnebella/cedar-signatures/signatures/signatures_33/forgeries_33_3.png,forgeries_33_3.png,forged,1,writer_33,writer_33_sample_3,.png,MobileNetV2_Transfer,0.40142235,0,genuine,False
/kaggle/input/datasets/matteocarnebella/cedar-signatures/signatures/signatures_33/forgeries_33_11.png,forgeries_33_11.png,forged,1,writer_33,writer_33_sample_11,.png,MobileNetV2_Transfer,0.25845495,0,genuine,False
/kaggle/input/datasets/matteocarnebella/cedar-signatures/signatures/signatures_33/original_33_14.png,original_33_14.png,genuine,0,writer_33,writer_33_sample_14,.png,MobileNetV2_Transfer,0.19831675,0,genuine,True
/kaggle/input/datasets/matteocarnebella/cedar-signatures/signatures/signatures_33/original_33_23.png,original_33_23.png,genuine,0,writer_33,writer_33_sample_23,.png,MobileNetV2_Transfer,0.23889595,0,genuine,True
/kaggle/input/datasets/matteocarnebella/cedar-signatures/signatures/signatures_33/forgeries_33_8.png,forgeries_33_8.png,forged,1,writer_33,writer_33_sample_8,.png,MobileNetV2_Transfer,0.4418198,0,genuine,False
/kaggle/input/datasets/matteocarnebella/cedar-signatures/signatures/signatures_33/original_33_21.png,original_33_21.png,genuine,0,writer_33,writer_33_sample_21,.png,MobileNetV2_Transfer,0.23876198,0,genuine,True
/kaggle/input/datasets/matteocarnebella/cedar-signatures/signatures/signatures_33/forgeries_33_9.png,forgeries_33_9.png,forged,1,writer_33,writer_33_sample_9,.png,MobileNetV2_Transfer,0.18926522,0,genuine,False
/kaggle/input/datasets/matteocarnebella/cedar-signatures/signatures/signatures_33/original_33_2.png,original_33_2.png,genuine,0,writer_33,writer_33_sample_2,.png,MobileNetV2_Transfer,0.251664,0,genuine,True
/kaggle/input/datasets/matteocarnebella/cedar-signatures/signatures/signatures_33/forgeries_33_22.png,forgeries_33_22.png,forged,1,writer_33,writer_33_sample_22,.png,MobileNetV2_Transfer,0.41931742,0,genuine,False
/kaggle/input/datasets/matteocarnebella/cedar-signatures/signatures/signatures_33/forgeries_33_23.png,forgeries_33_23.png,forged,1,writer_33,writer_33_sample_23,.png,MobileNetV2_Transfer,0.42536804,0,genuine,False
/kaggle/input/datasets/matteocarnebella/cedar-signatures/signatures/signatures_33/original_33_10.png,original_33_10.png,genuine,0,writer_33,writer_33_sample_10,.png,MobileNetV2_Transfer,0.18916214,0,genuine,True
/kaggle/input/datasets/matteocarnebella/cedar-signatures/signatures/signatures_33/forgeries_33_6.png,forgeries_33_6.png,forged,1,writer_33,writer_33_sample_6,.png,MobileNetV2_Transfer,0.3054796,0,genuine,False
/kaggle/input/datasets/matteocarnebella/cedar-signatures/signatures/signatures_33/original_33_6.png,original_33_6.png,genuine,0,writer_33,writer_33_sample_6,.png,MobileNetV2_Transfer,0.23318198,0,genuine,True
/kaggle/input/datasets/matteocarnebella/cedar-signatures/signatures/signatures_33/original_33_12.png,original_33_12.png,genuine,0,writer_33,writer_33_sample_12,.png,MobileNetV2_Transfer,0.2663456,0,genuine,True
/kaggle/input/datasets/matteocarnebella/cedar-signatures/signatures/signatures_33/forgeries_33_2.png,forgeries_33_2.png,forged,1,writer_33,writer_33_sample_2,.png,MobileNetV2_Transfer,0.31187427,0,genuine,False
/kaggle/input/datasets/matteocarnebella/cedar-signatures/signatures/signatures_33/original_33_16.png,original_33_16.png,genuine,0,writer_33,writer_33_sample_16,.png,MobileNetV2_Transfer,0.25592917,0,genuine,True
/kaggle/input/datasets/matteocarnebella/cedar-signatures/signatures/signatures_33/forgeries_33_10.png,forgeries_33_10.png,forged,1,writer_33,writer_33_sample_10,.png,MobileNetV2_Transfer,0.45004436,0,genuine,False
/kaggle/input/datasets/matteocarnebella/cedar-signatures/signatures/signatures_33/forgeries_33_1.png,forgeries_33_1.png,forged,1,writer_33,writer_33_sample_1,.png,MobileNetV2_Transfer,0.42919976,0,genuine,False
/kaggle/input/datasets/matteocarnebella/cedar-signatures/signatures/signatures_33/forgeries_33_19.png,forgeries_33_19.png,forged,1,writer_33,writer_33_sample_19,.png,MobileNetV2_Transfer,0.38150263,0,genuine,False
/kaggle/input/datasets/matteocarnebella/cedar-signatures/signatures/signatures_33/forgeries_33_16.png,forgeries_33_16.png,forged,1,writer_33,writer_33_sample_16,.png,MobileNetV2_Transfer,0.25382322,0,genuine,False
/kaggle/input/datasets/matteocarnebella/cedar-signatures/signatures/signatures_33/forgeries_33_12.png,forgeries_33_12.png,forged,1,writer_33,writer_33_sample_12,.png,MobileNetV2_Transfer,0.4681551,0,genuine,False
/kaggle/input/datasets/matteocarnebella/cedar-signatures/signatures/signatures_15/forgeries_15_24.png,forgeries_15_24.png,forged,1,writer_15,writer_15_sample_24,.png,MobileNetV2_Transfer,0.72403806,1,forged,True
/kaggle/input/datasets/matteocarnebella/cedar-signatures/signatures/signatures_15/original_15_6.png,original_15_6.png,genuine,0,writer_15,writer_15_sample_6,.png,MobileNetV2_Transfer,0.20769948,0,genuine,True
/kaggle/input/datasets/matteocarnebella/cedar-signatures/signatures/signatures_15/forgeries_15_22.png,forgeries_15_22.png,forged,1,writer_15,writer_15_sample_22,.png,MobileNetV2_Transfer,0.7861679,1,forged,True
/kaggle/input/datasets/matteocarnebella/cedar-signatures/signatures/signatures_15/original_15_7.png,original_15_7.png,genuine,0,writer_15,writer_15_sample_7,.png,MobileNetV2_Transfer,0.27188,0,genuine,True
/kaggle/input/datasets/matteocarnebella/cedar-signatures/signatures/signatures_15/forgeries_15_3.png,forgeries_15_3.png,forged,1,writer_15,writer_15_sample_3,.png,MobileNetV2_Transfer,0.7747369,1,forged,True
/kaggle/input/datasets/matteocarnebella/cedar-signatures/signatures/signatures_15/forgeries_15_2.png,forgeries_15_2.png,forged,1,writer_15,writer_15_sample_2,.png,MobileNetV2_Transfer,0.83521146,1,forged,True
/kaggle/input/datasets/matteocarnebella/cedar-signatures/signatures/signatures_15/forgeries_15_21.png,forgeries_15_21.png,forged,1,writer_15,writer_15_sample_21,.png,MobileNetV2_Transfer,0.73327225,1,forged,True
/kaggle/input/datasets/matteocarnebella/cedar-signatures/signatures/signatures_15/original_15_15.png,original_15_15.png,genuine,0,writer_15,writer_15_sample_15,.png,MobileNetV2_Transfer,0.2441089,0,genuine,True
/kaggle/input/datasets/matteocarnebella/cedar-signatures/signatures/signatures_15/forgeries_15_8.png,forgeries_15_8.png,forged,1,writer_15,writer_15_sample_8,.png,MobileNetV2_Transfer,0.8492926,1,forged,True
/kaggle/input/datasets/matteocarnebella/cedar-signatures/signatures/signatures_15/forgeries_15_1.png,forgeries_15_1.png,forged,1,writer_15,writer_15_sample_1,.png,MobileNetV2_Transfer,0.6581303,1,forged,True
/kaggle/input/datasets/matteocarnebella/cedar-signatures/signatures/signatures_15/original_15_11.png,original_15_11.png,genuine,0,writer_15,writer_15_sample_11,.png,MobileNetV2_Transfer,0.19731912,0,genuine,True
/kaggle/input/datasets/matteocarnebella/cedar-signatures/signatures/signatures_15/forgeries_15_13.png,forgeries_15_13.png,forged,1,writer_15,writer_15_sample_13,.png,MobileNetV2_Transfer,0.8138218,1,forged,True
/kaggle/input/datasets/matteocarnebella/cedar-signatures/signatures/signatures_15/forgeries_15_10.png,forgeries_15_10.png,forged,1,writer_15,writer_15_sample_10,.png,MobileNetV2_Transfer,0.827644,1,forged,True
/kaggle/input/datasets/matteocarnebella/cedar-signatures/signatures/signatures_15/forgeries_15_18.png,forgeries_15_18.png,forged,1,writer_15,writer_15_sample_18,.png,MobileNetV2_Transfer,0.8259498,1,forged,True
/kaggle/input/datasets/matteocarnebella/cedar-signatures/signatures/signatures_15/original_15_22.png,original_15_22.png,genuine,0,writer_15,writer_15_sample_22,.png,MobileNetV2_Transfer,0.23347393,0,genuine,True
/kaggle/input/datasets/matteocarnebella/cedar-signatures/signatures/signatures_15/forgeries_15_6.png,forgeries_15_6.png,forged,1,writer_15,writer_15_sample_6,.png,MobileNetV2_Transfer,0.8012832,1,forged,True
/kaggle/input/datasets/matteocarnebella/cedar-signatures/signatures/signatures_15/forgeries_15_9.png,forgeries_15_9.png,forged,1,writer_15,writer_15_sample_9,.png,MobileNetV2_Transfer,0.7520694,1,forged,True
/kaggle/input/datasets/matteocarnebella/cedar-signatures/signatures/signatures_15/forgeries_15_7.png,forgeries_15_7.png,forged,1,writer_15,writer_15_sample_7,.png,MobileNetV2_Transfer,0.81847256,1,forged,True
/kaggle/input/datasets/matteocarnebella/cedar-signatures/signatures/signatures_15/original_15_23.png,original_15_23.png,genuine,0,writer_15,writer_15_sample_23,.png,MobileNetV2_Transfer,0.21906161,0,genuine,True
/kaggle/input/datasets/matteocarnebella/cedar-signatures/signatures/signatures_15/forgeries_15_14.png,forgeries_15_14.png,forged,1,writer_15,writer_15_sample_14,.png,MobileNetV2_Transfer,0.82872075,1,forged,True
/kaggle/input/datasets/matteocarnebella/cedar-signatures/signatures/signatures_15/original_15_4.png,original_15_4.png,genuine,0,writer_15,writer_15_sample_4,.png,MobileNetV2_Transfer,0.24289908,0,genuine,True
/kaggle/input/datasets/matteocarnebella/cedar-signatures/signatures/signatures_15/original_15_5.png,original_15_5.png,genuine,0,writer_15,writer_15_sample_5,.png,MobileNetV2_Transfer,0.27895093,0,genuine,True
/kaggle/input/datasets/matteocarnebella/cedar-signatures/signatures/signatures_15/original_15_2.png,original_15_2.png,genuine,0,writer_15,writer_15_sample_2,.png,MobileNetV2_Transfer,0.18023442,0,genuine,True
/kaggle/input/datasets/matteocarnebella/cedar-signatures/signatures/signatures_15/forgeries_15_15.png,forgeries_15_15.png,forged,1,writer_15,writer_15_sample_15,.png,MobileNetV2_Transfer,0.8624138,1,forged,True
/kaggle/input/datasets/matteocarnebella/cedar-signatures/signatures/signatures_15/original_15_9.png,original_15_9.png,genuine,0,writer_15,writer_15_sample_9,.png,MobileNetV2_Transfer,0.2639432,0,genuine,True
/kaggle/input/datasets/matteocarnebella/cedar-signatures/signatures/signatures_15/forgeries_15_20.png,forgeries_15_20.png,forged,1,writer_15,writer_15_sample_20,.png,MobileNetV2_Transfer,0.68174356,1,forged,True
/kaggle/input/datasets/matteocarnebella/cedar-signatures/signatures/signatures_15/original_15_19.png,original_15_19.png,genuine,0,writer_15,writer_15_sample_19,.png,MobileNetV2_Transfer,0.39145324,0,genuine,True
/kaggle/input/datasets/matteocarnebella/cedar-signatures/signatures/signatures_15/forgeries_15_19.png,forgeries_15_19.png,forged,1,writer_15,writer_15_sample_19,.png,MobileNetV2_Transfer,0.7342978,1,forged,True
/kaggle/input/datasets/matteocarnebella/cedar-signatures/signatures/signatures_15/original_15_8.png,original_15_8.png,genuine,0,writer_15,writer_15_sample_8,.png,MobileNetV2_Transfer,0.2103659,0,genuine,True
/kaggle/input/datasets/matteocarnebella/cedar-signatures/signatures/signatures_15/original_15_17.png,original_15_17.png,genuine,0,writer_15,writer_15_sample_17,.png,MobileNetV2_Transfer,0.27262634,0,genuine,True
/kaggle/input/datasets/matteocarnebella/cedar-signatures/signatures/signatures_15/original_15_14.png,original_15_14.png,genuine,0,writer_15,writer_15_sample_14,.png,MobileNetV2_Transfer,0.16912852,0,genuine,True
/kaggle/input/datasets/matteocarnebella/cedar-signatures/signatures/signatures_15/original_15_13.png,original_15_13.png,genuine,0,writer_15,writer_15_sample_13,.png,MobileNetV2_Transfer,0.15191495,0,genuine,True
/kaggle/input/datasets/matteocarnebella/cedar-signatures/signatures/signatures_15/original_15_10.png,original_15_10.png,genuine,0,writer_15,writer_15_sample_10,.png,MobileNetV2_Transfer,0.2091182,0,genuine,True
/kaggle/input/datasets/matteocarnebella/cedar-signatures/signatures/signatures_15/forgeries_15_17.png,forgeries_15_17.png,forged,1,writer_15,writer_15_sample_17,.png,MobileNetV2_Transfer,0.65888315,1,forged,True
/kaggle/input/datasets/matteocarnebella/cedar-signatures/signatures/signatures_15/original_15_24.png,original_15_24.png,genuine,0,writer_15,writer_15_sample_24,.png,MobileNetV2_Transfer,0.36066547,0,genuine,True
/kaggle/input/datasets/matteocarnebella/cedar-signatures/signatures/signatures_15/forgeries_15_16.png,forgeries_15_16.png,forged,1,writer_15,writer_15_sample_16,.png,MobileNetV2_Transfer,0.68963474,1,forged,True
/kaggle/input/datasets/matteocarnebella/cedar-signatures/signatures/signatures_15/original_15_21.png,original_15_21.png,genuine,0,writer_15,writer_15_sample_21,.png,MobileNetV2_Transfer,0.327193,0,genuine,True
/kaggle/input/datasets/matteocarnebella/cedar-signatures/signatures/signatures_15/forgeries_15_5.png,forgeries_15_5.png,forged,1,writer_15,writer_15_sample_5,.png,MobileNetV2_Transfer,0.8507301,1,forged,True
/kaggle/input/datasets/matteocarnebella/cedar-signatures/signatures/signatures_15/original_15_20.png,original_15_20.png,genuine,0,writer_15,writer_15_sample_20,.png,MobileNetV2_Transfer,0.24408007,0,genuine,True
/kaggle/input/datasets/matteocarnebella/cedar-signatures/signatures/signatures_15/original_15_16.png,original_15_16.png,genuine,0,writer_15,writer_15_sample_16,.png,MobileNetV2_Transfer,0.18342423,0,genuine,True
/kaggle/input/datasets/matteocarnebella/cedar-signatures/signatures/signatures_15/forgeries_15_12.png,forgeries_15_12.png,forged,1,writer_15,writer_15_sample_12,.png,MobileNetV2_Transfer,0.5043455,1,forged,True
/kaggle/input/datasets/matteocarnebella/cedar-signatures/signatures/signatures_15/original_15_18.png,original_15_18.png,genuine,0,writer_15,writer_15_sample_18,.png,MobileNetV2_Transfer,0.22534776,0,genuine,True
/kaggle/input/datasets/matteocarnebella/cedar-signatures/signatures/signatures_15/original_15_3.png,original_15_3.png,genuine,0,writer_15,writer_15_sample_3,.png,MobileNetV2_Transfer,0.2500725,0,genuine,True
/kaggle/input/datasets/matteocarnebella/cedar-signatures/signatures/signatures_15/original_15_12.png,original_15_12.png,genuine,0,writer_15,writer_15_sample_12,.png,MobileNetV2_Transfer,0.26697135,0,genuine,True
/kaggle/input/datasets/matteocarnebella/cedar-signatures/signatures/signatures_15/forgeries_15_4.png,forgeries_15_4.png,forged,1,writer_15,writer_15_sample_4,.png,MobileNetV2_Transfer,0.8269211,1,forged,True
/kaggle/input/datasets/matteocarnebella/cedar-signatures/signatures/signatures_15/forgeries_15_11.png,forgeries_15_11.png,forged,1,writer_15,writer_15_sample_11,.png,MobileNetV2_Transfer,0.63444346,1,forged,True
/kaggle/input/datasets/matteocarnebella/cedar-signatures/signatures/signatures_15/original_15_1.png,original_15_1.png,genuine,0,writer_15,writer_15_sample_1,.png,MobileNetV2_Transfer,0.31287193,0,genuine,True
/kaggle/input/datasets/matteocarnebella/cedar-signatures/signatures/signatures_15/forgeries_15_23.png,forgeries_15_23.png,forged,1,writer_15,writer_15_sample_23,.png,MobileNetV2_Transfer,0.8267127,1,forged,True
/kaggle/input/datasets/matteocarnebella/cedar-signatures/signatures/signatures_4/forgeries_4_17.png,forgeries_4_17.png,forged,1,writer_4,writer_4_sample_17,.png,MobileNetV2_Transfer,0.4630047,0,genuine,False
/kaggle/input/datasets/matteocarnebella/cedar-signatures/signatures/signatures_4/original_4_3.png,original_4_3.png,genuine,0,writer_4,writer_4_sample_3,.png,MobileNetV2_Transfer,0.41171008,0,genuine,True
/kaggle/input/datasets/matteocarnebella/cedar-signatures/signatures/signatures_4/forgeries_4_9.png,forgeries_4_9.png,forged,1,writer_4,writer_4_sample_9,.png,MobileNetV2_Transfer,0.38370284,0,genuine,False
/kaggle/input/datasets/matteocarnebella/cedar-signatures/signatures/signatures_4/original_4_12.png,original_4_12.png,genuine,0,writer_4,writer_4_sample_12,.png,MobileNetV2_Transfer,0.6137193,1,forged,False
/kaggle/input/datasets/matteocarnebella/cedar-signatures/signatures/signatures_4/original_4_10.png,original_4_10.png,genuine,0,writer_4,writer_4_sample_10,.png,MobileNetV2_Transfer,0.21003442,0,genuine,True
/kaggle/input/datasets/matteocarnebella/cedar-signatures/signatures/signatures_4/forgeries_4_16.png,forgeries_4_16.png,forged,1,writer_4,writer_4_sample_16,.png,MobileNetV2_Transfer,0.72004825,1,forged,True
/kaggle/input/datasets/matteocarnebella/cedar-signatures/signatures/signatures_4/original_4_11.png,original_4_11.png,genuine,0,writer_4,writer_4_sample_11,.png,MobileNetV2_Transfer,0.32959488,0,genuine,True
/kaggle/input/datasets/matteocarnebella/cedar-signatures/signatures/signatures_4/forgeries_4_2.png,forgeries_4_2.png,forged,1,writer_4,writer_4_sample_2,.png,MobileNetV2_Transfer,0.6050397,1,forged,True
/kaggle/input/datasets/matteocarnebella/cedar-signatures/signatures/signatures_4/forgeries_4_1.png,forgeries_4_1.png,forged,1,writer_4,writer_4_sample_1,.png,MobileNetV2_Transfer,0.590724,1,forged,True
/kaggle/input/datasets/matteocarnebella/cedar-signatures/signatures/signatures_4/original_4_9.png,original_4_9.png,genuine,0,writer_4,writer_4_sample_9,.png,MobileNetV2_Transfer,0.25578243,0,genuine,True
/kaggle/input/datasets/matteocarnebella/cedar-signatures/signatures/signatures_4/forgeries_4_18.png,forgeries_4_18.png,forged,1,writer_4,writer_4_sample_18,.png,MobileNetV2_Transfer,0.30501506,0,genuine,False
/kaggle/input/datasets/matteocarnebella/cedar-signatures/signatures/signatures_4/original_4_24.png,original_4_24.png,genuine,0,writer_4,writer_4_sample_24,.png,MobileNetV2_Transfer,0.37075797,0,genuine,True
/kaggle/input/datasets/matteocarnebella/cedar-signatures/signatures/signatures_4/original_4_19.png,original_4_19.png,genuine,0,writer_4,writer_4_sample_19,.png,MobileNetV2_Transfer,0.3862324,0,genuine,True
/kaggle/input/datasets/matteocarnebella/cedar-signatures/signatures/signatures_4/original_4_13.png,original_4_13.png,genuine,0,writer_4,writer_4_sample_13,.png,MobileNetV2_Transfer,0.26174617,0,genuine,True
/kaggle/input/datasets/matteocarnebella/cedar-signatures/signatures/signatures_4/original_4_23.png,original_4_23.png,genuine,0,writer_4,writer_4_sample_23,.png,MobileNetV2_Transfer,0.29941198,0,genuine,True
/kaggle/input/datasets/matteocarnebella/cedar-signatures/signatures/signatures_4/forgeries_4_10.png,forgeries_4_10.png,forged,1,writer_4,writer_4_sample_10,.png,MobileNetV2_Transfer,0.2930765,0,genuine,False
/kaggle/input/datasets/matteocarnebella/cedar-signatures/signatures/signatures_4/forgeries_4_4.png,forgeries_4_4.png,forged,1,writer_4,writer_4_sample_4,.png,MobileNetV2_Transfer,0.3829793,0,genuine,False
/kaggle/input/datasets/matteocarnebella/cedar-signatures/signatures/signatures_4/original_4_7.png,original_4_7.png,genuine,0,writer_4,writer_4_sample_7,.png,MobileNetV2_Transfer,0.3202625,0,genuine,True
/kaggle/input/datasets/matteocarnebella/cedar-signatures/signatures/signatures_4/original_4_6.png,original_4_6.png,genuine,0,writer_4,writer_4_sample_6,.png,MobileNetV2_Transfer,0.3204173,0,genuine,True
/kaggle/input/datasets/matteocarnebella/cedar-signatures/signatures/signatures_4/forgeries_4_23.png,forgeries_4_23.png,forged,1,writer_4,writer_4_sample_23,.png,MobileNetV2_Transfer,0.3562996,0,genuine,False
/kaggle/input/datasets/matteocarnebella/cedar-signatures/signatures/signatures_4/forgeries_4_3.png,forgeries_4_3.png,forged,1,writer_4,writer_4_sample_3,.png,MobileNetV2_Transfer,0.4470189,0,genuine,False
/kaggle/input/datasets/matteocarnebella/cedar-signatures/signatures/signatures_4/forgeries_4_6.png,forgeries_4_6.png,forged,1,writer_4,writer_4_sample_6,.png,MobileNetV2_Transfer,0.59471107,1,forged,True
/kaggle/input/datasets/matteocarnebella/cedar-signatures/signatures/signatures_4/original_4_5.png,original_4_5.png,genuine,0,writer_4,writer_4_sample_5,.png,MobileNetV2_Transfer,0.6017245,1,forged,False
/kaggle/input/datasets/matteocarnebella/cedar-signatures/signatures/signatures_4/forgeries_4_22.png,forgeries_4_22.png,forged,1,writer_4,writer_4_sample_22,.png,MobileNetV2_Transfer,0.58302623,1,forged,True
/kaggle/input/datasets/matteocarnebella/cedar-signatures/signatures/signatures_4/forgeries_4_19.png,forgeries_4_19.png,forged,1,writer_4,writer_4_sample_19,.png,MobileNetV2_Transfer,0.5284483,1,forged,True
/kaggle/input/datasets/matteocarnebella/cedar-signatures/signatures/signatures_4/forgeries_4_11.png,forgeries_4_11.png,forged,1,writer_4,writer_4_sample_11,.png,MobileNetV2_Transfer,0.58708286,1,forged,True
/kaggle/input/datasets/matteocarnebella/cedar-signatures/signatures/signatures_4/original_4_18.png,original_4_18.png,genuine,0,writer_4,writer_4_sample_18,.png,MobileNetV2_Transfer,0.36302516,0,genuine,True
/kaggle/input/datasets/matteocarnebella/cedar-signatures/signatures/signatures_4/forgeries_4_14.png,forgeries_4_14.png,forged,1,writer_4,writer_4_sample_14,.png,MobileNetV2_Transfer,0.52497333,1,forged,True
/kaggle/input/datasets/matteocarnebella/cedar-signatures/signatures/signatures_4/forgeries_4_5.png,forgeries_4_5.png,forged,1,writer_4,writer_4_sample_5,.png,MobileNetV2_Transfer,0.6707419,1,forged,True
/kaggle/input/datasets/matteocarnebella/cedar-signatures/signatures/signatures_4/original_4_16.png,original_4_16.png,genuine,0,writer_4,writer_4_sample_16,.png,MobileNetV2_Transfer,0.4206867,0,genuine,True
/kaggle/input/datasets/matteocarnebella/cedar-signatures/signatures/signatures_4/forgeries_4_15.png,forgeries_4_15.png,forged,1,writer_4,writer_4_sample_15,.png,MobileNetV2_Transfer,0.42505142,0,genuine,False
/kaggle/input/datasets/matteocarnebella/cedar-signatures/signatures/signatures_4/original_4_1.png,original_4_1.png,genuine,0,writer_4,writer_4_sample_1,.png,MobileNetV2_Transfer,0.34476897,0,genuine,True
/kaggle/input/datasets/matteocarnebella/cedar-signatures/signatures/signatures_4/original_4_4.png,original_4_4.png,genuine,0,writer_4,writer_4_sample_4,.png,MobileNetV2_Transfer,0.24735151,0,genuine,True
/kaggle/input/datasets/matteocarnebella/cedar-signatures/signatures/signatures_4/original_4_20.png,original_4_20.png,genuine,0,writer_4,writer_4_sample_20,.png,MobileNetV2_Transfer,0.35073468,0,genuine,True
/kaggle/input/datasets/matteocarnebella/cedar-signatures/signatures/signatures_4/original_4_14.png,original_4_14.png,genuine,0,writer_4,writer_4_sample_14,.png,MobileNetV2_Transfer,0.21400306,0,genuine,True
/kaggle/input/datasets/matteocarnebella/cedar-signatures/signatures/signatures_4/original_4_15.png,original_4_15.png,genuine,0,writer_4,writer_4_sample_15,.png,MobileNetV2_Transfer,0.28843135,0,genuine,True
/kaggle/input/datasets/matteocarnebella/cedar-signatures/signatures/signatures_4/original_4_8.png,original_4_8.png,genuine,0,writer_4,writer_4_sample_8,.png,MobileNetV2_Transfer,0.42380312,0,genuine,True
/kaggle/input/datasets/matteocarnebella/cedar-signatures/signatures/signatures_4/forgeries_4_13.png,forgeries_4_13.png,forged,1,writer_4,writer_4_sample_13,.png,MobileNetV2_Transfer,0.65637463,1,forged,True
/kaggle/input/datasets/matteocarnebella/cedar-signatures/signatures/signatures_4/forgeries_4_20.png,forgeries_4_20.png,forged,1,writer_4,writer_4_sample_20,.png,MobileNetV2_Transfer,0.36422274,0,genuine,False
/kaggle/input/datasets/matteocarnebella/cedar-signatures/signatures/signatures_4/forgeries_4_8.png,forgeries_4_8.png,forged,1,writer_4,writer_4_sample_8,.png,MobileNetV2_Transfer,0.33598286,0,genuine,False
/kaggle/input/datasets/matteocarnebella/cedar-signatures/signatures/signatures_4/original_4_2.png,original_4_2.png,genuine,0,writer_4,writer_4_sample_2,.png,MobileNetV2_Transfer,0.2629987,0,genuine,True
/kaggle/input/datasets/matteocarnebella/cedar-signatures/signatures/signatures_4/original_4_21.png,original_4_21.png,genuine,0,writer_4,writer_4_sample_21,.png,MobileNetV2_Transfer,0.27425408,0,genuine,True
/kaggle/input/datasets/matteocarnebella/cedar-signatures/signatures/signatures_4/original_4_17.png,original_4_17.png,genuine,0,writer_4,writer_4_sample_17,.png,MobileNetV2_Transfer,0.2702928,0,genuine,True
/kaggle/input/datasets/matteocarnebella/cedar-signatures/signatures/signatures_4/forgeries_4_21.png,forgeries_4_21.png,forged,1,writer_4,writer_4_sample_21,.png,MobileNetV2_Transfer,0.40675053,0,genuine,False
/kaggle/input/datasets/matteocarnebella/cedar-signatures/signatures/signatures_4/original_4_22.png,original_4_22.png,genuine,0,writer_4,writer_4_sample_22,.png,MobileNetV2_Transfer,0.21078633,0,genuine,True
/kaggle/input/datasets/matteocarnebella/cedar-signatures/signatures/signatures_4/forgeries_4_12.png,forgeries_4_12.png,forged,1,writer_4,writer_4_sample_12,.png,MobileNetV2_Transfer,0.49675757,0,genuine,False
/kaggle/input/datasets/matteocarnebella/cedar-signatures/signatures/signatures_4/forgeries_4_7.png,forgeries_4_7.png,forged,1,writer_4,writer_4_sample_7,.png,MobileNetV2_Transfer,0.3720155,0,genuine,False
/kaggle/input/datasets/matteocarnebella/cedar-signatures/signatures/signatures_4/forgeries_4_24.png,forgeries_4_24.png,forged,1,writer_4,writer_4_sample_24,.png,MobileNetV2_Transfer,0.45917997,0,genuine,False
/kaggle/input/datasets/matteocarnebella/cedar-signatures/signatures/signatures_14/forgeries_14_1.png,forgeries_14_1.png,forged,1,writer_14,writer_14_sample_1,.png,MobileNetV2_Transfer,0.35883814,0,genuine,False
/kaggle/input/datasets/matteocarnebella/cedar-signatures/signatures/signatures_14/original_14_10.png,original_14_10.png,genuine,0,writer_14,writer_14_sample_10,.png,MobileNetV2_Transfer,0.33424607,0,genuine,True
/kaggle/input/datasets/matteocarnebella/cedar-signatures/signatures/signatures_14/forgeries_14_6.png,forgeries_14_6.png,forged,1,writer_14,writer_14_sample_6,.png,MobileNetV2_Transfer,0.46710226,0,genuine,False
/kaggle/input/datasets/matteocarnebella/cedar-signatures/signatures/signatures_14/forgeries_14_18.png,forgeries_14_18.png,forged,1,writer_14,writer_14_sample_18,.png,MobileNetV2_Transfer,0.5283768,1,forged,True
/kaggle/input/datasets/matteocarnebella/cedar-signatures/signatures/signatures_14/forgeries_14_22.png,forgeries_14_22.png,forged,1,writer_14,writer_14_sample_22,.png,MobileNetV2_Transfer,0.5346953,1,forged,True
/kaggle/input/datasets/matteocarnebella/cedar-signatures/signatures/signatures_14/original_14_5.png,original_14_5.png,genuine,0,writer_14,writer_14_sample_5,.png,MobileNetV2_Transfer,0.38373205,0,genuine,True
/kaggle/input/datasets/matteocarnebella/cedar-signatures/signatures/signatures_14/original_14_4.png,original_14_4.png,genuine,0,writer_14,writer_14_sample_4,.png,MobileNetV2_Transfer,0.4171822,0,genuine,True
/kaggle/input/datasets/matteocarnebella/cedar-signatures/signatures/signatures_14/original_14_24.png,original_14_24.png,genuine,0,writer_14,writer_14_sample_24,.png,MobileNetV2_Transfer,0.39394906,0,genuine,True
/kaggle/input/datasets/matteocarnebella/cedar-signatures/signatures/signatures_14/original_14_15.png,original_14_15.png,genuine,0,writer_14,writer_14_sample_15,.png,MobileNetV2_Transfer,0.28269196,0,genuine,True
/kaggle/input/datasets/matteocarnebella/cedar-signatures/signatures/signatures_14/original_14_9.png,original_14_9.png,genuine,0,writer_14,writer_14_sample_9,.png,MobileNetV2_Transfer,0.41226447,0,genuine,True
/kaggle/input/datasets/matteocarnebella/cedar-signatures/signatures/signatures_14/forgeries_14_10.png,forgeries_14_10.png,forged,1,writer_14,writer_14_sample_10,.png,MobileNetV2_Transfer,0.6026399,1,forged,True
/kaggle/input/datasets/matteocarnebella/cedar-signatures/signatures/signatures_14/forgeries_14_16.png,forgeries_14_16.png,forged,1,writer_14,writer_14_sample_16,.png,MobileNetV2_Transfer,0.61647135,1,forged,True
/kaggle/input/datasets/matteocarnebella/cedar-signatures/signatures/signatures_14/forgeries_14_14.png,forgeries_14_14.png,forged,1,writer_14,writer_14_sample_14,.png,MobileNetV2_Transfer,0.32509485,0,genuine,False
/kaggle/input/datasets/matteocarnebella/cedar-signatures/signatures/signatures_14/forgeries_14_19.png,forgeries_14_19.png,forged,1,writer_14,writer_14_sample_19,.png,MobileNetV2_Transfer,0.3650415,0,genuine,False
/kaggle/input/datasets/matteocarnebella/cedar-signatures/signatures/signatures_14/forgeries_14_24.png,forgeries_14_24.png,forged,1,writer_14,writer_14_sample_24,.png,MobileNetV2_Transfer,0.25012806,0,genuine,False
/kaggle/input/datasets/matteocarnebella/cedar-signatures/signatures/signatures_14/original_14_21.png,original_14_21.png,genuine,0,writer_14,writer_14_sample_21,.png,MobileNetV2_Transfer,0.18978108,0,genuine,True
/kaggle/input/datasets/matteocarnebella/cedar-signatures/signatures/signatures_14/forgeries_14_12.png,forgeries_14_12.png,forged,1,writer_14,writer_14_sample_12,.png,MobileNetV2_Transfer,0.6910433,1,forged,True
/kaggle/input/datasets/matteocarnebella/cedar-signatures/signatures/signatures_14/original_14_6.png,original_14_6.png,genuine,0,writer_14,writer_14_sample_6,.png,MobileNetV2_Transfer,0.32469523,0,genuine,True
/kaggle/input/datasets/matteocarnebella/cedar-signatures/signatures/signatures_14/forgeries_14_5.png,forgeries_14_5.png,forged,1,writer_14,writer_14_sample_5,.png,MobileNetV2_Transfer,0.5014838,1,forged,True
/kaggle/input/datasets/matteocarnebella/cedar-signatures/signatures/signatures_14/original_14_19.png,original_14_19.png,genuine,0,writer_14,writer_14_sample_19,.png,MobileNetV2_Transfer,0.33092558,0,genuine,True
/kaggle/input/datasets/matteocarnebella/cedar-signatures/signatures/signatures_14/forgeries_14_11.png,forgeries_14_11.png,forged,1,writer_14,writer_14_sample_11,.png,MobileNetV2_Transfer,0.5191711,1,forged,True
/kaggle/input/datasets/matteocarnebella/cedar-signatures/signatures/signatures_14/original_14_13.png,original_14_13.png,genuine,0,writer_14,writer_14_sample_13,.png,MobileNetV2_Transfer,0.18172678,0,genuine,True
/kaggle/input/datasets/matteocarnebella/cedar-signatures/signatures/signatures_14/original_14_14.png,original_14_14.png,genuine,0,writer_14,writer_14_sample_14,.png,MobileNetV2_Transfer,0.23610684,0,genuine,True
/kaggle/input/datasets/matteocarnebella/cedar-signatures/signatures/signatures_14/forgeries_14_3.png,forgeries_14_3.png,forged,1,writer_14,writer_14_sample_3,.png,MobileNetV2_Transfer,0.63315785,1,forged,True
/kaggle/input/datasets/matteocarnebella/cedar-signatures/signatures/signatures_14/forgeries_14_21.png,forgeries_14_21.png,forged,1,writer_14,writer_14_sample_21,.png,MobileNetV2_Transfer,0.47881407,0,genuine,False
/kaggle/input/datasets/matteocarnebella/cedar-signatures/signatures/signatures_14/original_14_1.png,original_14_1.png,genuine,0,writer_14,writer_14_sample_1,.png,MobileNetV2_Transfer,0.33976078,0,genuine,True
/kaggle/input/datasets/matteocarnebella/cedar-signatures/signatures/signatures_14/original_14_20.png,original_14_20.png,genuine,0,writer_14,writer_14_sample_20,.png,MobileNetV2_Transfer,0.24718781,0,genuine,True
/kaggle/input/datasets/matteocarnebella/cedar-signatures/signatures/signatures_14/original_14_3.png,original_14_3.png,genuine,0,writer_14,writer_14_sample_3,.png,MobileNetV2_Transfer,0.38166377,0,genuine,True
/kaggle/input/datasets/matteocarnebella/cedar-signatures/signatures/signatures_14/original_14_18.png,original_14_18.png,genuine,0,writer_14,writer_14_sample_18,.png,MobileNetV2_Transfer,0.32336926,0,genuine,True
/kaggle/input/datasets/matteocarnebella/cedar-signatures/signatures/signatures_14/forgeries_14_17.png,forgeries_14_17.png,forged,1,writer_14,writer_14_sample_17,.png,MobileNetV2_Transfer,0.702843,1,forged,True
/kaggle/input/datasets/matteocarnebella/cedar-signatures/signatures/signatures_14/original_14_17.png,original_14_17.png,genuine,0,writer_14,writer_14_sample_17,.png,MobileNetV2_Transfer,0.3338234,0,genuine,True
/kaggle/input/datasets/matteocarnebella/cedar-signatures/signatures/signatures_14/forgeries_14_13.png,forgeries_14_13.png,forged,1,writer_14,writer_14_sample_13,.png,MobileNetV2_Transfer,0.5403111,1,forged,True
/kaggle/input/datasets/matteocarnebella/cedar-signatures/signatures/signatures_14/forgeries_14_23.png,forgeries_14_23.png,forged,1,writer_14,writer_14_sample_23,.png,MobileNetV2_Transfer,0.552167,1,forged,True
/kaggle/input/datasets/matteocarnebella/cedar-signatures/signatures/signatures_14/forgeries_14_15.png,forgeries_14_15.png,forged,1,writer_14,writer_14_sample_15,.png,MobileNetV2_Transfer,0.48850295,0,genuine,False
/kaggle/input/datasets/matteocarnebella/cedar-signatures/signatures/signatures_14/original_14_8.png,original_14_8.png,genuine,0,writer_14,writer_14_sample_8,.png,MobileNetV2_Transfer,0.46236792,0,genuine,True
/kaggle/input/datasets/matteocarnebella/cedar-signatures/signatures/signatures_14/forgeries_14_8.png,forgeries_14_8.png,forged,1,writer_14,writer_14_sample_8,.png,MobileNetV2_Transfer,0.61193305,1,forged,True
/kaggle/input/datasets/matteocarnebella/cedar-signatures/signatures/signatures_14/forgeries_14_2.png,forgeries_14_2.png,forged,1,writer_14,writer_14_sample_2,.png,MobileNetV2_Transfer,0.56608665,1,forged,True
/kaggle/input/datasets/matteocarnebella/cedar-signatures/signatures/signatures_14/original_14_16.png,original_14_16.png,genuine,0,writer_14,writer_14_sample_16,.png,MobileNetV2_Transfer,0.22880712,0,genuine,True
/kaggle/input/datasets/matteocarnebella/cedar-signatures/signatures/signatures_14/forgeries_14_7.png,forgeries_14_7.png,forged,1,writer_14,writer_14_sample_7,.png,MobileNetV2_Transfer,0.47613233,0,genuine,False
/kaggle/input/datasets/matteocarnebella/cedar-signatures/signatures/signatures_14/original_14_22.png,original_14_22.png,genuine,0,writer_14,writer_14_sample_22,.png,MobileNetV2_Transfer,0.23846814,0,genuine,True
/kaggle/input/datasets/matteocarnebella/cedar-signatures/signatures/signatures_14/original_14_23.png,original_14_23.png,genuine,0,writer_14,writer_14_sample_23,.png,MobileNetV2_Transfer,0.33981958,0,genuine,True
/kaggle/input/datasets/matteocarnebella/cedar-signatures/signatures/signatures_14/original_14_12.png,original_14_12.png,genuine,0,writer_14,writer_14_sample_12,.png,MobileNetV2_Transfer,0.3609277,0,genuine,True
/kaggle/input/datasets/matteocarnebella/cedar-signatures/signatures/signatures_14/original_14_11.png,original_14_11.png,genuine,0,writer_14,writer_14_sample_11,.png,MobileNetV2_Transfer,0.265747,0,genuine,True
/kaggle/input/datasets/matteocarnebella/cedar-signatures/signatures/signatures_14/original_14_2.png,original_14_2.png,genuine,0,writer_14,writer_14_sample_2,.png,MobileNetV2_Transfer,0.33897218,0,genuine,True
/kaggle/input/datasets/matteocarnebella/cedar-signatures/signatures/signatures_14/forgeries_14_9.png,forgeries_14_9.png,forged,1,writer_14,writer_14_sample_9,.png,MobileNetV2_Transfer,0.43620133,0,genuine,False
/kaggle/input/datasets/matteocarnebella/cedar-signatures/signatures/signatures_14/original_14_7.png,original_14_7.png,genuine,0,writer_14,writer_14_sample_7,.png,MobileNetV2_Transfer,0.30332395,0,genuine,True
/kaggle/input/datasets/matteocarnebella/cedar-signatures/signatures/signatures_14/forgeries_14_20.png,forgeries_14_20.png,forged,1,writer_14,writer_14_sample_20,.png,MobileNetV2_Transfer,0.3651472,0,genuine,False
/kaggle/input/datasets/matteocarnebella/cedar-signatures/signatures/signatures_14/forgeries_14_4.png,forgeries_14_4.png,forged,1,writer_14,writer_14_sample_4,.png,MobileNetV2_Transfer,0.33928704,0,genuine,False
/kaggle/input/datasets/matteocarnebella/cedar-signatures/signatures/signatures_21/original_21_14.png,original_21_14.png,genuine,0,writer_21,writer_21_sample_14,.png,MobileNetV2_Transfer,0.32547158,0,genuine,True
/kaggle/input/datasets/matteocarnebella/cedar-signatures/signatures/signatures_21/original_21_5.png,original_21_5.png,genuine,0,writer_21,writer_21_sample_5,.png,MobileNetV2_Transfer,0.21940966,0,genuine,True
/kaggle/input/datasets/matteocarnebella/cedar-signatures/signatures/signatures_21/forgeries_21_10.png,forgeries_21_10.png,forged,1,writer_21,writer_21_sample_10,.png,MobileNetV2_Transfer,0.45096484,0,genuine,False
/kaggle/input/datasets/matteocarnebella/cedar-signatures/signatures/signatures_21/original_21_17.png,original_21_17.png,genuine,0,writer_21,writer_21_sample_17,.png,MobileNetV2_Transfer,0.375647,0,genuine,True
/kaggle/input/datasets/matteocarnebella/cedar-signatures/signatures/signatures_21/original_21_13.png,original_21_13.png,genuine,0,writer_21,writer_21_sample_13,.png,MobileNetV2_Transfer,0.2884882,0,genuine,True
/kaggle/input/datasets/matteocarnebella/cedar-signatures/signatures/signatures_21/forgeries_21_15.png,forgeries_21_15.png,forged,1,writer_21,writer_21_sample_15,.png,MobileNetV2_Transfer,0.5037046,1,forged,True
/kaggle/input/datasets/matteocarnebella/cedar-signatures/signatures/signatures_21/original_21_22.png,original_21_22.png,genuine,0,writer_21,writer_21_sample_22,.png,MobileNetV2_Transfer,0.15186025,0,genuine,True
/kaggle/input/datasets/matteocarnebella/cedar-signatures/signatures/signatures_21/original_21_15.png,original_21_15.png,genuine,0,writer_21,writer_21_sample_15,.png,MobileNetV2_Transfer,0.26024544,0,genuine,True
/kaggle/input/datasets/matteocarnebella/cedar-signatures/signatures/signatures_21/forgeries_21_1.png,forgeries_21_1.png,forged,1,writer_21,writer_21_sample_1,.png,MobileNetV2_Transfer,0.55056155,1,forged,True
/kaggle/input/datasets/matteocarnebella/cedar-signatures/signatures/signatures_21/original_21_16.png,original_21_16.png,genuine,0,writer_21,writer_21_sample_16,.png,MobileNetV2_Transfer,0.22912517,0,genuine,True
/kaggle/input/datasets/matteocarnebella/cedar-signatures/signatures/signatures_21/forgeries_21_11.png,forgeries_21_11.png,forged,1,writer_21,writer_21_sample_11,.png,MobileNetV2_Transfer,0.51441646,1,forged,True
/kaggle/input/datasets/matteocarnebella/cedar-signatures/signatures/signatures_21/original_21_20.png,original_21_20.png,genuine,0,writer_21,writer_21_sample_20,.png,MobileNetV2_Transfer,0.30609533,0,genuine,True
/kaggle/input/datasets/matteocarnebella/cedar-signatures/signatures/signatures_21/forgeries_21_22.png,forgeries_21_22.png,forged,1,writer_21,writer_21_sample_22,.png,MobileNetV2_Transfer,0.5761109,1,forged,True
/kaggle/input/datasets/matteocarnebella/cedar-signatures/signatures/signatures_21/original_21_12.png,original_21_12.png,genuine,0,writer_21,writer_21_sample_12,.png,MobileNetV2_Transfer,0.28327104,0,genuine,True
/kaggle/input/datasets/matteocarnebella/cedar-signatures/signatures/signatures_21/forgeries_21_17.png,forgeries_21_17.png,forged,1,writer_21,writer_21_sample_17,.png,MobileNetV2_Transfer,0.4151519,0,genuine,False
/kaggle/input/datasets/matteocarnebella/cedar-signatures/signatures/signatures_21/forgeries_21_5.png,forgeries_21_5.png,forged,1,writer_21,writer_21_sample_5,.png,MobileNetV2_Transfer,0.4879768,0,genuine,False
/kaggle/input/datasets/matteocarnebella/cedar-signatures/signatures/signatures_21/forgeries_21_6.png,forgeries_21_6.png,forged,1,writer_21,writer_21_sample_6,.png,MobileNetV2_Transfer,0.29047903,0,genuine,False
/kaggle/input/datasets/matteocarnebella/cedar-signatures/signatures/signatures_21/forgeries_21_21.png,forgeries_21_21.png,forged,1,writer_21,writer_21_sample_21,.png,MobileNetV2_Transfer,0.27373537,0,genuine,False
/kaggle/input/datasets/matteocarnebella/cedar-signatures/signatures/signatures_21/forgeries_21_20.png,forgeries_21_20.png,forged,1,writer_21,writer_21_sample_20,.png,MobileNetV2_Transfer,0.56040585,1,forged,True
/kaggle/input/datasets/matteocarnebella/cedar-signatures/signatures/signatures_21/forgeries_21_2.png,forgeries_21_2.png,forged,1,writer_21,writer_21_sample_2,.png,MobileNetV2_Transfer,0.48439404,0,genuine,False
/kaggle/input/datasets/matteocarnebella/cedar-signatures/signatures/signatures_21/original_21_10.png,original_21_10.png,genuine,0,writer_21,writer_21_sample_10,.png,MobileNetV2_Transfer,0.28174204,0,genuine,True
/kaggle/input/datasets/matteocarnebella/cedar-signatures/signatures/signatures_21/forgeries_21_14.png,forgeries_21_14.png,forged,1,writer_21,writer_21_sample_14,.png,MobileNetV2_Transfer,0.5938378,1,forged,True
/kaggle/input/datasets/matteocarnebella/cedar-signatures/signatures/signatures_21/original_21_4.png,original_21_4.png,genuine,0,writer_21,writer_21_sample_4,.png,MobileNetV2_Transfer,0.20852594,0,genuine,True
/kaggle/input/datasets/matteocarnebella/cedar-signatures/signatures/signatures_21/forgeries_21_12.png,forgeries_21_12.png,forged,1,writer_21,writer_21_sample_12,.png,MobileNetV2_Transfer,0.537034,1,forged,True
/kaggle/input/datasets/matteocarnebella/cedar-signatures/signatures/signatures_21/forgeries_21_4.png,forgeries_21_4.png,forged,1,writer_21,writer_21_sample_4,.png,MobileNetV2_Transfer,0.45325452,0,genuine,False
/kaggle/input/datasets/matteocarnebella/cedar-signatures/signatures/signatures_21/original_21_1.png,original_21_1.png,genuine,0,writer_21,writer_21_sample_1,.png,MobileNetV2_Transfer,0.23864013,0,genuine,True
/kaggle/input/datasets/matteocarnebella/cedar-signatures/signatures/signatures_21/original_21_2.png,original_21_2.png,genuine,0,writer_21,writer_21_sample_2,.png,MobileNetV2_Transfer,0.2484291,0,genuine,True
/kaggle/input/datasets/matteocarnebella/cedar-signatures/signatures/signatures_21/original_21_7.png,original_21_7.png,genuine,0,writer_21,writer_21_sample_7,.png,MobileNetV2_Transfer,0.24297807,0,genuine,True
/kaggle/input/datasets/matteocarnebella/cedar-signatures/signatures/signatures_21/forgeries_21_13.png,forgeries_21_13.png,forged,1,writer_21,writer_21_sample_13,.png,MobileNetV2_Transfer,0.4958412,0,genuine,False
/kaggle/input/datasets/matteocarnebella/cedar-signatures/signatures/signatures_21/forgeries_21_18.png,forgeries_21_18.png,forged,1,writer_21,writer_21_sample_18,.png,MobileNetV2_Transfer,0.42182073,0,genuine,False
/kaggle/input/datasets/matteocarnebella/cedar-signatures/signatures/signatures_21/original_21_11.png,original_21_11.png,genuine,0,writer_21,writer_21_sample_11,.png,MobileNetV2_Transfer,0.29838917,0,genuine,True
/kaggle/input/datasets/matteocarnebella/cedar-signatures/signatures/signatures_21/forgeries_21_7.png,forgeries_21_7.png,forged,1,writer_21,writer_21_sample_7,.png,MobileNetV2_Transfer,0.34896672,0,genuine,False
/kaggle/input/datasets/matteocarnebella/cedar-signatures/signatures/signatures_21/forgeries_21_3.png,forgeries_21_3.png,forged,1,writer_21,writer_21_sample_3,.png,MobileNetV2_Transfer,0.5896167,1,forged,True
/kaggle/input/datasets/matteocarnebella/cedar-signatures/signatures/signatures_21/original_21_21.png,original_21_21.png,genuine,0,writer_21,writer_21_sample_21,.png,MobileNetV2_Transfer,0.23991118,0,genuine,True
/kaggle/input/datasets/matteocarnebella/cedar-signatures/signatures/signatures_21/original_21_23.png,original_21_23.png,genuine,0,writer_21,writer_21_sample_23,.png,MobileNetV2_Transfer,0.2900336,0,genuine,True
/kaggle/input/datasets/matteocarnebella/cedar-signatures/signatures/signatures_21/original_21_19.png,original_21_19.png,genuine,0,writer_21,writer_21_sample_19,.png,MobileNetV2_Transfer,0.24199769,0,genuine,True
/kaggle/input/datasets/matteocarnebella/cedar-signatures/signatures/signatures_21/forgeries_21_16.png,forgeries_21_16.png,forged,1,writer_21,writer_21_sample_16,.png,MobileNetV2_Transfer,0.4533911,0,genuine,False
/kaggle/input/datasets/matteocarnebella/cedar-signatures/signatures/signatures_21/original_21_9.png,original_21_9.png,genuine,0,writer_21,writer_21_sample_9,.png,MobileNetV2_Transfer,0.14793353,0,genuine,True
/kaggle/input/datasets/matteocarnebella/cedar-signatures/signatures/signatures_21/original_21_8.png,original_21_8.png,genuine,0,writer_21,writer_21_sample_8,.png,MobileNetV2_Transfer,0.2787163,0,genuine,True
/kaggle/input/datasets/matteocarnebella/cedar-signatures/signatures/signatures_21/forgeries_21_19.png,forgeries_21_19.png,forged,1,writer_21,writer_21_sample_19,.png,MobileNetV2_Transfer,0.5577175,1,forged,True
/kaggle/input/datasets/matteocarnebella/cedar-signatures/signatures/signatures_21/forgeries_21_8.png,forgeries_21_8.png,forged,1,writer_21,writer_21_sample_8,.png,MobileNetV2_Transfer,0.6549853,1,forged,True
/kaggle/input/datasets/matteocarnebella/cedar-signatures/signatures/signatures_21/original_21_24.png,original_21_24.png,genuine,0,writer_21,writer_21_sample_24,.png,MobileNetV2_Transfer,0.16430861,0,genuine,True
/kaggle/input/datasets/matteocarnebella/cedar-signatures/signatures/signatures_21/forgeries_21_23.png,forgeries_21_23.png,forged,1,writer_21,writer_21_sample_23,.png,MobileNetV2_Transfer,0.61111265,1,forged,True
/kaggle/input/datasets/matteocarnebella/cedar-signatures/signatures/signatures_21/original_21_6.png,original_21_6.png,genuine,0,writer_21,writer_21_sample_6,.png,MobileNetV2_Transfer,0.16784233,0,genuine,True
/kaggle/input/datasets/matteocarnebella/cedar-signatures/signatures/signatures_21/original_21_3.png,original_21_3.png,genuine,0,writer_21,writer_21_sample_3,.png,MobileNetV2_Transfer,0.15034313,0,genuine,True
/kaggle/input/datasets/matteocarnebella/cedar-signatures/signatures/signatures_21/forgeries_21_24.png,forgeries_21_24.png,forged,1,writer_21,writer_21_sample_24,.png,MobileNetV2_Transfer,0.565215,1,forged,True
/kaggle/input/datasets/matteocarnebella/cedar-signatures/signatures/signatures_21/forgeries_21_9.png,forgeries_21_9.png,forged,1,writer_21,writer_21_sample_9,.png,MobileNetV2_Transfer,0.41337052,0,genuine,False
/kaggle/input/datasets/matteocarnebella/cedar-signatures/signatures/signatures_21/original_21_18.png,original_21_18.png,genuine,0,writer_21,writer_21_sample_18,.png,MobileNetV2_Transfer,0.21796215,0,genuine,True
/kaggle/input/datasets/matteocarnebella/cedar-signatures/signatures/signatures_54/original_54_12.png,original_54_12.png,genuine,0,writer_54,writer_54_sample_12,.png,MobileNetV2_Transfer,0.35687158,0,genuine,True
/kaggle/input/datasets/matteocarnebella/cedar-signatures/signatures/signatures_54/original_54_5.png,original_54_5.png,genuine,0,writer_54,writer_54_sample_5,.png,MobileNetV2_Transfer,0.2535078,0,genuine,True
/kaggle/input/datasets/matteocarnebella/cedar-signatures/signatures/signatures_54/forgeries_54_1.png,forgeries_54_1.png,forged,1,writer_54,writer_54_sample_1,.png,MobileNetV2_Transfer,0.51049024,1,forged,True
/kaggle/input/datasets/matteocarnebella/cedar-signatures/signatures/signatures_54/original_54_4.png,original_54_4.png,genuine,0,writer_54,writer_54_sample_4,.png,MobileNetV2_Transfer,0.3450198,0,genuine,True
/kaggle/input/datasets/matteocarnebella/cedar-signatures/signatures/signatures_54/forgeries_54_6.png,forgeries_54_6.png,forged,1,writer_54,writer_54_sample_6,.png,MobileNetV2_Transfer,0.5132559,1,forged,True
/kaggle/input/datasets/matteocarnebella/cedar-signatures/signatures/signatures_54/forgeries_54_22.png,forgeries_54_22.png,forged,1,writer_54,writer_54_sample_22,.png,MobileNetV2_Transfer,0.51941025,1,forged,True
/kaggle/input/datasets/matteocarnebella/cedar-signatures/signatures/signatures_54/original_54_13.png,original_54_13.png,genuine,0,writer_54,writer_54_sample_13,.png,MobileNetV2_Transfer,0.32080775,0,genuine,True
/kaggle/input/datasets/matteocarnebella/cedar-signatures/signatures/signatures_54/forgeries_54_9.png,forgeries_54_9.png,forged,1,writer_54,writer_54_sample_9,.png,MobileNetV2_Transfer,0.45064095,0,genuine,False
/kaggle/input/datasets/matteocarnebella/cedar-signatures/signatures/signatures_54/forgeries_54_4.png,forgeries_54_4.png,forged,1,writer_54,writer_54_sample_4,.png,MobileNetV2_Transfer,0.5645211,1,forged,True
/kaggle/input/datasets/matteocarnebella/cedar-signatures/signatures/signatures_54/forgeries_54_23.png,forgeries_54_23.png,forged,1,writer_54,writer_54_sample_23,.png,MobileNetV2_Transfer,0.45666066,0,genuine,False
/kaggle/input/datasets/matteocarnebella/cedar-signatures/signatures/signatures_54/original_54_19.png,original_54_19.png,genuine,0,writer_54,writer_54_sample_19,.png,MobileNetV2_Transfer,0.47398534,0,genuine,True
/kaggle/input/datasets/matteocarnebella/cedar-signatures/signatures/signatures_54/original_54_15.png,original_54_15.png,genuine,0,writer_54,writer_54_sample_15,.png,MobileNetV2_Transfer,0.29048243,0,genuine,True
/kaggle/input/datasets/matteocarnebella/cedar-signatures/signatures/signatures_54/original_54_6.png,original_54_6.png,genuine,0,writer_54,writer_54_sample_6,.png,MobileNetV2_Transfer,0.43129373,0,genuine,True
/kaggle/input/datasets/matteocarnebella/cedar-signatures/signatures/signatures_54/original_54_2.png,original_54_2.png,genuine,0,writer_54,writer_54_sample_2,.png,MobileNetV2_Transfer,0.2813743,0,genuine,True
/kaggle/input/datasets/matteocarnebella/cedar-signatures/signatures/signatures_54/original_54_24.png,original_54_24.png,genuine,0,writer_54,writer_54_sample_24,.png,MobileNetV2_Transfer,0.4497019,0,genuine,True
/kaggle/input/datasets/matteocarnebella/cedar-signatures/signatures/signatures_54/forgeries_54_16.png,forgeries_54_16.png,forged,1,writer_54,writer_54_sample_16,.png,MobileNetV2_Transfer,0.40950426,0,genuine,False
/kaggle/input/datasets/matteocarnebella/cedar-signatures/signatures/signatures_54/forgeries_54_21.png,forgeries_54_21.png,forged,1,writer_54,writer_54_sample_21,.png,MobileNetV2_Transfer,0.5895756,1,forged,True
/kaggle/input/datasets/matteocarnebella/cedar-signatures/signatures/signatures_54/forgeries_54_14.png,forgeries_54_14.png,forged,1,writer_54,writer_54_sample_14,.png,MobileNetV2_Transfer,0.6427361,1,forged,True
/kaggle/input/datasets/matteocarnebella/cedar-signatures/signatures/signatures_54/original_54_10.png,original_54_10.png,genuine,0,writer_54,writer_54_sample_10,.png,MobileNetV2_Transfer,0.3278778,0,genuine,True
/kaggle/input/datasets/matteocarnebella/cedar-signatures/signatures/signatures_54/original_54_22.png,original_54_22.png,genuine,0,writer_54,writer_54_sample_22,.png,MobileNetV2_Transfer,0.35430315,0,genuine,True
/kaggle/input/datasets/matteocarnebella/cedar-signatures/signatures/signatures_54/forgeries_54_17.png,forgeries_54_17.png,forged,1,writer_54,writer_54_sample_17,.png,MobileNetV2_Transfer,0.560589,1,forged,True
/kaggle/input/datasets/matteocarnebella/cedar-signatures/signatures/signatures_54/original_54_9.png,original_54_9.png,genuine,0,writer_54,writer_54_sample_9,.png,MobileNetV2_Transfer,0.36409575,0,genuine,True
/kaggle/input/datasets/matteocarnebella/cedar-signatures/signatures/signatures_54/original_54_1.png,original_54_1.png,genuine,0,writer_54,writer_54_sample_1,.png,MobileNetV2_Transfer,0.4134051,0,genuine,True
/kaggle/input/datasets/matteocarnebella/cedar-signatures/signatures/signatures_54/forgeries_54_11.png,forgeries_54_11.png,forged,1,writer_54,writer_54_sample_11,.png,MobileNetV2_Transfer,0.41080183,0,genuine,False
/kaggle/input/datasets/matteocarnebella/cedar-signatures/signatures/signatures_54/forgeries_54_7.png,forgeries_54_7.png,forged,1,writer_54,writer_54_sample_7,.png,MobileNetV2_Transfer,0.70689815,1,forged,True
/kaggle/input/datasets/matteocarnebella/cedar-signatures/signatures/signatures_54/original_54_23.png,original_54_23.png,genuine,0,writer_54,writer_54_sample_23,.png,MobileNetV2_Transfer,0.38665664,0,genuine,True
/kaggle/input/datasets/matteocarnebella/cedar-signatures/signatures/signatures_54/original_54_20.png,original_54_20.png,genuine,0,writer_54,writer_54_sample_20,.png,MobileNetV2_Transfer,0.3587716,0,genuine,True
/kaggle/input/datasets/matteocarnebella/cedar-signatures/signatures/signatures_54/forgeries_54_2.png,forgeries_54_2.png,forged,1,writer_54,writer_54_sample_2,.png,MobileNetV2_Transfer,0.4494489,0,genuine,False
/kaggle/input/datasets/matteocarnebella/cedar-signatures/signatures/signatures_54/original_54_16.png,original_54_16.png,genuine,0,writer_54,writer_54_sample_16,.png,MobileNetV2_Transfer,0.28026542,0,genuine,True
/kaggle/input/datasets/matteocarnebella/cedar-signatures/signatures/signatures_54/forgeries_54_19.png,forgeries_54_19.png,forged,1,writer_54,writer_54_sample_19,.png,MobileNetV2_Transfer,0.69165653,1,forged,True
/kaggle/input/datasets/matteocarnebella/cedar-signatures/signatures/signatures_54/forgeries_54_13.png,forgeries_54_13.png,forged,1,writer_54,writer_54_sample_13,.png,MobileNetV2_Transfer,0.5395195,1,forged,True
/kaggle/input/datasets/matteocarnebella/cedar-signatures/signatures/signatures_54/forgeries_54_15.png,forgeries_54_15.png,forged,1,writer_54,writer_54_sample_15,.png,MobileNetV2_Transfer,0.37669766,0,genuine,False
/kaggle/input/datasets/matteocarnebella/cedar-signatures/signatures/signatures_54/forgeries_54_18.png,forgeries_54_18.png,forged,1,writer_54,writer_54_sample_18,.png,MobileNetV2_Transfer,0.490749,0,genuine,False
/kaggle/input/datasets/matteocarnebella/cedar-signatures/signatures/signatures_54/forgeries_54_3.png,forgeries_54_3.png,forged,1,writer_54,writer_54_sample_3,.png,MobileNetV2_Transfer,0.55002874,1,forged,True
/kaggle/input/datasets/matteocarnebella/cedar-signatures/signatures/signatures_54/original_54_21.png,original_54_21.png,genuine,0,writer_54,writer_54_sample_21,.png,MobileNetV2_Transfer,0.42342344,0,genuine,True
/kaggle/input/datasets/matteocarnebella/cedar-signatures/signatures/signatures_54/original_54_18.png,original_54_18.png,genuine,0,writer_54,writer_54_sample_18,.png,MobileNetV2_Transfer,0.4924522,0,genuine,True
/kaggle/input/datasets/matteocarnebella/cedar-signatures/signatures/signatures_54/original_54_7.png,original_54_7.png,genuine,0,writer_54,writer_54_sample_7,.png,MobileNetV2_Transfer,0.31568658,0,genuine,True
/kaggle/input/datasets/matteocarnebella/cedar-signatures/signatures/signatures_54/original_54_11.png,original_54_11.png,genuine,0,writer_54,writer_54_sample_11,.png,MobileNetV2_Transfer,0.4627335,0,genuine,True
/kaggle/input/datasets/matteocarnebella/cedar-signatures/signatures/signatures_54/original_54_8.png,original_54_8.png,genuine,0,writer_54,writer_54_sample_8,.png,MobileNetV2_Transfer,0.44581455,0,genuine,True
/kaggle/input/datasets/matteocarnebella/cedar-signatures/signatures/signatures_54/forgeries_54_24.png,forgeries_54_24.png,forged,1,writer_54,writer_54_sample_24,.png,MobileNetV2_Transfer,0.46929854,0,genuine,False
/kaggle/input/datasets/matteocarnebella/cedar-signatures/signatures/signatures_54/original_54_14.png,original_54_14.png,genuine,0,writer_54,writer_54_sample_14,.png,MobileNetV2_Transfer,0.392329,0,genuine,True
/kaggle/input/datasets/matteocarnebella/cedar-signatures/signatures/signatures_54/forgeries_54_8.png,forgeries_54_8.png,forged,1,writer_54,writer_54_sample_8,.png,MobileNetV2_Transfer,0.3932352,0,genuine,False
/kaggle/input/datasets/matteocarnebella/cedar-signatures/signatures/signatures_54/forgeries_54_12.png,forgeries_54_12.png,forged,1,writer_54,writer_54_sample_12,.png,MobileNetV2_Transfer,0.5305745,1,forged,True
/kaggle/input/datasets/matteocarnebella/cedar-signatures/signatures/signatures_54/original_54_3.png,original_54_3.png,genuine,0,writer_54,writer_54_sample_3,.png,MobileNetV2_Transfer,0.33056718,0,genuine,True
/kaggle/input/datasets/matteocarnebella/cedar-signatures/signatures/signatures_54/forgeries_54_20.png,forgeries_54_20.png,forged,1,writer_54,writer_54_sample_20,.png,MobileNetV2_Transfer,0.5621839,1,forged,True
/kaggle/input/datasets/matteocarnebella/cedar-signatures/signatures/signatures_54/forgeries_54_5.png,forgeries_54_5.png,forged,1,writer_54,writer_54_sample_5,.png,MobileNetV2_Transfer,0.5638267,1,forged,True
/kaggle/input/datasets/matteocarnebella/cedar-signatures/signatures/signatures_54/forgeries_54_10.png,forgeries_54_10.png,forged,1,writer_54,writer_54_sample_10,.png,MobileNetV2_Transfer,0.5114414,1,forged,True
/kaggle/input/datasets/matteocarnebella/cedar-signatures/signatures/signatures_54/original_54_17.png,original_54_17.png,genuine,0,writer_54,writer_54_sample_17,.png,MobileNetV2_Transfer,0.25092435,0,genuine,True
/kaggle/input/datasets/matteocarnebella/cedar-signatures/signatures/signatures_49/forgeries_49_5.png,forgeries_49_5.png,forged,1,writer_49,writer_49_sample_5,.png,ResNet50_Transfer,0.77910095,1,forged,True
/kaggle/input/datasets/matteocarnebella/cedar-signatures/signatures/signatures_49/original_49_5.png,original_49_5.png,genuine,0,writer_49,writer_49_sample_5,.png,ResNet50_Transfer,0.13648625,0,genuine,True
/kaggle/input/datasets/matteocarnebella/cedar-signatures/signatures/signatures_49/forgeries_49_16.png,forgeries_49_16.png,forged,1,writer_49,writer_49_sample_16,.png,ResNet50_Transfer,0.7547299,1,forged,True
/kaggle/input/datasets/matteocarnebella/cedar-signatures/signatures/signatures_49/forgeries_49_12.png,forgeries_49_12.png,forged,1,writer_49,writer_49_sample_12,.png,ResNet50_Transfer,0.83289295,1,forged,True
/kaggle/input/datasets/matteocarnebella/cedar-signatures/signatures/signatures_49/original_49_22.png,original_49_22.png,genuine,0,writer_49,writer_49_sample_22,.png,ResNet50_Transfer,0.19812267,0,genuine,True
/kaggle/input/datasets/matteocarnebella/cedar-signatures/signatures/signatures_49/forgeries_49_17.png,forgeries_49_17.png,forged,1,writer_49,writer_49_sample_17,.png,ResNet50_Transfer,0.73545706,1,forged,True
/kaggle/input/datasets/matteocarnebella/cedar-signatures/signatures/signatures_49/original_49_17.png,original_49_17.png,genuine,0,writer_49,writer_49_sample_17,.png,ResNet50_Transfer,0.12976198,0,genuine,True
/kaggle/input/datasets/matteocarnebella/cedar-signatures/signatures/signatures_49/forgeries_49_20.png,forgeries_49_20.png,forged,1,writer_49,writer_49_sample_20,.png,ResNet50_Transfer,0.80745447,1,forged,True
/kaggle/input/datasets/matteocarnebella/cedar-signatures/signatures/signatures_49/original_49_16.png,original_49_16.png,genuine,0,writer_49,writer_49_sample_16,.png,ResNet50_Transfer,0.13796349,0,genuine,True
/kaggle/input/datasets/matteocarnebella/cedar-signatures/signatures/signatures_49/original_49_24.png,original_49_24.png,genuine,0,writer_49,writer_49_sample_24,.png,ResNet50_Transfer,0.25681597,0,genuine,True
/kaggle/input/datasets/matteocarnebella/cedar-signatures/signatures/signatures_49/forgeries_49_14.png,forgeries_49_14.png,forged,1,writer_49,writer_49_sample_14,.png,ResNet50_Transfer,0.81055695,1,forged,True
/kaggle/input/datasets/matteocarnebella/cedar-signatures/signatures/signatures_49/forgeries_49_8.png,forgeries_49_8.png,forged,1,writer_49,writer_49_sample_8,.png,ResNet50_Transfer,0.8212959,1,forged,True
/kaggle/input/datasets/matteocarnebella/cedar-signatures/signatures/signatures_49/forgeries_49_1.png,forgeries_49_1.png,forged,1,writer_49,writer_49_sample_1,.png,ResNet50_Transfer,0.8360237,1,forged,True
/kaggle/input/datasets/matteocarnebella/cedar-signatures/signatures/signatures_49/original_49_11.png,original_49_11.png,genuine,0,writer_49,writer_49_sample_11,.png,ResNet50_Transfer,0.25691676,0,genuine,True
/kaggle/input/datasets/matteocarnebella/cedar-signatures/signatures/signatures_49/forgeries_49_10.png,forgeries_49_10.png,forged,1,writer_49,writer_49_sample_10,.png,ResNet50_Transfer,0.8590355,1,forged,True
/kaggle/input/datasets/matteocarnebella/cedar-signatures/signatures/signatures_49/forgeries_49_21.png,forgeries_49_21.png,forged,1,writer_49,writer_49_sample_21,.png,ResNet50_Transfer,0.8162962,1,forged,True
/kaggle/input/datasets/matteocarnebella/cedar-signatures/signatures/signatures_49/original_49_7.png,original_49_7.png,genuine,0,writer_49,writer_49_sample_7,.png,ResNet50_Transfer,0.35167018,0,genuine,True
/kaggle/input/datasets/matteocarnebella/cedar-signatures/signatures/signatures_49/forgeries_49_18.png,forgeries_49_18.png,forged,1,writer_49,writer_49_sample_18,.png,ResNet50_Transfer,0.8278641,1,forged,True
/kaggle/input/datasets/matteocarnebella/cedar-signatures/signatures/signatures_49/original_49_8.png,original_49_8.png,genuine,0,writer_49,writer_49_sample_8,.png,ResNet50_Transfer,0.30623934,0,genuine,True
/kaggle/input/datasets/matteocarnebella/cedar-signatures/signatures/signatures_49/forgeries_49_19.png,forgeries_49_19.png,forged,1,writer_49,writer_49_sample_19,.png,ResNet50_Transfer,0.77927357,1,forged,True
/kaggle/input/datasets/matteocarnebella/cedar-signatures/signatures/signatures_49/forgeries_49_23.png,forgeries_49_23.png,forged,1,writer_49,writer_49_sample_23,.png,ResNet50_Transfer,0.7718887,1,forged,True
/kaggle/input/datasets/matteocarnebella/cedar-signatures/signatures/signatures_49/original_49_1.png,original_49_1.png,genuine,0,writer_49,writer_49_sample_1,.png,ResNet50_Transfer,0.22322562,0,genuine,True
/kaggle/input/datasets/matteocarnebella/cedar-signatures/signatures/signatures_49/forgeries_49_24.png,forgeries_49_24.png,forged,1,writer_49,writer_49_sample_24,.png,ResNet50_Transfer,0.8175537,1,forged,True
/kaggle/input/datasets/matteocarnebella/cedar-signatures/signatures/signatures_49/original_49_10.png,original_49_10.png,genuine,0,writer_49,writer_49_sample_10,.png,ResNet50_Transfer,0.39884102,0,genuine,True
/kaggle/input/datasets/matteocarnebella/cedar-signatures/signatures/signatures_49/forgeries_49_2.png,forgeries_49_2.png,forged,1,writer_49,writer_49_sample_2,.png,ResNet50_Transfer,0.7425006,1,forged,True
/kaggle/input/datasets/matteocarnebella/cedar-signatures/signatures/signatures_49/forgeries_49_15.png,forgeries_49_15.png,forged,1,writer_49,writer_49_sample_15,.png,ResNet50_Transfer,0.83618665,1,forged,True
/kaggle/input/datasets/matteocarnebella/cedar-signatures/signatures/signatures_49/original_49_3.png,original_49_3.png,genuine,0,writer_49,writer_49_sample_3,.png,ResNet50_Transfer,0.537113,1,forged,False
/kaggle/input/datasets/matteocarnebella/cedar-signatures/signatures/signatures_49/original_49_14.png,original_49_14.png,genuine,0,writer_49,writer_49_sample_14,.png,ResNet50_Transfer,0.4070977,0,genuine,True
/kaggle/input/datasets/matteocarnebella/cedar-signatures/signatures/signatures_49/original_49_6.png,original_49_6.png,genuine,0,writer_49,writer_49_sample_6,.png,ResNet50_Transfer,0.24938935,0,genuine,True
/kaggle/input/datasets/matteocarnebella/cedar-signatures/signatures/signatures_49/forgeries_49_9.png,forgeries_49_9.png,forged,1,writer_49,writer_49_sample_9,.png,ResNet50_Transfer,0.83161426,1,forged,True
/kaggle/input/datasets/matteocarnebella/cedar-signatures/signatures/signatures_49/original_49_15.png,original_49_15.png,genuine,0,writer_49,writer_49_sample_15,.png,ResNet50_Transfer,0.3177631,0,genuine,True
/kaggle/input/datasets/matteocarnebella/cedar-signatures/signatures/signatures_49/original_49_4.png,original_49_4.png,genuine,0,writer_49,writer_49_sample_4,.png,ResNet50_Transfer,0.32939067,0,genuine,True
/kaggle/input/datasets/matteocarnebella/cedar-signatures/signatures/signatures_49/forgeries_49_3.png,forgeries_49_3.png,forged,1,writer_49,writer_49_sample_3,.png,ResNet50_Transfer,0.91249275,1,forged,True
/kaggle/input/datasets/matteocarnebella/cedar-signatures/signatures/signatures_49/forgeries_49_6.png,forgeries_49_6.png,forged,1,writer_49,writer_49_sample_6,.png,ResNet50_Transfer,0.7512397,1,forged,True
/kaggle/input/datasets/matteocarnebella/cedar-signatures/signatures/signatures_49/forgeries_49_13.png,forgeries_49_13.png,forged,1,writer_49,writer_49_sample_13,.png,ResNet50_Transfer,0.8695473,1,forged,True
/kaggle/input/datasets/matteocarnebella/cedar-signatures/signatures/signatures_49/original_49_12.png,original_49_12.png,genuine,0,writer_49,writer_49_sample_12,.png,ResNet50_Transfer,0.16065423,0,genuine,True
/kaggle/input/datasets/matteocarnebella/cedar-signatures/signatures/signatures_49/original_49_13.png,original_49_13.png,genuine,0,writer_49,writer_49_sample_13,.png,ResNet50_Transfer,0.20738502,0,genuine,True
/kaggle/input/datasets/matteocarnebella/cedar-signatures/signatures/signatures_49/forgeries_49_11.png,forgeries_49_11.png,forged,1,writer_49,writer_49_sample_11,.png,ResNet50_Transfer,0.7907011,1,forged,True
/kaggle/input/datasets/matteocarnebella/cedar-signatures/signatures/signatures_49/original_49_2.png,original_49_2.png,genuine,0,writer_49,writer_49_sample_2,.png,ResNet50_Transfer,0.36502427,0,genuine,True
/kaggle/input/datasets/matteocarnebella/cedar-signatures/signatures/signatures_49/original_49_21.png,original_49_21.png,genuine,0,writer_49,writer_49_sample_21,.png,ResNet50_Transfer,0.30807248,0,genuine,True
/kaggle/input/datasets/matteocarnebella/cedar-signatures/signatures/signatures_49/original_49_23.png,original_49_23.png,genuine,0,writer_49,writer_49_sample_23,.png,ResNet50_Transfer,0.41898704,0,genuine,True
/kaggle/input/datasets/matteocarnebella/cedar-signatures/signatures/signatures_49/forgeries_49_7.png,forgeries_49_7.png,forged,1,writer_49,writer_49_sample_7,.png,ResNet50_Transfer,0.8628039,1,forged,True
/kaggle/input/datasets/matteocarnebella/cedar-signatures/signatures/signatures_49/forgeries_49_22.png,forgeries_49_22.png,forged,1,writer_49,writer_49_sample_22,.png,ResNet50_Transfer,0.78859586,1,forged,True
/kaggle/input/datasets/matteocarnebella/cedar-signatures/signatures/signatures_49/original_49_9.png,original_49_9.png,genuine,0,writer_49,writer_49_sample_9,.png,ResNet50_Transfer,0.35815334,0,genuine,True
/kaggle/input/datasets/matteocarnebella/cedar-signatures/signatures/signatures_49/original_49_19.png,original_49_19.png,genuine,0,writer_49,writer_49_sample_19,.png,ResNet50_Transfer,0.35150352,0,genuine,True
/kaggle/input/datasets/matteocarnebella/cedar-signatures/signatures/signatures_49/forgeries_49_4.png,forgeries_49_4.png,forged,1,writer_49,writer_49_sample_4,.png,ResNet50_Transfer,0.77900714,1,forged,True
/kaggle/input/datasets/matteocarnebella/cedar-signatures/signatures/signatures_49/original_49_20.png,original_49_20.png,genuine,0,writer_49,writer_49_sample_20,.png,ResNet50_Transfer,0.351625,0,genuine,True
/kaggle/input/datasets/matteocarnebella/cedar-signatures/signatures/signatures_49/original_49_18.png,original_49_18.png,genuine,0,writer_49,writer_49_sample_18,.png,ResNet50_Transfer,0.19183338,0,genuine,True
/kaggle/input/datasets/matteocarnebella/cedar-signatures/signatures/signatures_12/original_12_1.png,original_12_1.png,genuine,0,writer_12,writer_12_sample_1,.png,ResNet50_Transfer,0.32663196,0,genuine,True
/kaggle/input/datasets/matteocarnebella/cedar-signatures/signatures/signatures_12/forgeries_12_16.png,forgeries_12_16.png,forged,1,writer_12,writer_12_sample_16,.png,ResNet50_Transfer,0.6464449,1,forged,True
/kaggle/input/datasets/matteocarnebella/cedar-signatures/signatures/signatures_12/original_12_19.png,original_12_19.png,genuine,0,writer_12,writer_12_sample_19,.png,ResNet50_Transfer,0.17087689,0,genuine,True
/kaggle/input/datasets/matteocarnebella/cedar-signatures/signatures/signatures_12/forgeries_12_20.png,forgeries_12_20.png,forged,1,writer_12,writer_12_sample_20,.png,ResNet50_Transfer,0.83418137,1,forged,True
/kaggle/input/datasets/matteocarnebella/cedar-signatures/signatures/signatures_12/forgeries_12_22.png,forgeries_12_22.png,forged,1,writer_12,writer_12_sample_22,.png,ResNet50_Transfer,0.623384,1,forged,True
/kaggle/input/datasets/matteocarnebella/cedar-signatures/signatures/signatures_12/original_12_20.png,original_12_20.png,genuine,0,writer_12,writer_12_sample_20,.png,ResNet50_Transfer,0.219677,0,genuine,True
/kaggle/input/datasets/matteocarnebella/cedar-signatures/signatures/signatures_12/forgeries_12_7.png,forgeries_12_7.png,forged,1,writer_12,writer_12_sample_7,.png,ResNet50_Transfer,0.6517748,1,forged,True
/kaggle/input/datasets/matteocarnebella/cedar-signatures/signatures/signatures_12/original_12_15.png,original_12_15.png,genuine,0,writer_12,writer_12_sample_15,.png,ResNet50_Transfer,0.075103186,0,genuine,True
/kaggle/input/datasets/matteocarnebella/cedar-signatures/signatures/signatures_12/original_12_9.png,original_12_9.png,genuine,0,writer_12,writer_12_sample_9,.png,ResNet50_Transfer,0.09548231,0,genuine,True
/kaggle/input/datasets/matteocarnebella/cedar-signatures/signatures/signatures_12/original_12_24.png,original_12_24.png,genuine,0,writer_12,writer_12_sample_24,.png,ResNet50_Transfer,0.15252803,0,genuine,True
/kaggle/input/datasets/matteocarnebella/cedar-signatures/signatures/signatures_12/original_12_21.png,original_12_21.png,genuine,0,writer_12,writer_12_sample_21,.png,ResNet50_Transfer,0.045408446,0,genuine,True
/kaggle/input/datasets/matteocarnebella/cedar-signatures/signatures/signatures_12/original_12_22.png,original_12_22.png,genuine,0,writer_12,writer_12_sample_22,.png,ResNet50_Transfer,0.19245791,0,genuine,True
/kaggle/input/datasets/matteocarnebella/cedar-signatures/signatures/signatures_12/forgeries_12_15.png,forgeries_12_15.png,forged,1,writer_12,writer_12_sample_15,.png,ResNet50_Transfer,0.667331,1,forged,True
/kaggle/input/datasets/matteocarnebella/cedar-signatures/signatures/signatures_12/original_12_17.png,original_12_17.png,genuine,0,writer_12,writer_12_sample_17,.png,ResNet50_Transfer,0.08267146,0,genuine,True
/kaggle/input/datasets/matteocarnebella/cedar-signatures/signatures/signatures_12/forgeries_12_14.png,forgeries_12_14.png,forged,1,writer_12,writer_12_sample_14,.png,ResNet50_Transfer,0.6434449,1,forged,True
/kaggle/input/datasets/matteocarnebella/cedar-signatures/signatures/signatures_12/original_12_3.png,original_12_3.png,genuine,0,writer_12,writer_12_sample_3,.png,ResNet50_Transfer,0.22027625,0,genuine,True
/kaggle/input/datasets/matteocarnebella/cedar-signatures/signatures/signatures_12/forgeries_12_12.png,forgeries_12_12.png,forged,1,writer_12,writer_12_sample_12,.png,ResNet50_Transfer,0.50961053,1,forged,True
/kaggle/input/datasets/matteocarnebella/cedar-signatures/signatures/signatures_12/forgeries_12_5.png,forgeries_12_5.png,forged,1,writer_12,writer_12_sample_5,.png,ResNet50_Transfer,0.6723616,1,forged,True
/kaggle/input/datasets/matteocarnebella/cedar-signatures/signatures/signatures_12/original_12_8.png,original_12_8.png,genuine,0,writer_12,writer_12_sample_8,.png,ResNet50_Transfer,0.17669363,0,genuine,True
/kaggle/input/datasets/matteocarnebella/cedar-signatures/signatures/signatures_12/forgeries_12_3.png,forgeries_12_3.png,forged,1,writer_12,writer_12_sample_3,.png,ResNet50_Transfer,0.7346496,1,forged,True
/kaggle/input/datasets/matteocarnebella/cedar-signatures/signatures/signatures_12/forgeries_12_17.png,forgeries_12_17.png,forged,1,writer_12,writer_12_sample_17,.png,ResNet50_Transfer,0.7203279,1,forged,True
/kaggle/input/datasets/matteocarnebella/cedar-signatures/signatures/signatures_12/forgeries_12_9.png,forgeries_12_9.png,forged,1,writer_12,writer_12_sample_9,.png,ResNet50_Transfer,0.6822932,1,forged,True
/kaggle/input/datasets/matteocarnebella/cedar-signatures/signatures/signatures_12/forgeries_12_6.png,forgeries_12_6.png,forged,1,writer_12,writer_12_sample_6,.png,ResNet50_Transfer,0.6255457,1,forged,True
/kaggle/input/datasets/matteocarnebella/cedar-signatures/signatures/signatures_12/original_12_5.png,original_12_5.png,genuine,0,writer_12,writer_12_sample_5,.png,ResNet50_Transfer,0.18995906,0,genuine,True
/kaggle/input/datasets/matteocarnebella/cedar-signatures/signatures/signatures_12/original_12_18.png,original_12_18.png,genuine,0,writer_12,writer_12_sample_18,.png,ResNet50_Transfer,0.056045465,0,genuine,True
/kaggle/input/datasets/matteocarnebella/cedar-signatures/signatures/signatures_12/forgeries_12_8.png,forgeries_12_8.png,forged,1,writer_12,writer_12_sample_8,.png,ResNet50_Transfer,0.7223207,1,forged,True
/kaggle/input/datasets/matteocarnebella/cedar-signatures/signatures/signatures_12/original_12_12.png,original_12_12.png,genuine,0,writer_12,writer_12_sample_12,.png,ResNet50_Transfer,0.36862347,0,genuine,True
/kaggle/input/datasets/matteocarnebella/cedar-signatures/signatures/signatures_12/original_12_6.png,original_12_6.png,genuine,0,writer_12,writer_12_sample_6,.png,ResNet50_Transfer,0.23416063,0,genuine,True
/kaggle/input/datasets/matteocarnebella/cedar-signatures/signatures/signatures_12/original_12_7.png,original_12_7.png,genuine,0,writer_12,writer_12_sample_7,.png,ResNet50_Transfer,0.07511925,0,genuine,True
/kaggle/input/datasets/matteocarnebella/cedar-signatures/signatures/signatures_12/forgeries_12_4.png,forgeries_12_4.png,forged,1,writer_12,writer_12_sample_4,.png,ResNet50_Transfer,0.697749,1,forged,True
/kaggle/input/datasets/matteocarnebella/cedar-signatures/signatures/signatures_12/original_12_11.png,original_12_11.png,genuine,0,writer_12,writer_12_sample_11,.png,ResNet50_Transfer,0.10921715,0,genuine,True
/kaggle/input/datasets/matteocarnebella/cedar-signatures/signatures/signatures_12/original_12_2.png,original_12_2.png,genuine,0,writer_12,writer_12_sample_2,.png,ResNet50_Transfer,0.27248868,0,genuine,True
/kaggle/input/datasets/matteocarnebella/cedar-signatures/signatures/signatures_12/forgeries_12_21.png,forgeries_12_21.png,forged,1,writer_12,writer_12_sample_21,.png,ResNet50_Transfer,0.58219904,1,forged,True
/kaggle/input/datasets/matteocarnebella/cedar-signatures/signatures/signatures_12/original_12_10.png,original_12_10.png,genuine,0,writer_12,writer_12_sample_10,.png,ResNet50_Transfer,0.20484316,0,genuine,True
/kaggle/input/datasets/matteocarnebella/cedar-signatures/signatures/signatures_12/original_12_4.png,original_12_4.png,genuine,0,writer_12,writer_12_sample_4,.png,ResNet50_Transfer,0.17280063,0,genuine,True
/kaggle/input/datasets/matteocarnebella/cedar-signatures/signatures/signatures_12/forgeries_12_11.png,forgeries_12_11.png,forged,1,writer_12,writer_12_sample_11,.png,ResNet50_Transfer,0.6497786,1,forged,True
/kaggle/input/datasets/matteocarnebella/cedar-signatures/signatures/signatures_12/forgeries_12_18.png,forgeries_12_18.png,forged,1,writer_12,writer_12_sample_18,.png,ResNet50_Transfer,0.76627475,1,forged,True
/kaggle/input/datasets/matteocarnebella/cedar-signatures/signatures/signatures_12/forgeries_12_1.png,forgeries_12_1.png,forged,1,writer_12,writer_12_sample_1,.png,ResNet50_Transfer,0.7046457,1,forged,True
/kaggle/input/datasets/matteocarnebella/cedar-signatures/signatures/signatures_12/original_12_23.png,original_12_23.png,genuine,0,writer_12,writer_12_sample_23,.png,ResNet50_Transfer,0.13912866,0,genuine,True
/kaggle/input/datasets/matteocarnebella/cedar-signatures/signatures/signatures_12/forgeries_12_19.png,forgeries_12_19.png,forged,1,writer_12,writer_12_sample_19,.png,ResNet50_Transfer,0.68817544,1,forged,True
/kaggle/input/datasets/matteocarnebella/cedar-signatures/signatures/signatures_12/original_12_13.png,original_12_13.png,genuine,0,writer_12,writer_12_sample_13,.png,ResNet50_Transfer,0.07282921,0,genuine,True
/kaggle/input/datasets/matteocarnebella/cedar-signatures/signatures/signatures_12/original_12_14.png,original_12_14.png,genuine,0,writer_12,writer_12_sample_14,.png,ResNet50_Transfer,0.061816588,0,genuine,True
/kaggle/input/datasets/matteocarnebella/cedar-signatures/signatures/signatures_12/forgeries_12_23.png,forgeries_12_23.png,forged,1,writer_12,writer_12_sample_23,.png,ResNet50_Transfer,0.77837396,1,forged,True
/kaggle/input/datasets/matteocarnebella/cedar-signatures/signatures/signatures_12/forgeries_12_10.png,forgeries_12_10.png,forged,1,writer_12,writer_12_sample_10,.png,ResNet50_Transfer,0.46613684,0,genuine,False
/kaggle/input/datasets/matteocarnebella/cedar-signatures/signatures/signatures_12/forgeries_12_2.png,forgeries_12_2.png,forged,1,writer_12,writer_12_sample_2,.png,ResNet50_Transfer,0.6413011,1,forged,True
/kaggle/input/datasets/matteocarnebella/cedar-signatures/signatures/signatures_12/forgeries_12_13.png,forgeries_12_13.png,forged,1,writer_12,writer_12_sample_13,.png,ResNet50_Transfer,0.6466626,1,forged,True
/kaggle/input/datasets/matteocarnebella/cedar-signatures/signatures/signatures_12/forgeries_12_24.png,forgeries_12_24.png,forged,1,writer_12,writer_12_sample_24,.png,ResNet50_Transfer,0.66296726,1,forged,True
/kaggle/input/datasets/matteocarnebella/cedar-signatures/signatures/signatures_12/original_12_16.png,original_12_16.png,genuine,0,writer_12,writer_12_sample_16,.png,ResNet50_Transfer,0.16430208,0,genuine,True
/kaggle/input/datasets/matteocarnebella/cedar-signatures/signatures/signatures_47/original_47_18.png,original_47_18.png,genuine,0,writer_47,writer_47_sample_18,.png,ResNet50_Transfer,0.17401287,0,genuine,True
/kaggle/input/datasets/matteocarnebella/cedar-signatures/signatures/signatures_47/forgeries_47_14.png,forgeries_47_14.png,forged,1,writer_47,writer_47_sample_14,.png,ResNet50_Transfer,0.5117702,1,forged,True
/kaggle/input/datasets/matteocarnebella/cedar-signatures/signatures/signatures_47/forgeries_47_23.png,forgeries_47_23.png,forged,1,writer_47,writer_47_sample_23,.png,ResNet50_Transfer,0.5804327,1,forged,True
/kaggle/input/datasets/matteocarnebella/cedar-signatures/signatures/signatures_47/original_47_4.png,original_47_4.png,genuine,0,writer_47,writer_47_sample_4,.png,ResNet50_Transfer,0.09313185,0,genuine,True
/kaggle/input/datasets/matteocarnebella/cedar-signatures/signatures/signatures_47/original_47_15.png,original_47_15.png,genuine,0,writer_47,writer_47_sample_15,.png,ResNet50_Transfer,0.048757035,0,genuine,True
/kaggle/input/datasets/matteocarnebella/cedar-signatures/signatures/signatures_47/forgeries_47_7.png,forgeries_47_7.png,forged,1,writer_47,writer_47_sample_7,.png,ResNet50_Transfer,0.30359045,0,genuine,False
/kaggle/input/datasets/matteocarnebella/cedar-signatures/signatures/signatures_47/forgeries_47_19.png,forgeries_47_19.png,forged,1,writer_47,writer_47_sample_19,.png,ResNet50_Transfer,0.6283094,1,forged,True
/kaggle/input/datasets/matteocarnebella/cedar-signatures/signatures/signatures_47/forgeries_47_5.png,forgeries_47_5.png,forged,1,writer_47,writer_47_sample_5,.png,ResNet50_Transfer,0.500893,1,forged,True
/kaggle/input/datasets/matteocarnebella/cedar-signatures/signatures/signatures_47/original_47_19.png,original_47_19.png,genuine,0,writer_47,writer_47_sample_19,.png,ResNet50_Transfer,0.08627547,0,genuine,True
/kaggle/input/datasets/matteocarnebella/cedar-signatures/signatures/signatures_47/original_47_3.png,original_47_3.png,genuine,0,writer_47,writer_47_sample_3,.png,ResNet50_Transfer,0.22848421,0,genuine,True
/kaggle/input/datasets/matteocarnebella/cedar-signatures/signatures/signatures_47/original_47_7.png,original_47_7.png,genuine,0,writer_47,writer_47_sample_7,.png,ResNet50_Transfer,0.021608446,0,genuine,True
/kaggle/input/datasets/matteocarnebella/cedar-signatures/signatures/signatures_47/forgeries_47_3.png,forgeries_47_3.png,forged,1,writer_47,writer_47_sample_3,.png,ResNet50_Transfer,0.51691103,1,forged,True
/kaggle/input/datasets/matteocarnebella/cedar-signatures/signatures/signatures_47/original_47_24.png,original_47_24.png,genuine,0,writer_47,writer_47_sample_24,.png,ResNet50_Transfer,0.1486484,0,genuine,True
/kaggle/input/datasets/matteocarnebella/cedar-signatures/signatures/signatures_47/forgeries_47_22.png,forgeries_47_22.png,forged,1,writer_47,writer_47_sample_22,.png,ResNet50_Transfer,0.58043784,1,forged,True
/kaggle/input/datasets/matteocarnebella/cedar-signatures/signatures/signatures_47/forgeries_47_21.png,forgeries_47_21.png,forged,1,writer_47,writer_47_sample_21,.png,ResNet50_Transfer,0.4781946,0,genuine,False
/kaggle/input/datasets/matteocarnebella/cedar-signatures/signatures/signatures_47/forgeries_47_6.png,forgeries_47_6.png,forged,1,writer_47,writer_47_sample_6,.png,ResNet50_Transfer,0.5857433,1,forged,True
/kaggle/input/datasets/matteocarnebella/cedar-signatures/signatures/signatures_47/original_47_23.png,original_47_23.png,genuine,0,writer_47,writer_47_sample_23,.png,ResNet50_Transfer,0.045977294,0,genuine,True
/kaggle/input/datasets/matteocarnebella/cedar-signatures/signatures/signatures_47/forgeries_47_20.png,forgeries_47_20.png,forged,1,writer_47,writer_47_sample_20,.png,ResNet50_Transfer,0.48719776,0,genuine,False
/kaggle/input/datasets/matteocarnebella/cedar-signatures/signatures/signatures_47/forgeries_47_18.png,forgeries_47_18.png,forged,1,writer_47,writer_47_sample_18,.png,ResNet50_Transfer,0.6054903,1,forged,True
/kaggle/input/datasets/matteocarnebella/cedar-signatures/signatures/signatures_47/forgeries_47_9.png,forgeries_47_9.png,forged,1,writer_47,writer_47_sample_9,.png,ResNet50_Transfer,0.6418798,1,forged,True
/kaggle/input/datasets/matteocarnebella/cedar-signatures/signatures/signatures_47/forgeries_47_4.png,forgeries_47_4.png,forged,1,writer_47,writer_47_sample_4,.png,ResNet50_Transfer,0.41037166,0,genuine,False
/kaggle/input/datasets/matteocarnebella/cedar-signatures/signatures/signatures_47/original_47_2.png,original_47_2.png,genuine,0,writer_47,writer_47_sample_2,.png,ResNet50_Transfer,0.026879283,0,genuine,True
/kaggle/input/datasets/matteocarnebella/cedar-signatures/signatures/signatures_47/original_47_17.png,original_47_17.png,genuine,0,writer_47,writer_47_sample_17,.png,ResNet50_Transfer,0.07189295,0,genuine,True
/kaggle/input/datasets/matteocarnebella/cedar-signatures/signatures/signatures_47/original_47_9.png,original_47_9.png,genuine,0,writer_47,writer_47_sample_9,.png,ResNet50_Transfer,0.014876091,0,genuine,True
/kaggle/input/datasets/matteocarnebella/cedar-signatures/signatures/signatures_47/forgeries_47_8.png,forgeries_47_8.png,forged,1,writer_47,writer_47_sample_8,.png,ResNet50_Transfer,0.51478076,1,forged,True
/kaggle/input/datasets/matteocarnebella/cedar-signatures/signatures/signatures_47/forgeries_47_2.png,forgeries_47_2.png,forged,1,writer_47,writer_47_sample_2,.png,ResNet50_Transfer,0.48242718,0,genuine,False
/kaggle/input/datasets/matteocarnebella/cedar-signatures/signatures/signatures_47/forgeries_47_16.png,forgeries_47_16.png,forged,1,writer_47,writer_47_sample_16,.png,ResNet50_Transfer,0.643989,1,forged,True
/kaggle/input/datasets/matteocarnebella/cedar-signatures/signatures/signatures_47/forgeries_47_15.png,forgeries_47_15.png,forged,1,writer_47,writer_47_sample_15,.png,ResNet50_Transfer,0.64621794,1,forged,True
/kaggle/input/datasets/matteocarnebella/cedar-signatures/signatures/signatures_47/forgeries_47_24.png,forgeries_47_24.png,forged,1,writer_47,writer_47_sample_24,.png,ResNet50_Transfer,0.52765805,1,forged,True
/kaggle/input/datasets/matteocarnebella/cedar-signatures/signatures/signatures_47/original_47_21.png,original_47_21.png,genuine,0,writer_47,writer_47_sample_21,.png,ResNet50_Transfer,0.20274268,0,genuine,True
/kaggle/input/datasets/matteocarnebella/cedar-signatures/signatures/signatures_47/original_47_12.png,original_47_12.png,genuine,0,writer_47,writer_47_sample_12,.png,ResNet50_Transfer,0.03932202,0,genuine,True
/kaggle/input/datasets/matteocarnebella/cedar-signatures/signatures/signatures_47/forgeries_47_11.png,forgeries_47_11.png,forged,1,writer_47,writer_47_sample_11,.png,ResNet50_Transfer,0.34335262,0,genuine,False
/kaggle/input/datasets/matteocarnebella/cedar-signatures/signatures/signatures_47/original_47_11.png,original_47_11.png,genuine,0,writer_47,writer_47_sample_11,.png,ResNet50_Transfer,0.044581406,0,genuine,True
/kaggle/input/datasets/matteocarnebella/cedar-signatures/signatures/signatures_47/forgeries_47_1.png,forgeries_47_1.png,forged,1,writer_47,writer_47_sample_1,.png,ResNet50_Transfer,0.4657679,0,genuine,False
/kaggle/input/datasets/matteocarnebella/cedar-signatures/signatures/signatures_47/forgeries_47_12.png,forgeries_47_12.png,forged,1,writer_47,writer_47_sample_12,.png,ResNet50_Transfer,0.5094439,1,forged,True
/kaggle/input/datasets/matteocarnebella/cedar-signatures/signatures/signatures_47/original_47_20.png,original_47_20.png,genuine,0,writer_47,writer_47_sample_20,.png,ResNet50_Transfer,0.15569796,0,genuine,True
/kaggle/input/datasets/matteocarnebella/cedar-signatures/signatures/signatures_47/original_47_6.png,original_47_6.png,genuine,0,writer_47,writer_47_sample_6,.png,ResNet50_Transfer,0.036909025,0,genuine,True
/kaggle/input/datasets/matteocarnebella/cedar-signatures/signatures/signatures_47/original_47_22.png,original_47_22.png,genuine,0,writer_47,writer_47_sample_22,.png,ResNet50_Transfer,0.078053474,0,genuine,True
/kaggle/input/datasets/matteocarnebella/cedar-signatures/signatures/signatures_47/original_47_16.png,original_47_16.png,genuine,0,writer_47,writer_47_sample_16,.png,ResNet50_Transfer,0.15117323,0,genuine,True
/kaggle/input/datasets/matteocarnebella/cedar-signatures/signatures/signatures_47/original_47_13.png,original_47_13.png,genuine,0,writer_47,writer_47_sample_13,.png,ResNet50_Transfer,0.12912838,0,genuine,True
/kaggle/input/datasets/matteocarnebella/cedar-signatures/signatures/signatures_47/forgeries_47_13.png,forgeries_47_13.png,forged,1,writer_47,writer_47_sample_13,.png,ResNet50_Transfer,0.5624612,1,forged,True
/kaggle/input/datasets/matteocarnebella/cedar-signatures/signatures/signatures_47/forgeries_47_10.png,forgeries_47_10.png,forged,1,writer_47,writer_47_sample_10,.png,ResNet50_Transfer,0.48136625,0,genuine,False
/kaggle/input/datasets/matteocarnebella/cedar-signatures/signatures/signatures_47/forgeries_47_17.png,forgeries_47_17.png,forged,1,writer_47,writer_47_sample_17,.png,ResNet50_Transfer,0.5533005,1,forged,True
/kaggle/input/datasets/matteocarnebella/cedar-signatures/signatures/signatures_47/original_47_5.png,original_47_5.png,genuine,0,writer_47,writer_47_sample_5,.png,ResNet50_Transfer,0.19201595,0,genuine,True
/kaggle/input/datasets/matteocarnebella/cedar-signatures/signatures/signatures_47/original_47_14.png,original_47_14.png,genuine,0,writer_47,writer_47_sample_14,.png,ResNet50_Transfer,0.2278408,0,genuine,True
/kaggle/input/datasets/matteocarnebella/cedar-signatures/signatures/signatures_47/original_47_1.png,original_47_1.png,genuine,0,writer_47,writer_47_sample_1,.png,ResNet50_Transfer,0.071466,0,genuine,True
/kaggle/input/datasets/matteocarnebella/cedar-signatures/signatures/signatures_47/original_47_10.png,original_47_10.png,genuine,0,writer_47,writer_47_sample_10,.png,ResNet50_Transfer,0.046113886,0,genuine,True
/kaggle/input/datasets/matteocarnebella/cedar-signatures/signatures/signatures_47/original_47_8.png,original_47_8.png,genuine,0,writer_47,writer_47_sample_8,.png,ResNet50_Transfer,0.047252752,0,genuine,True
/kaggle/input/datasets/matteocarnebella/cedar-signatures/signatures/signatures_33/forgeries_33_20.png,forgeries_33_20.png,forged,1,writer_33,writer_33_sample_20,.png,ResNet50_Transfer,0.39062512,0,genuine,False
/kaggle/input/datasets/matteocarnebella/cedar-signatures/signatures/signatures_33/original_33_17.png,original_33_17.png,genuine,0,writer_33,writer_33_sample_17,.png,ResNet50_Transfer,0.01992987,0,genuine,True
/kaggle/input/datasets/matteocarnebella/cedar-signatures/signatures/signatures_33/original_33_15.png,original_33_15.png,genuine,0,writer_33,writer_33_sample_15,.png,ResNet50_Transfer,0.060981788,0,genuine,True
/kaggle/input/datasets/matteocarnebella/cedar-signatures/signatures/signatures_33/original_33_9.png,original_33_9.png,genuine,0,writer_33,writer_33_sample_9,.png,ResNet50_Transfer,0.045176126,0,genuine,True
/kaggle/input/datasets/matteocarnebella/cedar-signatures/signatures/signatures_33/forgeries_33_5.png,forgeries_33_5.png,forged,1,writer_33,writer_33_sample_5,.png,ResNet50_Transfer,0.733785,1,forged,True
/kaggle/input/datasets/matteocarnebella/cedar-signatures/signatures/signatures_33/original_33_4.png,original_33_4.png,genuine,0,writer_33,writer_33_sample_4,.png,ResNet50_Transfer,0.0611604,0,genuine,True
/kaggle/input/datasets/matteocarnebella/cedar-signatures/signatures/signatures_33/forgeries_33_4.png,forgeries_33_4.png,forged,1,writer_33,writer_33_sample_4,.png,ResNet50_Transfer,0.43245402,0,genuine,False
/kaggle/input/datasets/matteocarnebella/cedar-signatures/signatures/signatures_33/forgeries_33_14.png,forgeries_33_14.png,forged,1,writer_33,writer_33_sample_14,.png,ResNet50_Transfer,0.45249298,0,genuine,False
/kaggle/input/datasets/matteocarnebella/cedar-signatures/signatures/signatures_33/forgeries_33_13.png,forgeries_33_13.png,forged,1,writer_33,writer_33_sample_13,.png,ResNet50_Transfer,0.30037335,0,genuine,False
/kaggle/input/datasets/matteocarnebella/cedar-signatures/signatures/signatures_33/forgeries_33_24.png,forgeries_33_24.png,forged,1,writer_33,writer_33_sample_24,.png,ResNet50_Transfer,0.29340577,0,genuine,False
/kaggle/input/datasets/matteocarnebella/cedar-signatures/signatures/signatures_33/original_33_18.png,original_33_18.png,genuine,0,writer_33,writer_33_sample_18,.png,ResNet50_Transfer,0.14409834,0,genuine,True
/kaggle/input/datasets/matteocarnebella/cedar-signatures/signatures/signatures_33/original_33_3.png,original_33_3.png,genuine,0,writer_33,writer_33_sample_3,.png,ResNet50_Transfer,0.055148102,0,genuine,True
/kaggle/input/datasets/matteocarnebella/cedar-signatures/signatures/signatures_33/original_33_19.png,original_33_19.png,genuine,0,writer_33,writer_33_sample_19,.png,ResNet50_Transfer,0.07877472,0,genuine,True
/kaggle/input/datasets/matteocarnebella/cedar-signatures/signatures/signatures_33/original_33_11.png,original_33_11.png,genuine,0,writer_33,writer_33_sample_11,.png,ResNet50_Transfer,0.07437983,0,genuine,True
/kaggle/input/datasets/matteocarnebella/cedar-signatures/signatures/signatures_33/original_33_20.png,original_33_20.png,genuine,0,writer_33,writer_33_sample_20,.png,ResNet50_Transfer,0.060535222,0,genuine,True
/kaggle/input/datasets/matteocarnebella/cedar-signatures/signatures/signatures_33/original_33_13.png,original_33_13.png,genuine,0,writer_33,writer_33_sample_13,.png,ResNet50_Transfer,0.013197784,0,genuine,True
/kaggle/input/datasets/matteocarnebella/cedar-signatures/signatures/signatures_33/forgeries_33_15.png,forgeries_33_15.png,forged,1,writer_33,writer_33_sample_15,.png,ResNet50_Transfer,0.26838538,0,genuine,False
/kaggle/input/datasets/matteocarnebella/cedar-signatures/signatures/signatures_33/original_33_24.png,original_33_24.png,genuine,0,writer_33,writer_33_sample_24,.png,ResNet50_Transfer,0.12178518,0,genuine,True
/kaggle/input/datasets/matteocarnebella/cedar-signatures/signatures/signatures_33/original_33_7.png,original_33_7.png,genuine,0,writer_33,writer_33_sample_7,.png,ResNet50_Transfer,0.01330013,0,genuine,True
/kaggle/input/datasets/matteocarnebella/cedar-signatures/signatures/signatures_33/forgeries_33_21.png,forgeries_33_21.png,forged,1,writer_33,writer_33_sample_21,.png,ResNet50_Transfer,0.5545592,1,forged,True
/kaggle/input/datasets/matteocarnebella/cedar-signatures/signatures/signatures_33/original_33_5.png,original_33_5.png,genuine,0,writer_33,writer_33_sample_5,.png,ResNet50_Transfer,0.030866137,0,genuine,True
/kaggle/input/datasets/matteocarnebella/cedar-signatures/signatures/signatures_33/original_33_22.png,original_33_22.png,genuine,0,writer_33,writer_33_sample_22,.png,ResNet50_Transfer,0.02261807,0,genuine,True
/kaggle/input/datasets/matteocarnebella/cedar-signatures/signatures/signatures_33/forgeries_33_17.png,forgeries_33_17.png,forged,1,writer_33,writer_33_sample_17,.png,ResNet50_Transfer,0.52937096,1,forged,True
/kaggle/input/datasets/matteocarnebella/cedar-signatures/signatures/signatures_33/forgeries_33_18.png,forgeries_33_18.png,forged,1,writer_33,writer_33_sample_18,.png,ResNet50_Transfer,0.11969641,0,genuine,False
/kaggle/input/datasets/matteocarnebella/cedar-signatures/signatures/signatures_33/original_33_1.png,original_33_1.png,genuine,0,writer_33,writer_33_sample_1,.png,ResNet50_Transfer,0.0282533,0,genuine,True
/kaggle/input/datasets/matteocarnebella/cedar-signatures/signatures/signatures_33/forgeries_33_7.png,forgeries_33_7.png,forged,1,writer_33,writer_33_sample_7,.png,ResNet50_Transfer,0.71026677,1,forged,True
/kaggle/input/datasets/matteocarnebella/cedar-signatures/signatures/signatures_33/original_33_8.png,original_33_8.png,genuine,0,writer_33,writer_33_sample_8,.png,ResNet50_Transfer,0.05058662,0,genuine,True
/kaggle/input/datasets/matteocarnebella/cedar-signatures/signatures/signatures_33/forgeries_33_3.png,forgeries_33_3.png,forged,1,writer_33,writer_33_sample_3,.png,ResNet50_Transfer,0.68850535,1,forged,True
/kaggle/input/datasets/matteocarnebella/cedar-signatures/signatures/signatures_33/forgeries_33_11.png,forgeries_33_11.png,forged,1,writer_33,writer_33_sample_11,.png,ResNet50_Transfer,0.7789252,1,forged,True
/kaggle/input/datasets/matteocarnebella/cedar-signatures/signatures/signatures_33/original_33_14.png,original_33_14.png,genuine,0,writer_33,writer_33_sample_14,.png,ResNet50_Transfer,0.038692646,0,genuine,True
/kaggle/input/datasets/matteocarnebella/cedar-signatures/signatures/signatures_33/original_33_23.png,original_33_23.png,genuine,0,writer_33,writer_33_sample_23,.png,ResNet50_Transfer,0.091905914,0,genuine,True
/kaggle/input/datasets/matteocarnebella/cedar-signatures/signatures/signatures_33/forgeries_33_8.png,forgeries_33_8.png,forged,1,writer_33,writer_33_sample_8,.png,ResNet50_Transfer,0.8139883,1,forged,True
/kaggle/input/datasets/matteocarnebella/cedar-signatures/signatures/signatures_33/original_33_21.png,original_33_21.png,genuine,0,writer_33,writer_33_sample_21,.png,ResNet50_Transfer,0.01501879,0,genuine,True
/kaggle/input/datasets/matteocarnebella/cedar-signatures/signatures/signatures_33/forgeries_33_9.png,forgeries_33_9.png,forged,1,writer_33,writer_33_sample_9,.png,ResNet50_Transfer,0.42321187,0,genuine,False
/kaggle/input/datasets/matteocarnebella/cedar-signatures/signatures/signatures_33/original_33_2.png,original_33_2.png,genuine,0,writer_33,writer_33_sample_2,.png,ResNet50_Transfer,0.04595452,0,genuine,True
/kaggle/input/datasets/matteocarnebella/cedar-signatures/signatures/signatures_33/forgeries_33_22.png,forgeries_33_22.png,forged,1,writer_33,writer_33_sample_22,.png,ResNet50_Transfer,0.4169038,0,genuine,False
/kaggle/input/datasets/matteocarnebella/cedar-signatures/signatures/signatures_33/forgeries_33_23.png,forgeries_33_23.png,forged,1,writer_33,writer_33_sample_23,.png,ResNet50_Transfer,0.50296205,1,forged,True
/kaggle/input/datasets/matteocarnebella/cedar-signatures/signatures/signatures_33/original_33_10.png,original_33_10.png,genuine,0,writer_33,writer_33_sample_10,.png,ResNet50_Transfer,0.0375457,0,genuine,True
/kaggle/input/datasets/matteocarnebella/cedar-signatures/signatures/signatures_33/forgeries_33_6.png,forgeries_33_6.png,forged,1,writer_33,writer_33_sample_6,.png,ResNet50_Transfer,0.8671379,1,forged,True
/kaggle/input/datasets/matteocarnebella/cedar-signatures/signatures/signatures_33/original_33_6.png,original_33_6.png,genuine,0,writer_33,writer_33_sample_6,.png,ResNet50_Transfer,0.053305272,0,genuine,True
/kaggle/input/datasets/matteocarnebella/cedar-signatures/signatures/signatures_33/original_33_12.png,original_33_12.png,genuine,0,writer_33,writer_33_sample_12,.png,ResNet50_Transfer,0.15126775,0,genuine,True
/kaggle/input/datasets/matteocarnebella/cedar-signatures/signatures/signatures_33/forgeries_33_2.png,forgeries_33_2.png,forged,1,writer_33,writer_33_sample_2,.png,ResNet50_Transfer,0.5209902,1,forged,True
/kaggle/input/datasets/matteocarnebella/cedar-signatures/signatures/signatures_33/original_33_16.png,original_33_16.png,genuine,0,writer_33,writer_33_sample_16,.png,ResNet50_Transfer,0.10480366,0,genuine,True
/kaggle/input/datasets/matteocarnebella/cedar-signatures/signatures/signatures_33/forgeries_33_10.png,forgeries_33_10.png,forged,1,writer_33,writer_33_sample_10,.png,ResNet50_Transfer,0.7620663,1,forged,True
/kaggle/input/datasets/matteocarnebella/cedar-signatures/signatures/signatures_33/forgeries_33_1.png,forgeries_33_1.png,forged,1,writer_33,writer_33_sample_1,.png,ResNet50_Transfer,0.54348904,1,forged,True
/kaggle/input/datasets/matteocarnebella/cedar-signatures/signatures/signatures_33/forgeries_33_19.png,forgeries_33_19.png,forged,1,writer_33,writer_33_sample_19,.png,ResNet50_Transfer,0.3463043,0,genuine,False
/kaggle/input/datasets/matteocarnebella/cedar-signatures/signatures/signatures_33/forgeries_33_16.png,forgeries_33_16.png,forged,1,writer_33,writer_33_sample_16,.png,ResNet50_Transfer,0.1614729,0,genuine,False
/kaggle/input/datasets/matteocarnebella/cedar-signatures/signatures/signatures_33/forgeries_33_12.png,forgeries_33_12.png,forged,1,writer_33,writer_33_sample_12,.png,ResNet50_Transfer,0.56158096,1,forged,True
/kaggle/input/datasets/matteocarnebella/cedar-signatures/signatures/signatures_15/forgeries_15_24.png,forgeries_15_24.png,forged,1,writer_15,writer_15_sample_24,.png,ResNet50_Transfer,0.7561102,1,forged,True
/kaggle/input/datasets/matteocarnebella/cedar-signatures/signatures/signatures_15/original_15_6.png,original_15_6.png,genuine,0,writer_15,writer_15_sample_6,.png,ResNet50_Transfer,0.04587148,0,genuine,True
/kaggle/input/datasets/matteocarnebella/cedar-signatures/signatures/signatures_15/forgeries_15_22.png,forgeries_15_22.png,forged,1,writer_15,writer_15_sample_22,.png,ResNet50_Transfer,0.71319616,1,forged,True
/kaggle/input/datasets/matteocarnebella/cedar-signatures/signatures/signatures_15/original_15_7.png,original_15_7.png,genuine,0,writer_15,writer_15_sample_7,.png,ResNet50_Transfer,0.07138807,0,genuine,True
/kaggle/input/datasets/matteocarnebella/cedar-signatures/signatures/signatures_15/forgeries_15_3.png,forgeries_15_3.png,forged,1,writer_15,writer_15_sample_3,.png,ResNet50_Transfer,0.7040059,1,forged,True
/kaggle/input/datasets/matteocarnebella/cedar-signatures/signatures/signatures_15/forgeries_15_2.png,forgeries_15_2.png,forged,1,writer_15,writer_15_sample_2,.png,ResNet50_Transfer,0.7853007,1,forged,True
/kaggle/input/datasets/matteocarnebella/cedar-signatures/signatures/signatures_15/forgeries_15_21.png,forgeries_15_21.png,forged,1,writer_15,writer_15_sample_21,.png,ResNet50_Transfer,0.68005216,1,forged,True
/kaggle/input/datasets/matteocarnebella/cedar-signatures/signatures/signatures_15/original_15_15.png,original_15_15.png,genuine,0,writer_15,writer_15_sample_15,.png,ResNet50_Transfer,0.03562413,0,genuine,True
/kaggle/input/datasets/matteocarnebella/cedar-signatures/signatures/signatures_15/forgeries_15_8.png,forgeries_15_8.png,forged,1,writer_15,writer_15_sample_8,.png,ResNet50_Transfer,0.87002313,1,forged,True
/kaggle/input/datasets/matteocarnebella/cedar-signatures/signatures/signatures_15/forgeries_15_1.png,forgeries_15_1.png,forged,1,writer_15,writer_15_sample_1,.png,ResNet50_Transfer,0.62309825,1,forged,True
/kaggle/input/datasets/matteocarnebella/cedar-signatures/signatures/signatures_15/original_15_11.png,original_15_11.png,genuine,0,writer_15,writer_15_sample_11,.png,ResNet50_Transfer,0.024802594,0,genuine,True
/kaggle/input/datasets/matteocarnebella/cedar-signatures/signatures/signatures_15/forgeries_15_13.png,forgeries_15_13.png,forged,1,writer_15,writer_15_sample_13,.png,ResNet50_Transfer,0.73665315,1,forged,True
/kaggle/input/datasets/matteocarnebella/cedar-signatures/signatures/signatures_15/forgeries_15_10.png,forgeries_15_10.png,forged,1,writer_15,writer_15_sample_10,.png,ResNet50_Transfer,0.82281524,1,forged,True
/kaggle/input/datasets/matteocarnebella/cedar-signatures/signatures/signatures_15/forgeries_15_18.png,forgeries_15_18.png,forged,1,writer_15,writer_15_sample_18,.png,ResNet50_Transfer,0.83448416,1,forged,True
/kaggle/input/datasets/matteocarnebella/cedar-signatures/signatures/signatures_15/original_15_22.png,original_15_22.png,genuine,0,writer_15,writer_15_sample_22,.png,ResNet50_Transfer,0.017912596,0,genuine,True
/kaggle/input/datasets/matteocarnebella/cedar-signatures/signatures/signatures_15/forgeries_15_6.png,forgeries_15_6.png,forged,1,writer_15,writer_15_sample_6,.png,ResNet50_Transfer,0.7526438,1,forged,True
/kaggle/input/datasets/matteocarnebella/cedar-signatures/signatures/signatures_15/forgeries_15_9.png,forgeries_15_9.png,forged,1,writer_15,writer_15_sample_9,.png,ResNet50_Transfer,0.6704352,1,forged,True
/kaggle/input/datasets/matteocarnebella/cedar-signatures/signatures/signatures_15/forgeries_15_7.png,forgeries_15_7.png,forged,1,writer_15,writer_15_sample_7,.png,ResNet50_Transfer,0.82740587,1,forged,True
/kaggle/input/datasets/matteocarnebella/cedar-signatures/signatures/signatures_15/original_15_23.png,original_15_23.png,genuine,0,writer_15,writer_15_sample_23,.png,ResNet50_Transfer,0.026237823,0,genuine,True
/kaggle/input/datasets/matteocarnebella/cedar-signatures/signatures/signatures_15/forgeries_15_14.png,forgeries_15_14.png,forged,1,writer_15,writer_15_sample_14,.png,ResNet50_Transfer,0.68907934,1,forged,True
/kaggle/input/datasets/matteocarnebella/cedar-signatures/signatures/signatures_15/original_15_4.png,original_15_4.png,genuine,0,writer_15,writer_15_sample_4,.png,ResNet50_Transfer,0.024109699,0,genuine,True
/kaggle/input/datasets/matteocarnebella/cedar-signatures/signatures/signatures_15/original_15_5.png,original_15_5.png,genuine,0,writer_15,writer_15_sample_5,.png,ResNet50_Transfer,0.02020931,0,genuine,True
/kaggle/input/datasets/matteocarnebella/cedar-signatures/signatures/signatures_15/original_15_2.png,original_15_2.png,genuine,0,writer_15,writer_15_sample_2,.png,ResNet50_Transfer,0.025490154,0,genuine,True
/kaggle/input/datasets/matteocarnebella/cedar-signatures/signatures/signatures_15/forgeries_15_15.png,forgeries_15_15.png,forged,1,writer_15,writer_15_sample_15,.png,ResNet50_Transfer,0.8484872,1,forged,True
/kaggle/input/datasets/matteocarnebella/cedar-signatures/signatures/signatures_15/original_15_9.png,original_15_9.png,genuine,0,writer_15,writer_15_sample_9,.png,ResNet50_Transfer,0.055706013,0,genuine,True
/kaggle/input/datasets/matteocarnebella/cedar-signatures/signatures/signatures_15/forgeries_15_20.png,forgeries_15_20.png,forged,1,writer_15,writer_15_sample_20,.png,ResNet50_Transfer,0.71708864,1,forged,True
/kaggle/input/datasets/matteocarnebella/cedar-signatures/signatures/signatures_15/original_15_19.png,original_15_19.png,genuine,0,writer_15,writer_15_sample_19,.png,ResNet50_Transfer,0.019139858,0,genuine,True
/kaggle/input/datasets/matteocarnebella/cedar-signatures/signatures/signatures_15/forgeries_15_19.png,forgeries_15_19.png,forged,1,writer_15,writer_15_sample_19,.png,ResNet50_Transfer,0.7010612,1,forged,True
/kaggle/input/datasets/matteocarnebella/cedar-signatures/signatures/signatures_15/original_15_8.png,original_15_8.png,genuine,0,writer_15,writer_15_sample_8,.png,ResNet50_Transfer,0.029679524,0,genuine,True
/kaggle/input/datasets/matteocarnebella/cedar-signatures/signatures/signatures_15/original_15_17.png,original_15_17.png,genuine,0,writer_15,writer_15_sample_17,.png,ResNet50_Transfer,0.046051037,0,genuine,True
/kaggle/input/datasets/matteocarnebella/cedar-signatures/signatures/signatures_15/original_15_14.png,original_15_14.png,genuine,0,writer_15,writer_15_sample_14,.png,ResNet50_Transfer,0.013963993,0,genuine,True
/kaggle/input/datasets/matteocarnebella/cedar-signatures/signatures/signatures_15/original_15_13.png,original_15_13.png,genuine,0,writer_15,writer_15_sample_13,.png,ResNet50_Transfer,0.01037379,0,genuine,True
/kaggle/input/datasets/matteocarnebella/cedar-signatures/signatures/signatures_15/original_15_10.png,original_15_10.png,genuine,0,writer_15,writer_15_sample_10,.png,ResNet50_Transfer,0.026066411,0,genuine,True
/kaggle/input/datasets/matteocarnebella/cedar-signatures/signatures/signatures_15/forgeries_15_17.png,forgeries_15_17.png,forged,1,writer_15,writer_15_sample_17,.png,ResNet50_Transfer,0.7969594,1,forged,True
/kaggle/input/datasets/matteocarnebella/cedar-signatures/signatures/signatures_15/original_15_24.png,original_15_24.png,genuine,0,writer_15,writer_15_sample_24,.png,ResNet50_Transfer,0.09930036,0,genuine,True
/kaggle/input/datasets/matteocarnebella/cedar-signatures/signatures/signatures_15/forgeries_15_16.png,forgeries_15_16.png,forged,1,writer_15,writer_15_sample_16,.png,ResNet50_Transfer,0.5022861,1,forged,True
/kaggle/input/datasets/matteocarnebella/cedar-signatures/signatures/signatures_15/original_15_21.png,original_15_21.png,genuine,0,writer_15,writer_15_sample_21,.png,ResNet50_Transfer,0.016925732,0,genuine,True
/kaggle/input/datasets/matteocarnebella/cedar-signatures/signatures/signatures_15/forgeries_15_5.png,forgeries_15_5.png,forged,1,writer_15,writer_15_sample_5,.png,ResNet50_Transfer,0.7074364,1,forged,True
/kaggle/input/datasets/matteocarnebella/cedar-signatures/signatures/signatures_15/original_15_20.png,original_15_20.png,genuine,0,writer_15,writer_15_sample_20,.png,ResNet50_Transfer,0.05184105,0,genuine,True
/kaggle/input/datasets/matteocarnebella/cedar-signatures/signatures/signatures_15/original_15_16.png,original_15_16.png,genuine,0,writer_15,writer_15_sample_16,.png,ResNet50_Transfer,0.048492074,0,genuine,True
/kaggle/input/datasets/matteocarnebella/cedar-signatures/signatures/signatures_15/forgeries_15_12.png,forgeries_15_12.png,forged,1,writer_15,writer_15_sample_12,.png,ResNet50_Transfer,0.576336,1,forged,True
/kaggle/input/datasets/matteocarnebella/cedar-signatures/signatures/signatures_15/original_15_18.png,original_15_18.png,genuine,0,writer_15,writer_15_sample_18,.png,ResNet50_Transfer,0.044472564,0,genuine,True
/kaggle/input/datasets/matteocarnebella/cedar-signatures/signatures/signatures_15/original_15_3.png,original_15_3.png,genuine,0,writer_15,writer_15_sample_3,.png,ResNet50_Transfer,0.049524598,0,genuine,True
/kaggle/input/datasets/matteocarnebella/cedar-signatures/signatures/signatures_15/original_15_12.png,original_15_12.png,genuine,0,writer_15,writer_15_sample_12,.png,ResNet50_Transfer,0.08091004,0,genuine,True
/kaggle/input/datasets/matteocarnebella/cedar-signatures/signatures/signatures_15/forgeries_15_4.png,forgeries_15_4.png,forged,1,writer_15,writer_15_sample_4,.png,ResNet50_Transfer,0.8264086,1,forged,True
/kaggle/input/datasets/matteocarnebella/cedar-signatures/signatures/signatures_15/forgeries_15_11.png,forgeries_15_11.png,forged,1,writer_15,writer_15_sample_11,.png,ResNet50_Transfer,0.5350858,1,forged,True
/kaggle/input/datasets/matteocarnebella/cedar-signatures/signatures/signatures_15/original_15_1.png,original_15_1.png,genuine,0,writer_15,writer_15_sample_1,.png,ResNet50_Transfer,0.106071614,0,genuine,True
/kaggle/input/datasets/matteocarnebella/cedar-signatures/signatures/signatures_15/forgeries_15_23.png,forgeries_15_23.png,forged,1,writer_15,writer_15_sample_23,.png,ResNet50_Transfer,0.74799937,1,forged,True
/kaggle/input/datasets/matteocarnebella/cedar-signatures/signatures/signatures_4/forgeries_4_17.png,forgeries_4_17.png,forged,1,writer_4,writer_4_sample_17,.png,ResNet50_Transfer,0.6476008,1,forged,True
/kaggle/input/datasets/matteocarnebella/cedar-signatures/signatures/signatures_4/original_4_3.png,original_4_3.png,genuine,0,writer_4,writer_4_sample_3,.png,ResNet50_Transfer,0.14210103,0,genuine,True
/kaggle/input/datasets/matteocarnebella/cedar-signatures/signatures/signatures_4/forgeries_4_9.png,forgeries_4_9.png,forged,1,writer_4,writer_4_sample_9,.png,ResNet50_Transfer,0.27364248,0,genuine,False
/kaggle/input/datasets/matteocarnebella/cedar-signatures/signatures/signatures_4/original_4_12.png,original_4_12.png,genuine,0,writer_4,writer_4_sample_12,.png,ResNet50_Transfer,0.15521829,0,genuine,True
/kaggle/input/datasets/matteocarnebella/cedar-signatures/signatures/signatures_4/original_4_10.png,original_4_10.png,genuine,0,writer_4,writer_4_sample_10,.png,ResNet50_Transfer,0.025113225,0,genuine,True
/kaggle/input/datasets/matteocarnebella/cedar-signatures/signatures/signatures_4/forgeries_4_16.png,forgeries_4_16.png,forged,1,writer_4,writer_4_sample_16,.png,ResNet50_Transfer,0.65769964,1,forged,True
/kaggle/input/datasets/matteocarnebella/cedar-signatures/signatures/signatures_4/original_4_11.png,original_4_11.png,genuine,0,writer_4,writer_4_sample_11,.png,ResNet50_Transfer,0.050297745,0,genuine,True
/kaggle/input/datasets/matteocarnebella/cedar-signatures/signatures/signatures_4/forgeries_4_2.png,forgeries_4_2.png,forged,1,writer_4,writer_4_sample_2,.png,ResNet50_Transfer,0.6632818,1,forged,True
/kaggle/input/datasets/matteocarnebella/cedar-signatures/signatures/signatures_4/forgeries_4_1.png,forgeries_4_1.png,forged,1,writer_4,writer_4_sample_1,.png,ResNet50_Transfer,0.3411056,0,genuine,False
/kaggle/input/datasets/matteocarnebella/cedar-signatures/signatures/signatures_4/original_4_9.png,original_4_9.png,genuine,0,writer_4,writer_4_sample_9,.png,ResNet50_Transfer,0.038580216,0,genuine,True
/kaggle/input/datasets/matteocarnebella/cedar-signatures/signatures/signatures_4/forgeries_4_18.png,forgeries_4_18.png,forged,1,writer_4,writer_4_sample_18,.png,ResNet50_Transfer,0.424554,0,genuine,False
/kaggle/input/datasets/matteocarnebella/cedar-signatures/signatures/signatures_4/original_4_24.png,original_4_24.png,genuine,0,writer_4,writer_4_sample_24,.png,ResNet50_Transfer,0.17345366,0,genuine,True
/kaggle/input/datasets/matteocarnebella/cedar-signatures/signatures/signatures_4/original_4_19.png,original_4_19.png,genuine,0,writer_4,writer_4_sample_19,.png,ResNet50_Transfer,0.11090578,0,genuine,True
/kaggle/input/datasets/matteocarnebella/cedar-signatures/signatures/signatures_4/original_4_13.png,original_4_13.png,genuine,0,writer_4,writer_4_sample_13,.png,ResNet50_Transfer,0.06316911,0,genuine,True
/kaggle/input/datasets/matteocarnebella/cedar-signatures/signatures/signatures_4/original_4_23.png,original_4_23.png,genuine,0,writer_4,writer_4_sample_23,.png,ResNet50_Transfer,0.026727641,0,genuine,True
/kaggle/input/datasets/matteocarnebella/cedar-signatures/signatures/signatures_4/forgeries_4_10.png,forgeries_4_10.png,forged,1,writer_4,writer_4_sample_10,.png,ResNet50_Transfer,0.5320106,1,forged,True
/kaggle/input/datasets/matteocarnebella/cedar-signatures/signatures/signatures_4/forgeries_4_4.png,forgeries_4_4.png,forged,1,writer_4,writer_4_sample_4,.png,ResNet50_Transfer,0.29096872,0,genuine,False
/kaggle/input/datasets/matteocarnebella/cedar-signatures/signatures/signatures_4/original_4_7.png,original_4_7.png,genuine,0,writer_4,writer_4_sample_7,.png,ResNet50_Transfer,0.100063466,0,genuine,True
/kaggle/input/datasets/matteocarnebella/cedar-signatures/signatures/signatures_4/original_4_6.png,original_4_6.png,genuine,0,writer_4,writer_4_sample_6,.png,ResNet50_Transfer,0.22775647,0,genuine,True
/kaggle/input/datasets/matteocarnebella/cedar-signatures/signatures/signatures_4/forgeries_4_23.png,forgeries_4_23.png,forged,1,writer_4,writer_4_sample_23,.png,ResNet50_Transfer,0.5498906,1,forged,True
/kaggle/input/datasets/matteocarnebella/cedar-signatures/signatures/signatures_4/forgeries_4_3.png,forgeries_4_3.png,forged,1,writer_4,writer_4_sample_3,.png,ResNet50_Transfer,0.32567415,0,genuine,False
/kaggle/input/datasets/matteocarnebella/cedar-signatures/signatures/signatures_4/forgeries_4_6.png,forgeries_4_6.png,forged,1,writer_4,writer_4_sample_6,.png,ResNet50_Transfer,0.4256425,0,genuine,False
/kaggle/input/datasets/matteocarnebella/cedar-signatures/signatures/signatures_4/original_4_5.png,original_4_5.png,genuine,0,writer_4,writer_4_sample_5,.png,ResNet50_Transfer,0.20402236,0,genuine,True
/kaggle/input/datasets/matteocarnebella/cedar-signatures/signatures/signatures_4/forgeries_4_22.png,forgeries_4_22.png,forged,1,writer_4,writer_4_sample_22,.png,ResNet50_Transfer,0.5261652,1,forged,True
/kaggle/input/datasets/matteocarnebella/cedar-signatures/signatures/signatures_4/forgeries_4_19.png,forgeries_4_19.png,forged,1,writer_4,writer_4_sample_19,.png,ResNet50_Transfer,0.5889782,1,forged,True
/kaggle/input/datasets/matteocarnebella/cedar-signatures/signatures/signatures_4/forgeries_4_11.png,forgeries_4_11.png,forged,1,writer_4,writer_4_sample_11,.png,ResNet50_Transfer,0.860797,1,forged,True
/kaggle/input/datasets/matteocarnebella/cedar-signatures/signatures/signatures_4/original_4_18.png,original_4_18.png,genuine,0,writer_4,writer_4_sample_18,.png,ResNet50_Transfer,0.12985577,0,genuine,True
/kaggle/input/datasets/matteocarnebella/cedar-signatures/signatures/signatures_4/forgeries_4_14.png,forgeries_4_14.png,forged,1,writer_4,writer_4_sample_14,.png,ResNet50_Transfer,0.45367876,0,genuine,False
/kaggle/input/datasets/matteocarnebella/cedar-signatures/signatures/signatures_4/forgeries_4_5.png,forgeries_4_5.png,forged,1,writer_4,writer_4_sample_5,.png,ResNet50_Transfer,0.8279419,1,forged,True
/kaggle/input/datasets/matteocarnebella/cedar-signatures/signatures/signatures_4/original_4_16.png,original_4_16.png,genuine,0,writer_4,writer_4_sample_16,.png,ResNet50_Transfer,0.108822875,0,genuine,True
/kaggle/input/datasets/matteocarnebella/cedar-signatures/signatures/signatures_4/forgeries_4_15.png,forgeries_4_15.png,forged,1,writer_4,writer_4_sample_15,.png,ResNet50_Transfer,0.44661182,0,genuine,False
/kaggle/input/datasets/matteocarnebella/cedar-signatures/signatures/signatures_4/original_4_1.png,original_4_1.png,genuine,0,writer_4,writer_4_sample_1,.png,ResNet50_Transfer,0.11991262,0,genuine,True
/kaggle/input/datasets/matteocarnebella/cedar-signatures/signatures/signatures_4/original_4_4.png,original_4_4.png,genuine,0,writer_4,writer_4_sample_4,.png,ResNet50_Transfer,0.07016645,0,genuine,True
/kaggle/input/datasets/matteocarnebella/cedar-signatures/signatures/signatures_4/original_4_20.png,original_4_20.png,genuine,0,writer_4,writer_4_sample_20,.png,ResNet50_Transfer,0.03003527,0,genuine,True
/kaggle/input/datasets/matteocarnebella/cedar-signatures/signatures/signatures_4/original_4_14.png,original_4_14.png,genuine,0,writer_4,writer_4_sample_14,.png,ResNet50_Transfer,0.08243075,0,genuine,True
/kaggle/input/datasets/matteocarnebella/cedar-signatures/signatures/signatures_4/original_4_15.png,original_4_15.png,genuine,0,writer_4,writer_4_sample_15,.png,ResNet50_Transfer,0.06052845,0,genuine,True
/kaggle/input/datasets/matteocarnebella/cedar-signatures/signatures/signatures_4/original_4_8.png,original_4_8.png,genuine,0,writer_4,writer_4_sample_8,.png,ResNet50_Transfer,0.15136132,0,genuine,True
/kaggle/input/datasets/matteocarnebella/cedar-signatures/signatures/signatures_4/forgeries_4_13.png,forgeries_4_13.png,forged,1,writer_4,writer_4_sample_13,.png,ResNet50_Transfer,0.62562305,1,forged,True
/kaggle/input/datasets/matteocarnebella/cedar-signatures/signatures/signatures_4/forgeries_4_20.png,forgeries_4_20.png,forged,1,writer_4,writer_4_sample_20,.png,ResNet50_Transfer,0.24633548,0,genuine,False
/kaggle/input/datasets/matteocarnebella/cedar-signatures/signatures/signatures_4/forgeries_4_8.png,forgeries_4_8.png,forged,1,writer_4,writer_4_sample_8,.png,ResNet50_Transfer,0.34208682,0,genuine,False
/kaggle/input/datasets/matteocarnebella/cedar-signatures/signatures/signatures_4/original_4_2.png,original_4_2.png,genuine,0,writer_4,writer_4_sample_2,.png,ResNet50_Transfer,0.0758659,0,genuine,True
/kaggle/input/datasets/matteocarnebella/cedar-signatures/signatures/signatures_4/original_4_21.png,original_4_21.png,genuine,0,writer_4,writer_4_sample_21,.png,ResNet50_Transfer,0.04045647,0,genuine,True
/kaggle/input/datasets/matteocarnebella/cedar-signatures/signatures/signatures_4/original_4_17.png,original_4_17.png,genuine,0,writer_4,writer_4_sample_17,.png,ResNet50_Transfer,0.027535792,0,genuine,True
/kaggle/input/datasets/matteocarnebella/cedar-signatures/signatures/signatures_4/forgeries_4_21.png,forgeries_4_21.png,forged,1,writer_4,writer_4_sample_21,.png,ResNet50_Transfer,0.4103391,0,genuine,False
/kaggle/input/datasets/matteocarnebella/cedar-signatures/signatures/signatures_4/original_4_22.png,original_4_22.png,genuine,0,writer_4,writer_4_sample_22,.png,ResNet50_Transfer,0.03508832,0,genuine,True
/kaggle/input/datasets/matteocarnebella/cedar-signatures/signatures/signatures_4/forgeries_4_12.png,forgeries_4_12.png,forged,1,writer_4,writer_4_sample_12,.png,ResNet50_Transfer,0.3100946,0,genuine,False
/kaggle/input/datasets/matteocarnebella/cedar-signatures/signatures/signatures_4/forgeries_4_7.png,forgeries_4_7.png,forged,1,writer_4,writer_4_sample_7,.png,ResNet50_Transfer,0.32060337,0,genuine,False
/kaggle/input/datasets/matteocarnebella/cedar-signatures/signatures/signatures_4/forgeries_4_24.png,forgeries_4_24.png,forged,1,writer_4,writer_4_sample_24,.png,ResNet50_Transfer,0.58864766,1,forged,True
/kaggle/input/datasets/matteocarnebella/cedar-signatures/signatures/signatures_14/forgeries_14_1.png,forgeries_14_1.png,forged,1,writer_14,writer_14_sample_1,.png,ResNet50_Transfer,0.35936308,0,genuine,False
/kaggle/input/datasets/matteocarnebella/cedar-signatures/signatures/signatures_14/original_14_10.png,original_14_10.png,genuine,0,writer_14,writer_14_sample_10,.png,ResNet50_Transfer,0.100116104,0,genuine,True
/kaggle/input/datasets/matteocarnebella/cedar-signatures/signatures/signatures_14/forgeries_14_6.png,forgeries_14_6.png,forged,1,writer_14,writer_14_sample_6,.png,ResNet50_Transfer,0.4182086,0,genuine,False
/kaggle/input/datasets/matteocarnebella/cedar-signatures/signatures/signatures_14/forgeries_14_18.png,forgeries_14_18.png,forged,1,writer_14,writer_14_sample_18,.png,ResNet50_Transfer,0.4120126,0,genuine,False
/kaggle/input/datasets/matteocarnebella/cedar-signatures/signatures/signatures_14/forgeries_14_22.png,forgeries_14_22.png,forged,1,writer_14,writer_14_sample_22,.png,ResNet50_Transfer,0.17504148,0,genuine,False
/kaggle/input/datasets/matteocarnebella/cedar-signatures/signatures/signatures_14/original_14_5.png,original_14_5.png,genuine,0,writer_14,writer_14_sample_5,.png,ResNet50_Transfer,0.08520401,0,genuine,True
/kaggle/input/datasets/matteocarnebella/cedar-signatures/signatures/signatures_14/original_14_4.png,original_14_4.png,genuine,0,writer_14,writer_14_sample_4,.png,ResNet50_Transfer,0.10183222,0,genuine,True
/kaggle/input/datasets/matteocarnebella/cedar-signatures/signatures/signatures_14/original_14_24.png,original_14_24.png,genuine,0,writer_14,writer_14_sample_24,.png,ResNet50_Transfer,0.026376797,0,genuine,True
/kaggle/input/datasets/matteocarnebella/cedar-signatures/signatures/signatures_14/original_14_15.png,original_14_15.png,genuine,0,writer_14,writer_14_sample_15,.png,ResNet50_Transfer,0.14800362,0,genuine,True
/kaggle/input/datasets/matteocarnebella/cedar-signatures/signatures/signatures_14/original_14_9.png,original_14_9.png,genuine,0,writer_14,writer_14_sample_9,.png,ResNet50_Transfer,0.07297084,0,genuine,True
/kaggle/input/datasets/matteocarnebella/cedar-signatures/signatures/signatures_14/forgeries_14_10.png,forgeries_14_10.png,forged,1,writer_14,writer_14_sample_10,.png,ResNet50_Transfer,0.496394,0,genuine,False
/kaggle/input/datasets/matteocarnebella/cedar-signatures/signatures/signatures_14/forgeries_14_16.png,forgeries_14_16.png,forged,1,writer_14,writer_14_sample_16,.png,ResNet50_Transfer,0.2698458,0,genuine,False
/kaggle/input/datasets/matteocarnebella/cedar-signatures/signatures/signatures_14/forgeries_14_14.png,forgeries_14_14.png,forged,1,writer_14,writer_14_sample_14,.png,ResNet50_Transfer,0.5532802,1,forged,True
/kaggle/input/datasets/matteocarnebella/cedar-signatures/signatures/signatures_14/forgeries_14_19.png,forgeries_14_19.png,forged,1,writer_14,writer_14_sample_19,.png,ResNet50_Transfer,0.47168317,0,genuine,False
/kaggle/input/datasets/matteocarnebella/cedar-signatures/signatures/signatures_14/forgeries_14_24.png,forgeries_14_24.png,forged,1,writer_14,writer_14_sample_24,.png,ResNet50_Transfer,0.3998108,0,genuine,False
/kaggle/input/datasets/matteocarnebella/cedar-signatures/signatures/signatures_14/original_14_21.png,original_14_21.png,genuine,0,writer_14,writer_14_sample_21,.png,ResNet50_Transfer,0.09851628,0,genuine,True
/kaggle/input/datasets/matteocarnebella/cedar-signatures/signatures/signatures_14/forgeries_14_12.png,forgeries_14_12.png,forged,1,writer_14,writer_14_sample_12,.png,ResNet50_Transfer,0.4302927,0,genuine,False
/kaggle/input/datasets/matteocarnebella/cedar-signatures/signatures/signatures_14/original_14_6.png,original_14_6.png,genuine,0,writer_14,writer_14_sample_6,.png,ResNet50_Transfer,0.033548363,0,genuine,True
/kaggle/input/datasets/matteocarnebella/cedar-signatures/signatures/signatures_14/forgeries_14_5.png,forgeries_14_5.png,forged,1,writer_14,writer_14_sample_5,.png,ResNet50_Transfer,0.46509928,0,genuine,False
/kaggle/input/datasets/matteocarnebella/cedar-signatures/signatures/signatures_14/original_14_19.png,original_14_19.png,genuine,0,writer_14,writer_14_sample_19,.png,ResNet50_Transfer,0.06851708,0,genuine,True
/kaggle/input/datasets/matteocarnebella/cedar-signatures/signatures/signatures_14/forgeries_14_11.png,forgeries_14_11.png,forged,1,writer_14,writer_14_sample_11,.png,ResNet50_Transfer,0.5040605,1,forged,True
/kaggle/input/datasets/matteocarnebella/cedar-signatures/signatures/signatures_14/original_14_13.png,original_14_13.png,genuine,0,writer_14,writer_14_sample_13,.png,ResNet50_Transfer,0.033054736,0,genuine,True
/kaggle/input/datasets/matteocarnebella/cedar-signatures/signatures/signatures_14/original_14_14.png,original_14_14.png,genuine,0,writer_14,writer_14_sample_14,.png,ResNet50_Transfer,0.07052878,0,genuine,True
/kaggle/input/datasets/matteocarnebella/cedar-signatures/signatures/signatures_14/forgeries_14_3.png,forgeries_14_3.png,forged,1,writer_14,writer_14_sample_3,.png,ResNet50_Transfer,0.5425038,1,forged,True
/kaggle/input/datasets/matteocarnebella/cedar-signatures/signatures/signatures_14/forgeries_14_21.png,forgeries_14_21.png,forged,1,writer_14,writer_14_sample_21,.png,ResNet50_Transfer,0.20114274,0,genuine,False
/kaggle/input/datasets/matteocarnebella/cedar-signatures/signatures/signatures_14/original_14_1.png,original_14_1.png,genuine,0,writer_14,writer_14_sample_1,.png,ResNet50_Transfer,0.023221387,0,genuine,True
/kaggle/input/datasets/matteocarnebella/cedar-signatures/signatures/signatures_14/original_14_20.png,original_14_20.png,genuine,0,writer_14,writer_14_sample_20,.png,ResNet50_Transfer,0.21235608,0,genuine,True
/kaggle/input/datasets/matteocarnebella/cedar-signatures/signatures/signatures_14/original_14_3.png,original_14_3.png,genuine,0,writer_14,writer_14_sample_3,.png,ResNet50_Transfer,0.018272765,0,genuine,True
/kaggle/input/datasets/matteocarnebella/cedar-signatures/signatures/signatures_14/original_14_18.png,original_14_18.png,genuine,0,writer_14,writer_14_sample_18,.png,ResNet50_Transfer,0.11665862,0,genuine,True
/kaggle/input/datasets/matteocarnebella/cedar-signatures/signatures/signatures_14/forgeries_14_17.png,forgeries_14_17.png,forged,1,writer_14,writer_14_sample_17,.png,ResNet50_Transfer,0.49474317,0,genuine,False
/kaggle/input/datasets/matteocarnebella/cedar-signatures/signatures/signatures_14/original_14_17.png,original_14_17.png,genuine,0,writer_14,writer_14_sample_17,.png,ResNet50_Transfer,0.07441569,0,genuine,True
/kaggle/input/datasets/matteocarnebella/cedar-signatures/signatures/signatures_14/forgeries_14_13.png,forgeries_14_13.png,forged,1,writer_14,writer_14_sample_13,.png,ResNet50_Transfer,0.3787377,0,genuine,False
/kaggle/input/datasets/matteocarnebella/cedar-signatures/signatures/signatures_14/forgeries_14_23.png,forgeries_14_23.png,forged,1,writer_14,writer_14_sample_23,.png,ResNet50_Transfer,0.31774363,0,genuine,False
/kaggle/input/datasets/matteocarnebella/cedar-signatures/signatures/signatures_14/forgeries_14_15.png,forgeries_14_15.png,forged,1,writer_14,writer_14_sample_15,.png,ResNet50_Transfer,0.3329295,0,genuine,False
/kaggle/input/datasets/matteocarnebella/cedar-signatures/signatures/signatures_14/original_14_8.png,original_14_8.png,genuine,0,writer_14,writer_14_sample_8,.png,ResNet50_Transfer,0.09265608,0,genuine,True
/kaggle/input/datasets/matteocarnebella/cedar-signatures/signatures/signatures_14/forgeries_14_8.png,forgeries_14_8.png,forged,1,writer_14,writer_14_sample_8,.png,ResNet50_Transfer,0.54853934,1,forged,True
/kaggle/input/datasets/matteocarnebella/cedar-signatures/signatures/signatures_14/forgeries_14_2.png,forgeries_14_2.png,forged,1,writer_14,writer_14_sample_2,.png,ResNet50_Transfer,0.50176126,1,forged,True
/kaggle/input/datasets/matteocarnebella/cedar-signatures/signatures/signatures_14/original_14_16.png,original_14_16.png,genuine,0,writer_14,writer_14_sample_16,.png,ResNet50_Transfer,0.057365295,0,genuine,True
/kaggle/input/datasets/matteocarnebella/cedar-signatures/signatures/signatures_14/forgeries_14_7.png,forgeries_14_7.png,forged,1,writer_14,writer_14_sample_7,.png,ResNet50_Transfer,0.47155464,0,genuine,False
/kaggle/input/datasets/matteocarnebella/cedar-signatures/signatures/signatures_14/original_14_22.png,original_14_22.png,genuine,0,writer_14,writer_14_sample_22,.png,ResNet50_Transfer,0.048438683,0,genuine,True
/kaggle/input/datasets/matteocarnebella/cedar-signatures/signatures/signatures_14/original_14_23.png,original_14_23.png,genuine,0,writer_14,writer_14_sample_23,.png,ResNet50_Transfer,0.072972655,0,genuine,True
/kaggle/input/datasets/matteocarnebella/cedar-signatures/signatures/signatures_14/original_14_12.png,original_14_12.png,genuine,0,writer_14,writer_14_sample_12,.png,ResNet50_Transfer,0.04282858,0,genuine,True
/kaggle/input/datasets/matteocarnebella/cedar-signatures/signatures/signatures_14/original_14_11.png,original_14_11.png,genuine,0,writer_14,writer_14_sample_11,.png,ResNet50_Transfer,0.041195463,0,genuine,True
/kaggle/input/datasets/matteocarnebella/cedar-signatures/signatures/signatures_14/original_14_2.png,original_14_2.png,genuine,0,writer_14,writer_14_sample_2,.png,ResNet50_Transfer,0.07244021,0,genuine,True
/kaggle/input/datasets/matteocarnebella/cedar-signatures/signatures/signatures_14/forgeries_14_9.png,forgeries_14_9.png,forged,1,writer_14,writer_14_sample_9,.png,ResNet50_Transfer,0.3655577,0,genuine,False
/kaggle/input/datasets/matteocarnebella/cedar-signatures/signatures/signatures_14/original_14_7.png,original_14_7.png,genuine,0,writer_14,writer_14_sample_7,.png,ResNet50_Transfer,0.06256032,0,genuine,True
/kaggle/input/datasets/matteocarnebella/cedar-signatures/signatures/signatures_14/forgeries_14_20.png,forgeries_14_20.png,forged,1,writer_14,writer_14_sample_20,.png,ResNet50_Transfer,0.64663076,1,forged,True
/kaggle/input/datasets/matteocarnebella/cedar-signatures/signatures/signatures_14/forgeries_14_4.png,forgeries_14_4.png,forged,1,writer_14,writer_14_sample_4,.png,ResNet50_Transfer,0.4605087,0,genuine,False
/kaggle/input/datasets/matteocarnebella/cedar-signatures/signatures/signatures_21/original_21_14.png,original_21_14.png,genuine,0,writer_21,writer_21_sample_14,.png,ResNet50_Transfer,0.019969897,0,genuine,True
/kaggle/input/datasets/matteocarnebella/cedar-signatures/signatures/signatures_21/original_21_5.png,original_21_5.png,genuine,0,writer_21,writer_21_sample_5,.png,ResNet50_Transfer,0.02175596,0,genuine,True
/kaggle/input/datasets/matteocarnebella/cedar-signatures/signatures/signatures_21/forgeries_21_10.png,forgeries_21_10.png,forged,1,writer_21,writer_21_sample_10,.png,ResNet50_Transfer,0.5065644,1,forged,True
/kaggle/input/datasets/matteocarnebella/cedar-signatures/signatures/signatures_21/original_21_17.png,original_21_17.png,genuine,0,writer_21,writer_21_sample_17,.png,ResNet50_Transfer,0.057502475,0,genuine,True
/kaggle/input/datasets/matteocarnebella/cedar-signatures/signatures/signatures_21/original_21_13.png,original_21_13.png,genuine,0,writer_21,writer_21_sample_13,.png,ResNet50_Transfer,0.028514434,0,genuine,True
/kaggle/input/datasets/matteocarnebella/cedar-signatures/signatures/signatures_21/forgeries_21_15.png,forgeries_21_15.png,forged,1,writer_21,writer_21_sample_15,.png,ResNet50_Transfer,0.5889769,1,forged,True
/kaggle/input/datasets/matteocarnebella/cedar-signatures/signatures/signatures_21/original_21_22.png,original_21_22.png,genuine,0,writer_21,writer_21_sample_22,.png,ResNet50_Transfer,0.0089002,0,genuine,True
/kaggle/input/datasets/matteocarnebella/cedar-signatures/signatures/signatures_21/original_21_15.png,original_21_15.png,genuine,0,writer_21,writer_21_sample_15,.png,ResNet50_Transfer,0.018741576,0,genuine,True
/kaggle/input/datasets/matteocarnebella/cedar-signatures/signatures/signatures_21/forgeries_21_1.png,forgeries_21_1.png,forged,1,writer_21,writer_21_sample_1,.png,ResNet50_Transfer,0.52883124,1,forged,True
/kaggle/input/datasets/matteocarnebella/cedar-signatures/signatures/signatures_21/original_21_16.png,original_21_16.png,genuine,0,writer_21,writer_21_sample_16,.png,ResNet50_Transfer,0.022823678,0,genuine,True
/kaggle/input/datasets/matteocarnebella/cedar-signatures/signatures/signatures_21/forgeries_21_11.png,forgeries_21_11.png,forged,1,writer_21,writer_21_sample_11,.png,ResNet50_Transfer,0.6724784,1,forged,True
/kaggle/input/datasets/matteocarnebella/cedar-signatures/signatures/signatures_21/original_21_20.png,original_21_20.png,genuine,0,writer_21,writer_21_sample_20,.png,ResNet50_Transfer,0.023924861,0,genuine,True
/kaggle/input/datasets/matteocarnebella/cedar-signatures/signatures/signatures_21/forgeries_21_22.png,forgeries_21_22.png,forged,1,writer_21,writer_21_sample_22,.png,ResNet50_Transfer,0.3937243,0,genuine,False
/kaggle/input/datasets/matteocarnebella/cedar-signatures/signatures/signatures_21/original_21_12.png,original_21_12.png,genuine,0,writer_21,writer_21_sample_12,.png,ResNet50_Transfer,0.033380136,0,genuine,True
/kaggle/input/datasets/matteocarnebella/cedar-signatures/signatures/signatures_21/forgeries_21_17.png,forgeries_21_17.png,forged,1,writer_21,writer_21_sample_17,.png,ResNet50_Transfer,0.7041357,1,forged,True
/kaggle/input/datasets/matteocarnebella/cedar-signatures/signatures/signatures_21/forgeries_21_5.png,forgeries_21_5.png,forged,1,writer_21,writer_21_sample_5,.png,ResNet50_Transfer,0.3604317,0,genuine,False
/kaggle/input/datasets/matteocarnebella/cedar-signatures/signatures/signatures_21/forgeries_21_6.png,forgeries_21_6.png,forged,1,writer_21,writer_21_sample_6,.png,ResNet50_Transfer,0.43372077,0,genuine,False
/kaggle/input/datasets/matteocarnebella/cedar-signatures/signatures/signatures_21/forgeries_21_21.png,forgeries_21_21.png,forged,1,writer_21,writer_21_sample_21,.png,ResNet50_Transfer,0.3966565,0,genuine,False
/kaggle/input/datasets/matteocarnebella/cedar-signatures/signatures/signatures_21/forgeries_21_20.png,forgeries_21_20.png,forged,1,writer_21,writer_21_sample_20,.png,ResNet50_Transfer,0.6881026,1,forged,True
/kaggle/input/datasets/matteocarnebella/cedar-signatures/signatures/signatures_21/forgeries_21_2.png,forgeries_21_2.png,forged,1,writer_21,writer_21_sample_2,.png,ResNet50_Transfer,0.5058467,1,forged,True
/kaggle/input/datasets/matteocarnebella/cedar-signatures/signatures/signatures_21/original_21_10.png,original_21_10.png,genuine,0,writer_21,writer_21_sample_10,.png,ResNet50_Transfer,0.010088187,0,genuine,True
/kaggle/input/datasets/matteocarnebella/cedar-signatures/signatures/signatures_21/forgeries_21_14.png,forgeries_21_14.png,forged,1,writer_21,writer_21_sample_14,.png,ResNet50_Transfer,0.6892858,1,forged,True
/kaggle/input/datasets/matteocarnebella/cedar-signatures/signatures/signatures_21/original_21_4.png,original_21_4.png,genuine,0,writer_21,writer_21_sample_4,.png,ResNet50_Transfer,0.014770329,0,genuine,True
/kaggle/input/datasets/matteocarnebella/cedar-signatures/signatures/signatures_21/forgeries_21_12.png,forgeries_21_12.png,forged,1,writer_21,writer_21_sample_12,.png,ResNet50_Transfer,0.6805309,1,forged,True
/kaggle/input/datasets/matteocarnebella/cedar-signatures/signatures/signatures_21/forgeries_21_4.png,forgeries_21_4.png,forged,1,writer_21,writer_21_sample_4,.png,ResNet50_Transfer,0.6078481,1,forged,True
/kaggle/input/datasets/matteocarnebella/cedar-signatures/signatures/signatures_21/original_21_1.png,original_21_1.png,genuine,0,writer_21,writer_21_sample_1,.png,ResNet50_Transfer,0.017292842,0,genuine,True
/kaggle/input/datasets/matteocarnebella/cedar-signatures/signatures/signatures_21/original_21_2.png,original_21_2.png,genuine,0,writer_21,writer_21_sample_2,.png,ResNet50_Transfer,0.13148542,0,genuine,True
/kaggle/input/datasets/matteocarnebella/cedar-signatures/signatures/signatures_21/original_21_7.png,original_21_7.png,genuine,0,writer_21,writer_21_sample_7,.png,ResNet50_Transfer,0.016847368,0,genuine,True
/kaggle/input/datasets/matteocarnebella/cedar-signatures/signatures/signatures_21/forgeries_21_13.png,forgeries_21_13.png,forged,1,writer_21,writer_21_sample_13,.png,ResNet50_Transfer,0.396925,0,genuine,False
/kaggle/input/datasets/matteocarnebella/cedar-signatures/signatures/signatures_21/forgeries_21_18.png,forgeries_21_18.png,forged,1,writer_21,writer_21_sample_18,.png,ResNet50_Transfer,0.418793,0,genuine,False
/kaggle/input/datasets/matteocarnebella/cedar-signatures/signatures/signatures_21/original_21_11.png,original_21_11.png,genuine,0,writer_21,writer_21_sample_11,.png,ResNet50_Transfer,0.04352576,0,genuine,True
/kaggle/input/datasets/matteocarnebella/cedar-signatures/signatures/signatures_21/forgeries_21_7.png,forgeries_21_7.png,forged,1,writer_21,writer_21_sample_7,.png,ResNet50_Transfer,0.50396425,1,forged,True
/kaggle/input/datasets/matteocarnebella/cedar-signatures/signatures/signatures_21/forgeries_21_3.png,forgeries_21_3.png,forged,1,writer_21,writer_21_sample_3,.png,ResNet50_Transfer,0.7530886,1,forged,True
/kaggle/input/datasets/matteocarnebella/cedar-signatures/signatures/signatures_21/original_21_21.png,original_21_21.png,genuine,0,writer_21,writer_21_sample_21,.png,ResNet50_Transfer,0.013524518,0,genuine,True
/kaggle/input/datasets/matteocarnebella/cedar-signatures/signatures/signatures_21/original_21_23.png,original_21_23.png,genuine,0,writer_21,writer_21_sample_23,.png,ResNet50_Transfer,0.015401771,0,genuine,True
/kaggle/input/datasets/matteocarnebella/cedar-signatures/signatures/signatures_21/original_21_19.png,original_21_19.png,genuine,0,writer_21,writer_21_sample_19,.png,ResNet50_Transfer,0.024068668,0,genuine,True
/kaggle/input/datasets/matteocarnebella/cedar-signatures/signatures/signatures_21/forgeries_21_16.png,forgeries_21_16.png,forged,1,writer_21,writer_21_sample_16,.png,ResNet50_Transfer,0.445771,0,genuine,False
/kaggle/input/datasets/matteocarnebella/cedar-signatures/signatures/signatures_21/original_21_9.png,original_21_9.png,genuine,0,writer_21,writer_21_sample_9,.png,ResNet50_Transfer,0.036351558,0,genuine,True
/kaggle/input/datasets/matteocarnebella/cedar-signatures/signatures/signatures_21/original_21_8.png,original_21_8.png,genuine,0,writer_21,writer_21_sample_8,.png,ResNet50_Transfer,0.024839835,0,genuine,True
/kaggle/input/datasets/matteocarnebella/cedar-signatures/signatures/signatures_21/forgeries_21_19.png,forgeries_21_19.png,forged,1,writer_21,writer_21_sample_19,.png,ResNet50_Transfer,0.7320995,1,forged,True
/kaggle/input/datasets/matteocarnebella/cedar-signatures/signatures/signatures_21/forgeries_21_8.png,forgeries_21_8.png,forged,1,writer_21,writer_21_sample_8,.png,ResNet50_Transfer,0.6015701,1,forged,True
/kaggle/input/datasets/matteocarnebella/cedar-signatures/signatures/signatures_21/original_21_24.png,original_21_24.png,genuine,0,writer_21,writer_21_sample_24,.png,ResNet50_Transfer,0.016049217,0,genuine,True
/kaggle/input/datasets/matteocarnebella/cedar-signatures/signatures/signatures_21/forgeries_21_23.png,forgeries_21_23.png,forged,1,writer_21,writer_21_sample_23,.png,ResNet50_Transfer,0.6302958,1,forged,True
/kaggle/input/datasets/matteocarnebella/cedar-signatures/signatures/signatures_21/original_21_6.png,original_21_6.png,genuine,0,writer_21,writer_21_sample_6,.png,ResNet50_Transfer,0.032335944,0,genuine,True
/kaggle/input/datasets/matteocarnebella/cedar-signatures/signatures/signatures_21/original_21_3.png,original_21_3.png,genuine,0,writer_21,writer_21_sample_3,.png,ResNet50_Transfer,0.02221571,0,genuine,True
/kaggle/input/datasets/matteocarnebella/cedar-signatures/signatures/signatures_21/forgeries_21_24.png,forgeries_21_24.png,forged,1,writer_21,writer_21_sample_24,.png,ResNet50_Transfer,0.6424922,1,forged,True
/kaggle/input/datasets/matteocarnebella/cedar-signatures/signatures/signatures_21/forgeries_21_9.png,forgeries_21_9.png,forged,1,writer_21,writer_21_sample_9,.png,ResNet50_Transfer,0.4398996,0,genuine,False
/kaggle/input/datasets/matteocarnebella/cedar-signatures/signatures/signatures_21/original_21_18.png,original_21_18.png,genuine,0,writer_21,writer_21_sample_18,.png,ResNet50_Transfer,0.0055714753,0,genuine,True
/kaggle/input/datasets/matteocarnebella/cedar-signatures/signatures/signatures_54/original_54_12.png,original_54_12.png,genuine,0,writer_54,writer_54_sample_12,.png,ResNet50_Transfer,0.1973856,0,genuine,True
/kaggle/input/datasets/matteocarnebella/cedar-signatures/signatures/signatures_54/original_54_5.png,original_54_5.png,genuine,0,writer_54,writer_54_sample_5,.png,ResNet50_Transfer,0.05402524,0,genuine,True
/kaggle/input/datasets/matteocarnebella/cedar-signatures/signatures/signatures_54/forgeries_54_1.png,forgeries_54_1.png,forged,1,writer_54,writer_54_sample_1,.png,ResNet50_Transfer,0.5067159,1,forged,True
/kaggle/input/datasets/matteocarnebella/cedar-signatures/signatures/signatures_54/original_54_4.png,original_54_4.png,genuine,0,writer_54,writer_54_sample_4,.png,ResNet50_Transfer,0.04932689,0,genuine,True
/kaggle/input/datasets/matteocarnebella/cedar-signatures/signatures/signatures_54/forgeries_54_6.png,forgeries_54_6.png,forged,1,writer_54,writer_54_sample_6,.png,ResNet50_Transfer,0.3326818,0,genuine,False
/kaggle/input/datasets/matteocarnebella/cedar-signatures/signatures/signatures_54/forgeries_54_22.png,forgeries_54_22.png,forged,1,writer_54,writer_54_sample_22,.png,ResNet50_Transfer,0.3059203,0,genuine,False
/kaggle/input/datasets/matteocarnebella/cedar-signatures/signatures/signatures_54/original_54_13.png,original_54_13.png,genuine,0,writer_54,writer_54_sample_13,.png,ResNet50_Transfer,0.03951945,0,genuine,True
/kaggle/input/datasets/matteocarnebella/cedar-signatures/signatures/signatures_54/forgeries_54_9.png,forgeries_54_9.png,forged,1,writer_54,writer_54_sample_9,.png,ResNet50_Transfer,0.06969991,0,genuine,False
/kaggle/input/datasets/matteocarnebella/cedar-signatures/signatures/signatures_54/forgeries_54_4.png,forgeries_54_4.png,forged,1,writer_54,writer_54_sample_4,.png,ResNet50_Transfer,0.4236207,0,genuine,False
/kaggle/input/datasets/matteocarnebella/cedar-signatures/signatures/signatures_54/forgeries_54_23.png,forgeries_54_23.png,forged,1,writer_54,writer_54_sample_23,.png,ResNet50_Transfer,0.23788561,0,genuine,False
/kaggle/input/datasets/matteocarnebella/cedar-signatures/signatures/signatures_54/original_54_19.png,original_54_19.png,genuine,0,writer_54,writer_54_sample_19,.png,ResNet50_Transfer,0.03791358,0,genuine,True
/kaggle/input/datasets/matteocarnebella/cedar-signatures/signatures/signatures_54/original_54_15.png,original_54_15.png,genuine,0,writer_54,writer_54_sample_15,.png,ResNet50_Transfer,0.04572979,0,genuine,True
/kaggle/input/datasets/matteocarnebella/cedar-signatures/signatures/signatures_54/original_54_6.png,original_54_6.png,genuine,0,writer_54,writer_54_sample_6,.png,ResNet50_Transfer,0.037727114,0,genuine,True
/kaggle/input/datasets/matteocarnebella/cedar-signatures/signatures/signatures_54/original_54_2.png,original_54_2.png,genuine,0,writer_54,writer_54_sample_2,.png,ResNet50_Transfer,0.032760635,0,genuine,True
/kaggle/input/datasets/matteocarnebella/cedar-signatures/signatures/signatures_54/original_54_24.png,original_54_24.png,genuine,0,writer_54,writer_54_sample_24,.png,ResNet50_Transfer,0.05918578,0,genuine,True
/kaggle/input/datasets/matteocarnebella/cedar-signatures/signatures/signatures_54/forgeries_54_16.png,forgeries_54_16.png,forged,1,writer_54,writer_54_sample_16,.png,ResNet50_Transfer,0.17135832,0,genuine,False
/kaggle/input/datasets/matteocarnebella/cedar-signatures/signatures/signatures_54/forgeries_54_21.png,forgeries_54_21.png,forged,1,writer_54,writer_54_sample_21,.png,ResNet50_Transfer,0.25683683,0,genuine,False
/kaggle/input/datasets/matteocarnebella/cedar-signatures/signatures/signatures_54/forgeries_54_14.png,forgeries_54_14.png,forged,1,writer_54,writer_54_sample_14,.png,ResNet50_Transfer,0.3838501,0,genuine,False
/kaggle/input/datasets/matteocarnebella/cedar-signatures/signatures/signatures_54/original_54_10.png,original_54_10.png,genuine,0,writer_54,writer_54_sample_10,.png,ResNet50_Transfer,0.19651838,0,genuine,True
/kaggle/input/datasets/matteocarnebella/cedar-signatures/signatures/signatures_54/original_54_22.png,original_54_22.png,genuine,0,writer_54,writer_54_sample_22,.png,ResNet50_Transfer,0.05406374,0,genuine,True
/kaggle/input/datasets/matteocarnebella/cedar-signatures/signatures/signatures_54/forgeries_54_17.png,forgeries_54_17.png,forged,1,writer_54,writer_54_sample_17,.png,ResNet50_Transfer,0.569086,1,forged,True
/kaggle/input/datasets/matteocarnebella/cedar-signatures/signatures/signatures_54/original_54_9.png,original_54_9.png,genuine,0,writer_54,writer_54_sample_9,.png,ResNet50_Transfer,0.07700114,0,genuine,True
/kaggle/input/datasets/matteocarnebella/cedar-signatures/signatures/signatures_54/original_54_1.png,original_54_1.png,genuine,0,writer_54,writer_54_sample_1,.png,ResNet50_Transfer,0.06089917,0,genuine,True
/kaggle/input/datasets/matteocarnebella/cedar-signatures/signatures/signatures_54/forgeries_54_11.png,forgeries_54_11.png,forged,1,writer_54,writer_54_sample_11,.png,ResNet50_Transfer,0.51511633,1,forged,True
/kaggle/input/datasets/matteocarnebella/cedar-signatures/signatures/signatures_54/forgeries_54_7.png,forgeries_54_7.png,forged,1,writer_54,writer_54_sample_7,.png,ResNet50_Transfer,0.55561626,1,forged,True
/kaggle/input/datasets/matteocarnebella/cedar-signatures/signatures/signatures_54/original_54_23.png,original_54_23.png,genuine,0,writer_54,writer_54_sample_23,.png,ResNet50_Transfer,0.08606606,0,genuine,True
/kaggle/input/datasets/matteocarnebella/cedar-signatures/signatures/signatures_54/original_54_20.png,original_54_20.png,genuine,0,writer_54,writer_54_sample_20,.png,ResNet50_Transfer,0.06139628,0,genuine,True
/kaggle/input/datasets/matteocarnebella/cedar-signatures/signatures/signatures_54/forgeries_54_2.png,forgeries_54_2.png,forged,1,writer_54,writer_54_sample_2,.png,ResNet50_Transfer,0.5160774,1,forged,True
/kaggle/input/datasets/matteocarnebella/cedar-signatures/signatures/signatures_54/original_54_16.png,original_54_16.png,genuine,0,writer_54,writer_54_sample_16,.png,ResNet50_Transfer,0.043230526,0,genuine,True
/kaggle/input/datasets/matteocarnebella/cedar-signatures/signatures/signatures_54/forgeries_54_19.png,forgeries_54_19.png,forged,1,writer_54,writer_54_sample_19,.png,ResNet50_Transfer,0.669631,1,forged,True
/kaggle/input/datasets/matteocarnebella/cedar-signatures/signatures/signatures_54/forgeries_54_13.png,forgeries_54_13.png,forged,1,writer_54,writer_54_sample_13,.png,ResNet50_Transfer,0.18948016,0,genuine,False
/kaggle/input/datasets/matteocarnebella/cedar-signatures/signatures/signatures_54/forgeries_54_15.png,forgeries_54_15.png,forged,1,writer_54,writer_54_sample_15,.png,ResNet50_Transfer,0.1467937,0,genuine,False
/kaggle/input/datasets/matteocarnebella/cedar-signatures/signatures/signatures_54/forgeries_54_18.png,forgeries_54_18.png,forged,1,writer_54,writer_54_sample_18,.png,ResNet50_Transfer,0.45538777,0,genuine,False
/kaggle/input/datasets/matteocarnebella/cedar-signatures/signatures/signatures_54/forgeries_54_3.png,forgeries_54_3.png,forged,1,writer_54,writer_54_sample_3,.png,ResNet50_Transfer,0.37728253,0,genuine,False
/kaggle/input/datasets/matteocarnebella/cedar-signatures/signatures/signatures_54/original_54_21.png,original_54_21.png,genuine,0,writer_54,writer_54_sample_21,.png,ResNet50_Transfer,0.053384148,0,genuine,True
/kaggle/input/datasets/matteocarnebella/cedar-signatures/signatures/signatures_54/original_54_18.png,original_54_18.png,genuine,0,writer_54,writer_54_sample_18,.png,ResNet50_Transfer,0.034442607,0,genuine,True
/kaggle/input/datasets/matteocarnebella/cedar-signatures/signatures/signatures_54/original_54_7.png,original_54_7.png,genuine,0,writer_54,writer_54_sample_7,.png,ResNet50_Transfer,0.1077063,0,genuine,True
/kaggle/input/datasets/matteocarnebella/cedar-signatures/signatures/signatures_54/original_54_11.png,original_54_11.png,genuine,0,writer_54,writer_54_sample_11,.png,ResNet50_Transfer,0.108715594,0,genuine,True
/kaggle/input/datasets/matteocarnebella/cedar-signatures/signatures/signatures_54/original_54_8.png,original_54_8.png,genuine,0,writer_54,writer_54_sample_8,.png,ResNet50_Transfer,0.11257913,0,genuine,True
/kaggle/input/datasets/matteocarnebella/cedar-signatures/signatures/signatures_54/forgeries_54_24.png,forgeries_54_24.png,forged,1,writer_54,writer_54_sample_24,.png,ResNet50_Transfer,0.26582474,0,genuine,False
/kaggle/input/datasets/matteocarnebella/cedar-signatures/signatures/signatures_54/original_54_14.png,original_54_14.png,genuine,0,writer_54,writer_54_sample_14,.png,ResNet50_Transfer,0.03238356,0,genuine,True
/kaggle/input/datasets/matteocarnebella/cedar-signatures/signatures/signatures_54/forgeries_54_8.png,forgeries_54_8.png,forged,1,writer_54,writer_54_sample_8,.png,ResNet50_Transfer,0.22690238,0,genuine,False
/kaggle/input/datasets/matteocarnebella/cedar-signatures/signatures/signatures_54/forgeries_54_12.png,forgeries_54_12.png,forged,1,writer_54,writer_54_sample_12,.png,ResNet50_Transfer,0.39809376,0,genuine,False
/kaggle/input/datasets/matteocarnebella/cedar-signatures/signatures/signatures_54/original_54_3.png,original_54_3.png,genuine,0,writer_54,writer_54_sample_3,.png,ResNet50_Transfer,0.029273527,0,genuine,True
/kaggle/input/datasets/matteocarnebella/cedar-signatures/signatures/signatures_54/forgeries_54_20.png,forgeries_54_20.png,forged,1,writer_54,writer_54_sample_20,.png,ResNet50_Transfer,0.5553208,1,forged,True
/kaggle/input/datasets/matteocarnebella/cedar-signatures/signatures/signatures_54/forgeries_54_5.png,forgeries_54_5.png,forged,1,writer_54,writer_54_sample_5,.png,ResNet50_Transfer,0.3537361,0,genuine,False
/kaggle/input/datasets/matteocarnebella/cedar-signatures/signatures/signatures_54/forgeries_54_10.png,forgeries_54_10.png,forged,1,writer_54,writer_54_sample_10,.png,ResNet50_Transfer,0.20173655,0,genuine,False
/kaggle/input/datasets/matteocarnebella/cedar-signatures/signatures/signatures_54/original_54_17.png,original_54_17.png,genuine,0,writer_54,writer_54_sample_17,.png,ResNet50_Transfer,0.027307363,0,genuine,True
