filepath,filename,label,label_id,writer_id,pair_id,extension
/kaggle/input/datasets/matteocarnebella/cedar-signatures/signatures/signatures_35/forgeries_35_17.png,forgeries_35_17.png,forged,1,writer_35,writer_35_sample_17,.png
/kaggle/input/datasets/matteocarnebella/cedar-signatures/signatures/signatures_35/original_35_16.png,original_35_16.png,genuine,0,writer_35,writer_35_sample_16,.png
/kaggle/input/datasets/matteocarnebella/cedar-signatures/signatures/signatures_35/forgeries_35_6.png,forgeries_35_6.png,forged,1,writer_35,writer_35_sample_6,.png
/kaggle/input/datasets/matteocarnebella/cedar-signatures/signatures/signatures_35/forgeries_35_22.png,forgeries_35_22.png,forged,1,writer_35,writer_35_sample_22,.png
/kaggle/input/datasets/matteocarnebella/cedar-signatures/signatures/signatures_35/original_35_9.png,original_35_9.png,genuine,0,writer_35,writer_35_sample_9,.png
/kaggle/input/datasets/matteocarnebella/cedar-signatures/signatures/signatures_35/original_35_17.png,original_35_17.png,genuine,0,writer_35,writer_35_sample_17,.png
/kaggle/input/datasets/matteocarnebella/cedar-signatures/signatures/signatures_35/forgeries_35_10.png,forgeries_35_10.png,forged,1,writer_35,writer_35_sample_10,.png
/kaggle/input/datasets/matteocarnebella/cedar-signatures/signatures/signatures_35/forgeries_35_20.png,forgeries_35_20.png,forged,1,writer_35,writer_35_sample_20,.png
/kaggle/input/datasets/matteocarnebella/cedar-signatures/signatures/signatures_35/original_35_20.png,original_35_20.png,genuine,0,writer_35,writer_35_sample_20,.png
/kaggle/input/datasets/matteocarnebella/cedar-signatures/signatures/signatures_35/original_35_18.png,original_35_18.png,genuine,0,writer_35,writer_35_sample_18,.png
/kaggle/input/datasets/matteocarnebella/cedar-signatures/signatures/signatures_35/forgeries_35_4.png,forgeries_35_4.png,forged,1,writer_35,writer_35_sample_4,.png
/kaggle/input/datasets/matteocarnebella/cedar-signatures/signatures/signatures_35/forgeries_35_14.png,forgeries_35_14.png,forged,1,writer_35,writer_35_sample_14,.png
/kaggle/input/datasets/matteocarnebella/cedar-signatures/signatures/signatures_35/original_35_2.png,original_35_2.png,genuine,0,writer_35,writer_35_sample_2,.png
/kaggle/input/datasets/matteocarnebella/cedar-signatures/signatures/signatures_35/original_35_24.png,original_35_24.png,genuine,0,writer_35,writer_35_sample_24,.png
/kaggle/input/datasets/matteocarnebella/cedar-signatures/signatures/signatures_35/original_35_19.png,original_35_19.png,genuine,0,writer_35,writer_35_sample_19,.png
/kaggle/input/datasets/matteocarnebella/cedar-signatures/signatures/signatures_35/original_35_15.png,original_35_15.png,genuine,0,writer_35,writer_35_sample_15,.png
/kaggle/input/datasets/matteocarnebella/cedar-signatures/signatures/signatures_35/forgeries_35_13.png,forgeries_35_13.png,forged,1,writer_35,writer_35_sample_13,.png
/kaggle/input/datasets/matteocarnebella/cedar-signatures/signatures/signatures_35/forgeries_35_8.png,forgeries_35_8.png,forged,1,writer_35,writer_35_sample_8,.png
/kaggle/input/datasets/matteocarnebella/cedar-signatures/signatures/signatures_35/original_35_7.png,original_35_7.png,genuine,0,writer_35,writer_35_sample_7,.png
/kaggle/input/datasets/matteocarnebella/cedar-signatures/signatures/signatures_35/forgeries_35_9.png,forgeries_35_9.png,forged,1,writer_35,writer_35_sample_9,.png
/kaggle/input/datasets/matteocarnebella/cedar-signatures/signatures/signatures_35/original_35_3.png,original_35_3.png,genuine,0,writer_35,writer_35_sample_3,.png
/kaggle/input/datasets/matteocarnebella/cedar-signatures/signatures/signatures_35/forgeries_35_23.png,forgeries_35_23.png,forged,1,writer_35,writer_35_sample_23,.png
/kaggle/input/datasets/matteocarnebella/cedar-signatures/signatures/signatures_35/original_35_6.png,original_35_6.png,genuine,0,writer_35,writer_35_sample_6,.png
/kaggle/input/datasets/matteocarnebella/cedar-signatures/signatures/signatures_35/original_35_8.png,original_35_8.png,genuine,0,writer_35,writer_35_sample_8,.png
/kaggle/input/datasets/matteocarnebella/cedar-signatures/signatures/signatures_35/forgeries_35_19.png,forgeries_35_19.png,forged,1,writer_35,writer_35_sample_19,.png
/kaggle/input/datasets/matteocarnebella/cedar-signatures/signatures/signatures_35/original_35_1.png,original_35_1.png,genuine,0,writer_35,writer_35_sample_1,.png
/kaggle/input/datasets/matteocarnebella/cedar-signatures/signatures/signatures_35/forgeries_35_3.png,forgeries_35_3.png,forged,1,writer_35,writer_35_sample_3,.png
/kaggle/input/datasets/matteocarnebella/cedar-signatures/signatures/signatures_35/forgeries_35_5.png,forgeries_35_5.png,forged,1,writer_35,writer_35_sample_5,.png
/kaggle/input/datasets/matteocarnebella/cedar-signatures/signatures/signatures_35/forgeries_35_15.png,forgeries_35_15.png,forged,1,writer_35,writer_35_sample_15,.png
/kaggle/input/datasets/matteocarnebella/cedar-signatures/signatures/signatures_35/forgeries_35_18.png,forgeries_35_18.png,forged,1,writer_35,writer_35_sample_18,.png
/kaggle/input/datasets/matteocarnebella/cedar-signatures/signatures/signatures_35/forgeries_35_1.png,forgeries_35_1.png,forged,1,writer_35,writer_35_sample_1,.png
/kaggle/input/datasets/matteocarnebella/cedar-signatures/signatures/signatures_35/original_35_21.png,original_35_21.png,genuine,0,writer_35,writer_35_sample_21,.png
/kaggle/input/datasets/matteocarnebella/cedar-signatures/signatures/signatures_35/forgeries_35_21.png,forgeries_35_21.png,forged,1,writer_35,writer_35_sample_21,.png
/kaggle/input/datasets/matteocarnebella/cedar-signatures/signatures/signatures_35/original_35_5.png,original_35_5.png,genuine,0,writer_35,writer_35_sample_5,.png
/kaggle/input/datasets/matteocarnebella/cedar-signatures/signatures/signatures_35/forgeries_35_16.png,forgeries_35_16.png,forged,1,writer_35,writer_35_sample_16,.png
/kaggle/input/datasets/matteocarnebella/cedar-signatures/signatures/signatures_35/original_35_10.png,original_35_10.png,genuine,0,writer_35,writer_35_sample_10,.png
/kaggle/input/datasets/matteocarnebella/cedar-signatures/signatures/signatures_35/forgeries_35_24.png,forgeries_35_24.png,forged,1,writer_35,writer_35_sample_24,.png
/kaggle/input/datasets/matteocarnebella/cedar-signatures/signatures/signatures_35/original_35_11.png,original_35_11.png,genuine,0,writer_35,writer_35_sample_11,.png
/kaggle/input/datasets/matteocarnebella/cedar-signatures/signatures/signatures_35/original_35_22.png,original_35_22.png,genuine,0,writer_35,writer_35_sample_22,.png
/kaggle/input/datasets/matteocarnebella/cedar-signatures/signatures/signatures_35/original_35_12.png,original_35_12.png,genuine,0,writer_35,writer_35_sample_12,.png
/kaggle/input/datasets/matteocarnebella/cedar-signatures/signatures/signatures_35/original_35_14.png,original_35_14.png,genuine,0,writer_35,writer_35_sample_14,.png
/kaggle/input/datasets/matteocarnebella/cedar-signatures/signatures/signatures_35/forgeries_35_11.png,forgeries_35_11.png,forged,1,writer_35,writer_35_sample_11,.png
/kaggle/input/datasets/matteocarnebella/cedar-signatures/signatures/signatures_35/forgeries_35_7.png,forgeries_35_7.png,forged,1,writer_35,writer_35_sample_7,.png
/kaggle/input/datasets/matteocarnebella/cedar-signatures/signatures/signatures_35/original_35_4.png,original_35_4.png,genuine,0,writer_35,writer_35_sample_4,.png
/kaggle/input/datasets/matteocarnebella/cedar-signatures/signatures/signatures_35/forgeries_35_12.png,forgeries_35_12.png,forged,1,writer_35,writer_35_sample_12,.png
/kaggle/input/datasets/matteocarnebella/cedar-signatures/signatures/signatures_35/forgeries_35_2.png,forgeries_35_2.png,forged,1,writer_35,writer_35_sample_2,.png
/kaggle/input/datasets/matteocarnebella/cedar-signatures/signatures/signatures_35/original_35_13.png,original_35_13.png,genuine,0,writer_35,writer_35_sample_13,.png
/kaggle/input/datasets/matteocarnebella/cedar-signatures/signatures/signatures_35/original_35_23.png,original_35_23.png,genuine,0,writer_35,writer_35_sample_23,.png
/kaggle/input/datasets/matteocarnebella/cedar-signatures/signatures/signatures_36/original_36_18.png,original_36_18.png,genuine,0,writer_36,writer_36_sample_18,.png
/kaggle/input/datasets/matteocarnebella/cedar-signatures/signatures/signatures_36/original_36_11.png,original_36_11.png,genuine,0,writer_36,writer_36_sample_11,.png
/kaggle/input/datasets/matteocarnebella/cedar-signatures/signatures/signatures_36/forgeries_36_19.png,forgeries_36_19.png,forged,1,writer_36,writer_36_sample_19,.png
/kaggle/input/datasets/matteocarnebella/cedar-signatures/signatures/signatures_36/forgeries_36_6.png,forgeries_36_6.png,forged,1,writer_36,writer_36_sample_6,.png
/kaggle/input/datasets/matteocarnebella/cedar-signatures/signatures/signatures_36/original_36_9.png,original_36_9.png,genuine,0,writer_36,writer_36_sample_9,.png
/kaggle/input/datasets/matteocarnebella/cedar-signatures/signatures/signatures_36/forgeries_36_10.png,forgeries_36_10.png,forged,1,writer_36,writer_36_sample_10,.png
/kaggle/input/datasets/matteocarnebella/cedar-signatures/signatures/signatures_36/forgeries_36_14.png,forgeries_36_14.png,forged,1,writer_36,writer_36_sample_14,.png
/kaggle/input/datasets/matteocarnebella/cedar-signatures/signatures/signatures_36/original_36_20.png,original_36_20.png,genuine,0,writer_36,writer_36_sample_20,.png
/kaggle/input/datasets/matteocarnebella/cedar-signatures/signatures/signatures_36/forgeries_36_20.png,forgeries_36_20.png,forged,1,writer_36,writer_36_sample_20,.png
/kaggle/input/datasets/matteocarnebella/cedar-signatures/signatures/signatures_36/forgeries_36_9.png,forgeries_36_9.png,forged,1,writer_36,writer_36_sample_9,.png
/kaggle/input/datasets/matteocarnebella/cedar-signatures/signatures/signatures_36/forgeries_36_22.png,forgeries_36_22.png,forged,1,writer_36,writer_36_sample_22,.png
/kaggle/input/datasets/matteocarnebella/cedar-signatures/signatures/signatures_36/original_36_16.png,original_36_16.png,genuine,0,writer_36,writer_36_sample_16,.png
/kaggle/input/datasets/matteocarnebella/cedar-signatures/signatures/signatures_36/forgeries_36_3.png,forgeries_36_3.png,forged,1,writer_36,writer_36_sample_3,.png
/kaggle/input/datasets/matteocarnebella/cedar-signatures/signatures/signatures_36/original_36_14.png,original_36_14.png,genuine,0,writer_36,writer_36_sample_14,.png
/kaggle/input/datasets/matteocarnebella/cedar-signatures/signatures/signatures_36/original_36_1.png,original_36_1.png,genuine,0,writer_36,writer_36_sample_1,.png
/kaggle/input/datasets/matteocarnebella/cedar-signatures/signatures/signatures_36/original_36_23.png,original_36_23.png,genuine,0,writer_36,writer_36_sample_23,.png
/kaggle/input/datasets/matteocarnebella/cedar-signatures/signatures/signatures_36/original_36_15.png,original_36_15.png,genuine,0,writer_36,writer_36_sample_15,.png
/kaggle/input/datasets/matteocarnebella/cedar-signatures/signatures/signatures_36/forgeries_36_13.png,forgeries_36_13.png,forged,1,writer_36,writer_36_sample_13,.png
/kaggle/input/datasets/matteocarnebella/cedar-signatures/signatures/signatures_36/original_36_19.png,original_36_19.png,genuine,0,writer_36,writer_36_sample_19,.png
/kaggle/input/datasets/matteocarnebella/cedar-signatures/signatures/signatures_36/forgeries_36_1.png,forgeries_36_1.png,forged,1,writer_36,writer_36_sample_1,.png
/kaggle/input/datasets/matteocarnebella/cedar-signatures/signatures/signatures_36/original_36_7.png,original_36_7.png,genuine,0,writer_36,writer_36_sample_7,.png
/kaggle/input/datasets/matteocarnebella/cedar-signatures/signatures/signatures_36/forgeries_36_12.png,forgeries_36_12.png,forged,1,writer_36,writer_36_sample_12,.png
/kaggle/input/datasets/matteocarnebella/cedar-signatures/signatures/signatures_36/original_36_5.png,original_36_5.png,genuine,0,writer_36,writer_36_sample_5,.png
/kaggle/input/datasets/matteocarnebella/cedar-signatures/signatures/signatures_36/forgeries_36_15.png,forgeries_36_15.png,forged,1,writer_36,writer_36_sample_15,.png
/kaggle/input/datasets/matteocarnebella/cedar-signatures/signatures/signatures_36/original_36_17.png,original_36_17.png,genuine,0,writer_36,writer_36_sample_17,.png
/kaggle/input/datasets/matteocarnebella/cedar-signatures/signatures/signatures_36/forgeries_36_21.png,forgeries_36_21.png,forged,1,writer_36,writer_36_sample_21,.png
/kaggle/input/datasets/matteocarnebella/cedar-signatures/signatures/signatures_36/forgeries_36_2.png,forgeries_36_2.png,forged,1,writer_36,writer_36_sample_2,.png
/kaggle/input/datasets/matteocarnebella/cedar-signatures/signatures/signatures_36/original_36_8.png,original_36_8.png,genuine,0,writer_36,writer_36_sample_8,.png
/kaggle/input/datasets/matteocarnebella/cedar-signatures/signatures/signatures_36/forgeries_36_4.png,forgeries_36_4.png,forged,1,writer_36,writer_36_sample_4,.png
/kaggle/input/datasets/matteocarnebella/cedar-signatures/signatures/signatures_36/original_36_4.png,original_36_4.png,genuine,0,writer_36,writer_36_sample_4,.png
/kaggle/input/datasets/matteocarnebella/cedar-signatures/signatures/signatures_36/original_36_2.png,original_36_2.png,genuine,0,writer_36,writer_36_sample_2,.png
/kaggle/input/datasets/matteocarnebella/cedar-signatures/signatures/signatures_36/forgeries_36_11.png,forgeries_36_11.png,forged,1,writer_36,writer_36_sample_11,.png
/kaggle/input/datasets/matteocarnebella/cedar-signatures/signatures/signatures_36/original_36_22.png,original_36_22.png,genuine,0,writer_36,writer_36_sample_22,.png
/kaggle/input/datasets/matteocarnebella/cedar-signatures/signatures/signatures_36/original_36_24.png,original_36_24.png,genuine,0,writer_36,writer_36_sample_24,.png
/kaggle/input/datasets/matteocarnebella/cedar-signatures/signatures/signatures_36/forgeries_36_23.png,forgeries_36_23.png,forged,1,writer_36,writer_36_sample_23,.png
/kaggle/input/datasets/matteocarnebella/cedar-signatures/signatures/signatures_36/forgeries_36_24.png,forgeries_36_24.png,forged,1,writer_36,writer_36_sample_24,.png
/kaggle/input/datasets/matteocarnebella/cedar-signatures/signatures/signatures_36/original_36_21.png,original_36_21.png,genuine,0,writer_36,writer_36_sample_21,.png
/kaggle/input/datasets/matteocarnebella/cedar-signatures/signatures/signatures_36/original_36_12.png,original_36_12.png,genuine,0,writer_36,writer_36_sample_12,.png
/kaggle/input/datasets/matteocarnebella/cedar-signatures/signatures/signatures_36/forgeries_36_18.png,forgeries_36_18.png,forged,1,writer_36,writer_36_sample_18,.png
/kaggle/input/datasets/matteocarnebella/cedar-signatures/signatures/signatures_36/forgeries_36_16.png,forgeries_36_16.png,forged,1,writer_36,writer_36_sample_16,.png
/kaggle/input/datasets/matteocarnebella/cedar-signatures/signatures/signatures_36/forgeries_36_8.png,forgeries_36_8.png,forged,1,writer_36,writer_36_sample_8,.png
/kaggle/input/datasets/matteocarnebella/cedar-signatures/signatures/signatures_36/forgeries_36_17.png,forgeries_36_17.png,forged,1,writer_36,writer_36_sample_17,.png
/kaggle/input/datasets/matteocarnebella/cedar-signatures/signatures/signatures_36/forgeries_36_5.png,forgeries_36_5.png,forged,1,writer_36,writer_36_sample_5,.png
/kaggle/input/datasets/matteocarnebella/cedar-signatures/signatures/signatures_36/forgeries_36_7.png,forgeries_36_7.png,forged,1,writer_36,writer_36_sample_7,.png
/kaggle/input/datasets/matteocarnebella/cedar-signatures/signatures/signatures_36/original_36_6.png,original_36_6.png,genuine,0,writer_36,writer_36_sample_6,.png
/kaggle/input/datasets/matteocarnebella/cedar-signatures/signatures/signatures_36/original_36_3.png,original_36_3.png,genuine,0,writer_36,writer_36_sample_3,.png
/kaggle/input/datasets/matteocarnebella/cedar-signatures/signatures/signatures_36/original_36_10.png,original_36_10.png,genuine,0,writer_36,writer_36_sample_10,.png
/kaggle/input/datasets/matteocarnebella/cedar-signatures/signatures/signatures_36/original_36_13.png,original_36_13.png,genuine,0,writer_36,writer_36_sample_13,.png
/kaggle/input/datasets/matteocarnebella/cedar-signatures/signatures/signatures_22/original_22_21.png,original_22_21.png,genuine,0,writer_22,writer_22_sample_21,.png
/kaggle/input/datasets/matteocarnebella/cedar-signatures/signatures/signatures_22/forgeries_22_15.png,forgeries_22_15.png,forged,1,writer_22,writer_22_sample_15,.png
/kaggle/input/datasets/matteocarnebella/cedar-signatures/signatures/signatures_22/forgeries_22_9.png,forgeries_22_9.png,forged,1,writer_22,writer_22_sample_9,.png
/kaggle/input/datasets/matteocarnebella/cedar-signatures/signatures/signatures_22/forgeries_22_1.png,forgeries_22_1.png,forged,1,writer_22,writer_22_sample_1,.png
/kaggle/input/datasets/matteocarnebella/cedar-signatures/signatures/signatures_22/original_22_11.png,original_22_11.png,genuine,0,writer_22,writer_22_sample_11,.png
/kaggle/input/datasets/matteocarnebella/cedar-signatures/signatures/signatures_22/forgeries_22_24.png,forgeries_22_24.png,forged,1,writer_22,writer_22_sample_24,.png
/kaggle/input/datasets/matteocarnebella/cedar-signatures/signatures/signatures_22/original_22_17.png,original_22_17.png,genuine,0,writer_22,writer_22_sample_17,.png
/kaggle/input/datasets/matteocarnebella/cedar-signatures/signatures/signatures_22/original_22_13.png,original_22_13.png,genuine,0,writer_22,writer_22_sample_13,.png
/kaggle/input/datasets/matteocarnebella/cedar-signatures/signatures/signatures_22/original_22_10.png,original_22_10.png,genuine,0,writer_22,writer_22_sample_10,.png
/kaggle/input/datasets/matteocarnebella/cedar-signatures/signatures/signatures_22/original_22_20.png,original_22_20.png,genuine,0,writer_22,writer_22_sample_20,.png
/kaggle/input/datasets/matteocarnebella/cedar-signatures/signatures/signatures_22/original_22_6.png,original_22_6.png,genuine,0,writer_22,writer_22_sample_6,.png
/kaggle/input/datasets/matteocarnebella/cedar-signatures/signatures/signatures_22/original_22_16.png,original_22_16.png,genuine,0,writer_22,writer_22_sample_16,.png
/kaggle/input/datasets/matteocarnebella/cedar-signatures/signatures/signatures_22/original_22_14.png,original_22_14.png,genuine,0,writer_22,writer_22_sample_14,.png
/kaggle/input/datasets/matteocarnebella/cedar-signatures/signatures/signatures_22/forgeries_22_22.png,forgeries_22_22.png,forged,1,writer_22,writer_22_sample_22,.png
/kaggle/input/datasets/matteocarnebella/cedar-signatures/signatures/signatures_22/original_22_4.png,original_22_4.png,genuine,0,writer_22,writer_22_sample_4,.png
/kaggle/input/datasets/matteocarnebella/cedar-signatures/signatures/signatures_22/original_22_3.png,original_22_3.png,genuine,0,writer_22,writer_22_sample_3,.png
/kaggle/input/datasets/matteocarnebella/cedar-signatures/signatures/signatures_22/forgeries_22_6.png,forgeries_22_6.png,forged,1,writer_22,writer_22_sample_6,.png
/kaggle/input/datasets/matteocarnebella/cedar-signatures/signatures/signatures_22/forgeries_22_5.png,forgeries_22_5.png,forged,1,writer_22,writer_22_sample_5,.png
/kaggle/input/datasets/matteocarnebella/cedar-signatures/signatures/signatures_22/original_22_7.png,original_22_7.png,genuine,0,writer_22,writer_22_sample_7,.png
/kaggle/input/datasets/matteocarnebella/cedar-signatures/signatures/signatures_22/original_22_1.png,original_22_1.png,genuine,0,writer_22,writer_22_sample_1,.png
/kaggle/input/datasets/matteocarnebella/cedar-signatures/signatures/signatures_22/forgeries_22_18.png,forgeries_22_18.png,forged,1,writer_22,writer_22_sample_18,.png
/kaggle/input/datasets/matteocarnebella/cedar-signatures/signatures/signatures_22/original_22_18.png,original_22_18.png,genuine,0,writer_22,writer_22_sample_18,.png
/kaggle/input/datasets/matteocarnebella/cedar-signatures/signatures/signatures_22/original_22_15.png,original_22_15.png,genuine,0,writer_22,writer_22_sample_15,.png
/kaggle/input/datasets/matteocarnebella/cedar-signatures/signatures/signatures_22/forgeries_22_12.png,forgeries_22_12.png,forged,1,writer_22,writer_22_sample_12,.png
/kaggle/input/datasets/matteocarnebella/cedar-signatures/signatures/signatures_22/forgeries_22_8.png,forgeries_22_8.png,forged,1,writer_22,writer_22_sample_8,.png
/kaggle/input/datasets/matteocarnebella/cedar-signatures/signatures/signatures_22/original_22_23.png,original_22_23.png,genuine,0,writer_22,writer_22_sample_23,.png
/kaggle/input/datasets/matteocarnebella/cedar-signatures/signatures/signatures_22/original_22_24.png,original_22_24.png,genuine,0,writer_22,writer_22_sample_24,.png
/kaggle/input/datasets/matteocarnebella/cedar-signatures/signatures/signatures_22/forgeries_22_21.png,forgeries_22_21.png,forged,1,writer_22,writer_22_sample_21,.png
/kaggle/input/datasets/matteocarnebella/cedar-signatures/signatures/signatures_22/forgeries_22_13.png,forgeries_22_13.png,forged,1,writer_22,writer_22_sample_13,.png
/kaggle/input/datasets/matteocarnebella/cedar-signatures/signatures/signatures_22/forgeries_22_14.png,forgeries_22_14.png,forged,1,writer_22,writer_22_sample_14,.png
/kaggle/input/datasets/matteocarnebella/cedar-signatures/signatures/signatures_22/forgeries_22_4.png,forgeries_22_4.png,forged,1,writer_22,writer_22_sample_4,.png
/kaggle/input/datasets/matteocarnebella/cedar-signatures/signatures/signatures_22/forgeries_22_7.png,forgeries_22_7.png,forged,1,writer_22,writer_22_sample_7,.png
/kaggle/input/datasets/matteocarnebella/cedar-signatures/signatures/signatures_22/forgeries_22_11.png,forgeries_22_11.png,forged,1,writer_22,writer_22_sample_11,.png
/kaggle/input/datasets/matteocarnebella/cedar-signatures/signatures/signatures_22/original_22_8.png,original_22_8.png,genuine,0,writer_22,writer_22_sample_8,.png
/kaggle/input/datasets/matteocarnebella/cedar-signatures/signatures/signatures_22/forgeries_22_17.png,forgeries_22_17.png,forged,1,writer_22,writer_22_sample_17,.png
/kaggle/input/datasets/matteocarnebella/cedar-signatures/signatures/signatures_22/forgeries_22_16.png,forgeries_22_16.png,forged,1,writer_22,writer_22_sample_16,.png
/kaggle/input/datasets/matteocarnebella/cedar-signatures/signatures/signatures_22/original_22_9.png,original_22_9.png,genuine,0,writer_22,writer_22_sample_9,.png
/kaggle/input/datasets/matteocarnebella/cedar-signatures/signatures/signatures_22/forgeries_22_23.png,forgeries_22_23.png,forged,1,writer_22,writer_22_sample_23,.png
/kaggle/input/datasets/matteocarnebella/cedar-signatures/signatures/signatures_22/forgeries_22_2.png,forgeries_22_2.png,forged,1,writer_22,writer_22_sample_2,.png
/kaggle/input/datasets/matteocarnebella/cedar-signatures/signatures/signatures_22/original_22_19.png,original_22_19.png,genuine,0,writer_22,writer_22_sample_19,.png
/kaggle/input/datasets/matteocarnebella/cedar-signatures/signatures/signatures_22/original_22_12.png,original_22_12.png,genuine,0,writer_22,writer_22_sample_12,.png
/kaggle/input/datasets/matteocarnebella/cedar-signatures/signatures/signatures_22/forgeries_22_10.png,forgeries_22_10.png,forged,1,writer_22,writer_22_sample_10,.png
/kaggle/input/datasets/matteocarnebella/cedar-signatures/signatures/signatures_22/forgeries_22_20.png,forgeries_22_20.png,forged,1,writer_22,writer_22_sample_20,.png
/kaggle/input/datasets/matteocarnebella/cedar-signatures/signatures/signatures_22/forgeries_22_19.png,forgeries_22_19.png,forged,1,writer_22,writer_22_sample_19,.png
/kaggle/input/datasets/matteocarnebella/cedar-signatures/signatures/signatures_22/original_22_2.png,original_22_2.png,genuine,0,writer_22,writer_22_sample_2,.png
/kaggle/input/datasets/matteocarnebella/cedar-signatures/signatures/signatures_22/original_22_5.png,original_22_5.png,genuine,0,writer_22,writer_22_sample_5,.png
/kaggle/input/datasets/matteocarnebella/cedar-signatures/signatures/signatures_22/original_22_22.png,original_22_22.png,genuine,0,writer_22,writer_22_sample_22,.png
/kaggle/input/datasets/matteocarnebella/cedar-signatures/signatures/signatures_22/forgeries_22_3.png,forgeries_22_3.png,forged,1,writer_22,writer_22_sample_3,.png
/kaggle/input/datasets/matteocarnebella/cedar-signatures/signatures/signatures_46/forgeries_46_19.png,forgeries_46_19.png,forged,1,writer_46,writer_46_sample_19,.png
/kaggle/input/datasets/matteocarnebella/cedar-signatures/signatures/signatures_46/original_46_3.png,original_46_3.png,genuine,0,writer_46,writer_46_sample_3,.png
/kaggle/input/datasets/matteocarnebella/cedar-signatures/signatures/signatures_46/forgeries_46_1.png,forgeries_46_1.png,forged,1,writer_46,writer_46_sample_1,.png
/kaggle/input/datasets/matteocarnebella/cedar-signatures/signatures/signatures_46/original_46_5.png,original_46_5.png,genuine,0,writer_46,writer_46_sample_5,.png
/kaggle/input/datasets/matteocarnebella/cedar-signatures/signatures/signatures_46/original_46_14.png,original_46_14.png,genuine,0,writer_46,writer_46_sample_14,.png
/kaggle/input/datasets/matteocarnebella/cedar-signatures/signatures/signatures_46/original_46_15.png,original_46_15.png,genuine,0,writer_46,writer_46_sample_15,.png
/kaggle/input/datasets/matteocarnebella/cedar-signatures/signatures/signatures_46/original_46_1.png,original_46_1.png,genuine,0,writer_46,writer_46_sample_1,.png
/kaggle/input/datasets/matteocarnebella/cedar-signatures/signatures/signatures_46/original_46_24.png,original_46_24.png,genuine,0,writer_46,writer_46_sample_24,.png
/kaggle/input/datasets/matteocarnebella/cedar-signatures/signatures/signatures_46/original_46_9.png,original_46_9.png,genuine,0,writer_46,writer_46_sample_9,.png
/kaggle/input/datasets/matteocarnebella/cedar-signatures/signatures/signatures_46/forgeries_46_5.png,forgeries_46_5.png,forged,1,writer_46,writer_46_sample_5,.png
/kaggle/input/datasets/matteocarnebella/cedar-signatures/signatures/signatures_46/original_46_21.png,original_46_21.png,genuine,0,writer_46,writer_46_sample_21,.png
/kaggle/input/datasets/matteocarnebella/cedar-signatures/signatures/signatures_46/forgeries_46_10.png,forgeries_46_10.png,forged,1,writer_46,writer_46_sample_10,.png
/kaggle/input/datasets/matteocarnebella/cedar-signatures/signatures/signatures_46/forgeries_46_6.png,forgeries_46_6.png,forged,1,writer_46,writer_46_sample_6,.png
/kaggle/input/datasets/matteocarnebella/cedar-signatures/signatures/signatures_46/forgeries_46_4.png,forgeries_46_4.png,forged,1,writer_46,writer_46_sample_4,.png
/kaggle/input/datasets/matteocarnebella/cedar-signatures/signatures/signatures_46/forgeries_46_11.png,forgeries_46_11.png,forged,1,writer_46,writer_46_sample_11,.png
/kaggle/input/datasets/matteocarnebella/cedar-signatures/signatures/signatures_46/forgeries_46_3.png,forgeries_46_3.png,forged,1,writer_46,writer_46_sample_3,.png
/kaggle/input/datasets/matteocarnebella/cedar-signatures/signatures/signatures_46/forgeries_46_21.png,forgeries_46_21.png,forged,1,writer_46,writer_46_sample_21,.png
/kaggle/input/datasets/matteocarnebella/cedar-signatures/signatures/signatures_46/original_46_18.png,original_46_18.png,genuine,0,writer_46,writer_46_sample_18,.png
/kaggle/input/datasets/matteocarnebella/cedar-signatures/signatures/signatures_46/forgeries_46_23.png,forgeries_46_23.png,forged,1,writer_46,writer_46_sample_23,.png
/kaggle/input/datasets/matteocarnebella/cedar-signatures/signatures/signatures_46/original_46_11.png,original_46_11.png,genuine,0,writer_46,writer_46_sample_11,.png
/kaggle/input/datasets/matteocarnebella/cedar-signatures/signatures/signatures_46/forgeries_46_15.png,forgeries_46_15.png,forged,1,writer_46,writer_46_sample_15,.png
/kaggle/input/datasets/matteocarnebella/cedar-signatures/signatures/signatures_46/forgeries_46_20.png,forgeries_46_20.png,forged,1,writer_46,writer_46_sample_20,.png
/kaggle/input/datasets/matteocarnebella/cedar-signatures/signatures/signatures_46/forgeries_46_14.png,forgeries_46_14.png,forged,1,writer_46,writer_46_sample_14,.png
/kaggle/input/datasets/matteocarnebella/cedar-signatures/signatures/signatures_46/original_46_22.png,original_46_22.png,genuine,0,writer_46,writer_46_sample_22,.png
/kaggle/input/datasets/matteocarnebella/cedar-signatures/signatures/signatures_46/original_46_13.png,original_46_13.png,genuine,0,writer_46,writer_46_sample_13,.png
/kaggle/input/datasets/matteocarnebella/cedar-signatures/signatures/signatures_46/original_46_6.png,original_46_6.png,genuine,0,writer_46,writer_46_sample_6,.png
/kaggle/input/datasets/matteocarnebella/cedar-signatures/signatures/signatures_46/forgeries_46_12.png,forgeries_46_12.png,forged,1,writer_46,writer_46_sample_12,.png
/kaggle/input/datasets/matteocarnebella/cedar-signatures/signatures/signatures_46/original_46_10.png,original_46_10.png,genuine,0,writer_46,writer_46_sample_10,.png
/kaggle/input/datasets/matteocarnebella/cedar-signatures/signatures/signatures_46/original_46_17.png,original_46_17.png,genuine,0,writer_46,writer_46_sample_17,.png
/kaggle/input/datasets/matteocarnebella/cedar-signatures/signatures/signatures_46/forgeries_46_2.png,forgeries_46_2.png,forged,1,writer_46,writer_46_sample_2,.png
/kaggle/input/datasets/matteocarnebella/cedar-signatures/signatures/signatures_46/forgeries_46_7.png,forgeries_46_7.png,forged,1,writer_46,writer_46_sample_7,.png
/kaggle/input/datasets/matteocarnebella/cedar-signatures/signatures/signatures_46/original_46_4.png,original_46_4.png,genuine,0,writer_46,writer_46_sample_4,.png
/kaggle/input/datasets/matteocarnebella/cedar-signatures/signatures/signatures_46/forgeries_46_16.png,forgeries_46_16.png,forged,1,writer_46,writer_46_sample_16,.png
/kaggle/input/datasets/matteocarnebella/cedar-signatures/signatures/signatures_46/forgeries_46_22.png,forgeries_46_22.png,forged,1,writer_46,writer_46_sample_22,.png
/kaggle/input/datasets/matteocarnebella/cedar-signatures/signatures/signatures_46/original_46_23.png,original_46_23.png,genuine,0,writer_46,writer_46_sample_23,.png
/kaggle/input/datasets/matteocarnebella/cedar-signatures/signatures/signatures_46/original_46_12.png,original_46_12.png,genuine,0,writer_46,writer_46_sample_12,.png
/kaggle/input/datasets/matteocarnebella/cedar-signatures/signatures/signatures_46/original_46_19.png,original_46_19.png,genuine,0,writer_46,writer_46_sample_19,.png
/kaggle/input/datasets/matteocarnebella/cedar-signatures/signatures/signatures_46/forgeries_46_18.png,forgeries_46_18.png,forged,1,writer_46,writer_46_sample_18,.png
/kaggle/input/datasets/matteocarnebella/cedar-signatures/signatures/signatures_46/forgeries_46_24.png,forgeries_46_24.png,forged,1,writer_46,writer_46_sample_24,.png
/kaggle/input/datasets/matteocarnebella/cedar-signatures/signatures/signatures_46/original_46_8.png,original_46_8.png,genuine,0,writer_46,writer_46_sample_8,.png
/kaggle/input/datasets/matteocarnebella/cedar-signatures/signatures/signatures_46/original_46_20.png,original_46_20.png,genuine,0,writer_46,writer_46_sample_20,.png
/kaggle/input/datasets/matteocarnebella/cedar-signatures/signatures/signatures_46/original_46_16.png,original_46_16.png,genuine,0,writer_46,writer_46_sample_16,.png
/kaggle/input/datasets/matteocarnebella/cedar-signatures/signatures/signatures_46/forgeries_46_13.png,forgeries_46_13.png,forged,1,writer_46,writer_46_sample_13,.png
/kaggle/input/datasets/matteocarnebella/cedar-signatures/signatures/signatures_46/forgeries_46_9.png,forgeries_46_9.png,forged,1,writer_46,writer_46_sample_9,.png
/kaggle/input/datasets/matteocarnebella/cedar-signatures/signatures/signatures_46/original_46_7.png,original_46_7.png,genuine,0,writer_46,writer_46_sample_7,.png
/kaggle/input/datasets/matteocarnebella/cedar-signatures/signatures/signatures_46/original_46_2.png,original_46_2.png,genuine,0,writer_46,writer_46_sample_2,.png
/kaggle/input/datasets/matteocarnebella/cedar-signatures/signatures/signatures_46/forgeries_46_8.png,forgeries_46_8.png,forged,1,writer_46,writer_46_sample_8,.png
/kaggle/input/datasets/matteocarnebella/cedar-signatures/signatures/signatures_46/forgeries_46_17.png,forgeries_46_17.png,forged,1,writer_46,writer_46_sample_17,.png
/kaggle/input/datasets/matteocarnebella/cedar-signatures/signatures/signatures_11/original_11_19.png,original_11_19.png,genuine,0,writer_11,writer_11_sample_19,.png
/kaggle/input/datasets/matteocarnebella/cedar-signatures/signatures/signatures_11/original_11_2.png,original_11_2.png,genuine,0,writer_11,writer_11_sample_2,.png
/kaggle/input/datasets/matteocarnebella/cedar-signatures/signatures/signatures_11/original_11_1.png,original_11_1.png,genuine,0,writer_11,writer_11_sample_1,.png
/kaggle/input/datasets/matteocarnebella/cedar-signatures/signatures/signatures_11/forgeries_11_7.png,forgeries_11_7.png,forged,1,writer_11,writer_11_sample_7,.png
/kaggle/input/datasets/matteocarnebella/cedar-signatures/signatures/signatures_11/original_11_24.png,original_11_24.png,genuine,0,writer_11,writer_11_sample_24,.png
/kaggle/input/datasets/matteocarnebella/cedar-signatures/signatures/signatures_11/forgeries_11_22.png,forgeries_11_22.png,forged,1,writer_11,writer_11_sample_22,.png
/kaggle/input/datasets/matteocarnebella/cedar-signatures/signatures/signatures_11/original_11_13.png,original_11_13.png,genuine,0,writer_11,writer_11_sample_13,.png
/kaggle/input/datasets/matteocarnebella/cedar-signatures/signatures/signatures_11/forgeries_11_15.png,forgeries_11_15.png,forged,1,writer_11,writer_11_sample_15,.png
/kaggle/input/datasets/matteocarnebella/cedar-signatures/signatures/signatures_11/original_11_23.png,original_11_23.png,genuine,0,writer_11,writer_11_sample_23,.png
/kaggle/input/datasets/matteocarnebella/cedar-signatures/signatures/signatures_11/original_11_12.png,original_11_12.png,genuine,0,writer_11,writer_11_sample_12,.png
/kaggle/input/datasets/matteocarnebella/cedar-signatures/signatures/signatures_11/forgeries_11_23.png,forgeries_11_23.png,forged,1,writer_11,writer_11_sample_23,.png
/kaggle/input/datasets/matteocarnebella/cedar-signatures/signatures/signatures_11/forgeries_11_13.png,forgeries_11_13.png,forged,1,writer_11,writer_11_sample_13,.png
/kaggle/input/datasets/matteocarnebella/cedar-signatures/signatures/signatures_11/forgeries_11_20.png,forgeries_11_20.png,forged,1,writer_11,writer_11_sample_20,.png
/kaggle/input/datasets/matteocarnebella/cedar-signatures/signatures/signatures_11/original_11_6.png,original_11_6.png,genuine,0,writer_11,writer_11_sample_6,.png
/kaggle/input/datasets/matteocarnebella/cedar-signatures/signatures/signatures_11/forgeries_11_14.png,forgeries_11_14.png,forged,1,writer_11,writer_11_sample_14,.png
/kaggle/input/datasets/matteocarnebella/cedar-signatures/signatures/signatures_11/forgeries_11_21.png,forgeries_11_21.png,forged,1,writer_11,writer_11_sample_21,.png
/kaggle/input/datasets/matteocarnebella/cedar-signatures/signatures/signatures_11/original_11_11.png,original_11_11.png,genuine,0,writer_11,writer_11_sample_11,.png
/kaggle/input/datasets/matteocarnebella/cedar-signatures/signatures/signatures_11/forgeries_11_8.png,forgeries_11_8.png,forged,1,writer_11,writer_11_sample_8,.png
/kaggle/input/datasets/matteocarnebella/cedar-signatures/signatures/signatures_11/original_11_5.png,original_11_5.png,genuine,0,writer_11,writer_11_sample_5,.png
/kaggle/input/datasets/matteocarnebella/cedar-signatures/signatures/signatures_11/original_11_14.png,original_11_14.png,genuine,0,writer_11,writer_11_sample_14,.png
/kaggle/input/datasets/matteocarnebella/cedar-signatures/signatures/signatures_11/original_11_18.png,original_11_18.png,genuine,0,writer_11,writer_11_sample_18,.png
/kaggle/input/datasets/matteocarnebella/cedar-signatures/signatures/signatures_11/forgeries_11_12.png,forgeries_11_12.png,forged,1,writer_11,writer_11_sample_12,.png
/kaggle/input/datasets/matteocarnebella/cedar-signatures/signatures/signatures_11/forgeries_11_6.png,forgeries_11_6.png,forged,1,writer_11,writer_11_sample_6,.png
/kaggle/input/datasets/matteocarnebella/cedar-signatures/signatures/signatures_11/forgeries_11_19.png,forgeries_11_19.png,forged,1,writer_11,writer_11_sample_19,.png
/kaggle/input/datasets/matteocarnebella/cedar-signatures/signatures/signatures_11/forgeries_11_16.png,forgeries_11_16.png,forged,1,writer_11,writer_11_sample_16,.png
/kaggle/input/datasets/matteocarnebella/cedar-signatures/signatures/signatures_11/forgeries_11_9.png,forgeries_11_9.png,forged,1,writer_11,writer_11_sample_9,.png
/kaggle/input/datasets/matteocarnebella/cedar-signatures/signatures/signatures_11/forgeries_11_10.png,forgeries_11_10.png,forged,1,writer_11,writer_11_sample_10,.png
/kaggle/input/datasets/matteocarnebella/cedar-signatures/signatures/signatures_11/original_11_17.png,original_11_17.png,genuine,0,writer_11,writer_11_sample_17,.png
/kaggle/input/datasets/matteocarnebella/cedar-signatures/signatures/signatures_11/forgeries_11_1.png,forgeries_11_1.png,forged,1,writer_11,writer_11_sample_1,.png
/kaggle/input/datasets/matteocarnebella/cedar-signatures/signatures/signatures_11/forgeries_11_4.png,forgeries_11_4.png,forged,1,writer_11,writer_11_sample_4,.png
/kaggle/input/datasets/matteocarnebella/cedar-signatures/signatures/signatures_11/original_11_15.png,original_11_15.png,genuine,0,writer_11,writer_11_sample_15,.png
/kaggle/input/datasets/matteocarnebella/cedar-signatures/signatures/signatures_11/original_11_10.png,original_11_10.png,genuine,0,writer_11,writer_11_sample_10,.png
/kaggle/input/datasets/matteocarnebella/cedar-signatures/signatures/signatures_11/original_11_22.png,original_11_22.png,genuine,0,writer_11,writer_11_sample_22,.png
/kaggle/input/datasets/matteocarnebella/cedar-signatures/signatures/signatures_11/original_11_4.png,original_11_4.png,genuine,0,writer_11,writer_11_sample_4,.png
/kaggle/input/datasets/matteocarnebella/cedar-signatures/signatures/signatures_11/original_11_8.png,original_11_8.png,genuine,0,writer_11,writer_11_sample_8,.png
/kaggle/input/datasets/matteocarnebella/cedar-signatures/signatures/signatures_11/forgeries_11_3.png,forgeries_11_3.png,forged,1,writer_11,writer_11_sample_3,.png
/kaggle/input/datasets/matteocarnebella/cedar-signatures/signatures/signatures_11/forgeries_11_2.png,forgeries_11_2.png,forged,1,writer_11,writer_11_sample_2,.png
/kaggle/input/datasets/matteocarnebella/cedar-signatures/signatures/signatures_11/forgeries_11_5.png,forgeries_11_5.png,forged,1,writer_11,writer_11_sample_5,.png
/kaggle/input/datasets/matteocarnebella/cedar-signatures/signatures/signatures_11/original_11_20.png,original_11_20.png,genuine,0,writer_11,writer_11_sample_20,.png
/kaggle/input/datasets/matteocarnebella/cedar-signatures/signatures/signatures_11/original_11_3.png,original_11_3.png,genuine,0,writer_11,writer_11_sample_3,.png
/kaggle/input/datasets/matteocarnebella/cedar-signatures/signatures/signatures_11/original_11_9.png,original_11_9.png,genuine,0,writer_11,writer_11_sample_9,.png
/kaggle/input/datasets/matteocarnebella/cedar-signatures/signatures/signatures_11/original_11_21.png,original_11_21.png,genuine,0,writer_11,writer_11_sample_21,.png
/kaggle/input/datasets/matteocarnebella/cedar-signatures/signatures/signatures_11/forgeries_11_17.png,forgeries_11_17.png,forged,1,writer_11,writer_11_sample_17,.png
/kaggle/input/datasets/matteocarnebella/cedar-signatures/signatures/signatures_11/forgeries_11_24.png,forgeries_11_24.png,forged,1,writer_11,writer_11_sample_24,.png
/kaggle/input/datasets/matteocarnebella/cedar-signatures/signatures/signatures_11/original_11_16.png,original_11_16.png,genuine,0,writer_11,writer_11_sample_16,.png
/kaggle/input/datasets/matteocarnebella/cedar-signatures/signatures/signatures_11/forgeries_11_18.png,forgeries_11_18.png,forged,1,writer_11,writer_11_sample_18,.png
/kaggle/input/datasets/matteocarnebella/cedar-signatures/signatures/signatures_11/forgeries_11_11.png,forgeries_11_11.png,forged,1,writer_11,writer_11_sample_11,.png
/kaggle/input/datasets/matteocarnebella/cedar-signatures/signatures/signatures_11/original_11_7.png,original_11_7.png,genuine,0,writer_11,writer_11_sample_7,.png
/kaggle/input/datasets/matteocarnebella/cedar-signatures/signatures/signatures_42/forgeries_42_6.png,forgeries_42_6.png,forged,1,writer_42,writer_42_sample_6,.png
/kaggle/input/datasets/matteocarnebella/cedar-signatures/signatures/signatures_42/original_42_19.png,original_42_19.png,genuine,0,writer_42,writer_42_sample_19,.png
/kaggle/input/datasets/matteocarnebella/cedar-signatures/signatures/signatures_42/forgeries_42_15.png,forgeries_42_15.png,forged,1,writer_42,writer_42_sample_15,.png
/kaggle/input/datasets/matteocarnebella/cedar-signatures/signatures/signatures_42/original_42_11.png,original_42_11.png,genuine,0,writer_42,writer_42_sample_11,.png
/kaggle/input/datasets/matteocarnebella/cedar-signatures/signatures/signatures_42/original_42_22.png,original_42_22.png,genuine,0,writer_42,writer_42_sample_22,.png
/kaggle/input/datasets/matteocarnebella/cedar-signatures/signatures/signatures_42/forgeries_42_11.png,forgeries_42_11.png,forged,1,writer_42,writer_42_sample_11,.png
/kaggle/input/datasets/matteocarnebella/cedar-signatures/signatures/signatures_42/original_42_9.png,original_42_9.png,genuine,0,writer_42,writer_42_sample_9,.png
/kaggle/input/datasets/matteocarnebella/cedar-signatures/signatures/signatures_42/forgeries_42_14.png,forgeries_42_14.png,forged,1,writer_42,writer_42_sample_14,.png
/kaggle/input/datasets/matteocarnebella/cedar-signatures/signatures/signatures_42/forgeries_42_24.png,forgeries_42_24.png,forged,1,writer_42,writer_42_sample_24,.png
/kaggle/input/datasets/matteocarnebella/cedar-signatures/signatures/signatures_42/forgeries_42_13.png,forgeries_42_13.png,forged,1,writer_42,writer_42_sample_13,.png
/kaggle/input/datasets/matteocarnebella/cedar-signatures/signatures/signatures_42/original_42_23.png,original_42_23.png,genuine,0,writer_42,writer_42_sample_23,.png
/kaggle/input/datasets/matteocarnebella/cedar-signatures/signatures/signatures_42/forgeries_42_16.png,forgeries_42_16.png,forged,1,writer_42,writer_42_sample_16,.png
/kaggle/input/datasets/matteocarnebella/cedar-signatures/signatures/signatures_42/original_42_12.png,original_42_12.png,genuine,0,writer_42,writer_42_sample_12,.png
/kaggle/input/datasets/matteocarnebella/cedar-signatures/signatures/signatures_42/forgeries_42_22.png,forgeries_42_22.png,forged,1,writer_42,writer_42_sample_22,.png
/kaggle/input/datasets/matteocarnebella/cedar-signatures/signatures/signatures_42/original_42_15.png,original_42_15.png,genuine,0,writer_42,writer_42_sample_15,.png
/kaggle/input/datasets/matteocarnebella/cedar-signatures/signatures/signatures_42/forgeries_42_9.png,forgeries_42_9.png,forged,1,writer_42,writer_42_sample_9,.png
/kaggle/input/datasets/matteocarnebella/cedar-signatures/signatures/signatures_42/original_42_8.png,original_42_8.png,genuine,0,writer_42,writer_42_sample_8,.png
/kaggle/input/datasets/matteocarnebella/cedar-signatures/signatures/signatures_42/forgeries_42_5.png,forgeries_42_5.png,forged,1,writer_42,writer_42_sample_5,.png
/kaggle/input/datasets/matteocarnebella/cedar-signatures/signatures/signatures_42/original_42_4.png,original_42_4.png,genuine,0,writer_42,writer_42_sample_4,.png
/kaggle/input/datasets/matteocarnebella/cedar-signatures/signatures/signatures_42/original_42_13.png,original_42_13.png,genuine,0,writer_42,writer_42_sample_13,.png
/kaggle/input/datasets/matteocarnebella/cedar-signatures/signatures/signatures_42/original_42_14.png,original_42_14.png,genuine,0,writer_42,writer_42_sample_14,.png
/kaggle/input/datasets/matteocarnebella/cedar-signatures/signatures/signatures_42/forgeries_42_1.png,forgeries_42_1.png,forged,1,writer_42,writer_42_sample_1,.png
/kaggle/input/datasets/matteocarnebella/cedar-signatures/signatures/signatures_42/original_42_1.png,original_42_1.png,genuine,0,writer_42,writer_42_sample_1,.png
/kaggle/input/datasets/matteocarnebella/cedar-signatures/signatures/signatures_42/original_42_10.png,original_42_10.png,genuine,0,writer_42,writer_42_sample_10,.png
/kaggle/input/datasets/matteocarnebella/cedar-signatures/signatures/signatures_42/original_42_16.png,original_42_16.png,genuine,0,writer_42,writer_42_sample_16,.png
/kaggle/input/datasets/matteocarnebella/cedar-signatures/signatures/signatures_42/original_42_21.png,original_42_21.png,genuine,0,writer_42,writer_42_sample_21,.png
/kaggle/input/datasets/matteocarnebella/cedar-signatures/signatures/signatures_42/original_42_2.png,original_42_2.png,genuine,0,writer_42,writer_42_sample_2,.png
/kaggle/input/datasets/matteocarnebella/cedar-signatures/signatures/signatures_42/original_42_17.png,original_42_17.png,genuine,0,writer_42,writer_42_sample_17,.png
/kaggle/input/datasets/matteocarnebella/cedar-signatures/signatures/signatures_42/original_42_3.png,original_42_3.png,genuine,0,writer_42,writer_42_sample_3,.png
/kaggle/input/datasets/matteocarnebella/cedar-signatures/signatures/signatures_42/original_42_20.png,original_42_20.png,genuine,0,writer_42,writer_42_sample_20,.png
/kaggle/input/datasets/matteocarnebella/cedar-signatures/signatures/signatures_42/original_42_24.png,original_42_24.png,genuine,0,writer_42,writer_42_sample_24,.png
/kaggle/input/datasets/matteocarnebella/cedar-signatures/signatures/signatures_42/forgeries_42_23.png,forgeries_42_23.png,forged,1,writer_42,writer_42_sample_23,.png
/kaggle/input/datasets/matteocarnebella/cedar-signatures/signatures/signatures_42/forgeries_42_20.png,forgeries_42_20.png,forged,1,writer_42,writer_42_sample_20,.png
/kaggle/input/datasets/matteocarnebella/cedar-signatures/signatures/signatures_42/forgeries_42_7.png,forgeries_42_7.png,forged,1,writer_42,writer_42_sample_7,.png
/kaggle/input/datasets/matteocarnebella/cedar-signatures/signatures/signatures_42/original_42_18.png,original_42_18.png,genuine,0,writer_42,writer_42_sample_18,.png
/kaggle/input/datasets/matteocarnebella/cedar-signatures/signatures/signatures_42/forgeries_42_19.png,forgeries_42_19.png,forged,1,writer_42,writer_42_sample_19,.png
/kaggle/input/datasets/matteocarnebella/cedar-signatures/signatures/signatures_42/forgeries_42_10.png,forgeries_42_10.png,forged,1,writer_42,writer_42_sample_10,.png
/kaggle/input/datasets/matteocarnebella/cedar-signatures/signatures/signatures_42/original_42_7.png,original_42_7.png,genuine,0,writer_42,writer_42_sample_7,.png
/kaggle/input/datasets/matteocarnebella/cedar-signatures/signatures/signatures_42/forgeries_42_18.png,forgeries_42_18.png,forged,1,writer_42,writer_42_sample_18,.png
/kaggle/input/datasets/matteocarnebella/cedar-signatures/signatures/signatures_42/original_42_6.png,original_42_6.png,genuine,0,writer_42,writer_42_sample_6,.png
/kaggle/input/datasets/matteocarnebella/cedar-signatures/signatures/signatures_42/original_42_5.png,original_42_5.png,genuine,0,writer_42,writer_42_sample_5,.png
/kaggle/input/datasets/matteocarnebella/cedar-signatures/signatures/signatures_42/forgeries_42_12.png,forgeries_42_12.png,forged,1,writer_42,writer_42_sample_12,.png
/kaggle/input/datasets/matteocarnebella/cedar-signatures/signatures/signatures_42/forgeries_42_8.png,forgeries_42_8.png,forged,1,writer_42,writer_42_sample_8,.png
/kaggle/input/datasets/matteocarnebella/cedar-signatures/signatures/signatures_42/forgeries_42_2.png,forgeries_42_2.png,forged,1,writer_42,writer_42_sample_2,.png
/kaggle/input/datasets/matteocarnebella/cedar-signatures/signatures/signatures_42/forgeries_42_21.png,forgeries_42_21.png,forged,1,writer_42,writer_42_sample_21,.png
/kaggle/input/datasets/matteocarnebella/cedar-signatures/signatures/signatures_42/forgeries_42_4.png,forgeries_42_4.png,forged,1,writer_42,writer_42_sample_4,.png
/kaggle/input/datasets/matteocarnebella/cedar-signatures/signatures/signatures_42/forgeries_42_3.png,forgeries_42_3.png,forged,1,writer_42,writer_42_sample_3,.png
/kaggle/input/datasets/matteocarnebella/cedar-signatures/signatures/signatures_42/forgeries_42_17.png,forgeries_42_17.png,forged,1,writer_42,writer_42_sample_17,.png
/kaggle/input/datasets/matteocarnebella/cedar-signatures/signatures/signatures_24/original_24_4.png,original_24_4.png,genuine,0,writer_24,writer_24_sample_4,.png
/kaggle/input/datasets/matteocarnebella/cedar-signatures/signatures/signatures_24/forgeries_24_11.png,forgeries_24_11.png,forged,1,writer_24,writer_24_sample_11,.png
/kaggle/input/datasets/matteocarnebella/cedar-signatures/signatures/signatures_24/original_24_22.png,original_24_22.png,genuine,0,writer_24,writer_24_sample_22,.png
/kaggle/input/datasets/matteocarnebella/cedar-signatures/signatures/signatures_24/original_24_20.png,original_24_20.png,genuine,0,writer_24,writer_24_sample_20,.png
/kaggle/input/datasets/matteocarnebella/cedar-signatures/signatures/signatures_24/forgeries_24_7.png,forgeries_24_7.png,forged,1,writer_24,writer_24_sample_7,.png
/kaggle/input/datasets/matteocarnebella/cedar-signatures/signatures/signatures_24/forgeries_24_14.png,forgeries_24_14.png,forged,1,writer_24,writer_24_sample_14,.png
/kaggle/input/datasets/matteocarnebella/cedar-signatures/signatures/signatures_24/original_24_11.png,original_24_11.png,genuine,0,writer_24,writer_24_sample_11,.png
/kaggle/input/datasets/matteocarnebella/cedar-signatures/signatures/signatures_24/forgeries_24_16.png,forgeries_24_16.png,forged,1,writer_24,writer_24_sample_16,.png
/kaggle/input/datasets/matteocarnebella/cedar-signatures/signatures/signatures_24/original_24_7.png,original_24_7.png,genuine,0,writer_24,writer_24_sample_7,.png
/kaggle/input/datasets/matteocarnebella/cedar-signatures/signatures/signatures_24/original_24_16.png,original_24_16.png,genuine,0,writer_24,writer_24_sample_16,.png
/kaggle/input/datasets/matteocarnebella/cedar-signatures/signatures/signatures_24/forgeries_24_18.png,forgeries_24_18.png,forged,1,writer_24,writer_24_sample_18,.png
/kaggle/input/datasets/matteocarnebella/cedar-signatures/signatures/signatures_24/forgeries_24_24.png,forgeries_24_24.png,forged,1,writer_24,writer_24_sample_24,.png
/kaggle/input/datasets/matteocarnebella/cedar-signatures/signatures/signatures_24/original_24_8.png,original_24_8.png,genuine,0,writer_24,writer_24_sample_8,.png
/kaggle/input/datasets/matteocarnebella/cedar-signatures/signatures/signatures_24/forgeries_24_15.png,forgeries_24_15.png,forged,1,writer_24,writer_24_sample_15,.png
/kaggle/input/datasets/matteocarnebella/cedar-signatures/signatures/signatures_24/original_24_10.png,original_24_10.png,genuine,0,writer_24,writer_24_sample_10,.png
/kaggle/input/datasets/matteocarnebella/cedar-signatures/signatures/signatures_24/forgeries_24_6.png,forgeries_24_6.png,forged,1,writer_24,writer_24_sample_6,.png
/kaggle/input/datasets/matteocarnebella/cedar-signatures/signatures/signatures_24/original_24_21.png,original_24_21.png,genuine,0,writer_24,writer_24_sample_21,.png
/kaggle/input/datasets/matteocarnebella/cedar-signatures/signatures/signatures_24/forgeries_24_8.png,forgeries_24_8.png,forged,1,writer_24,writer_24_sample_8,.png
/kaggle/input/datasets/matteocarnebella/cedar-signatures/signatures/signatures_24/forgeries_24_21.png,forgeries_24_21.png,forged,1,writer_24,writer_24_sample_21,.png
/kaggle/input/datasets/matteocarnebella/cedar-signatures/signatures/signatures_24/forgeries_24_2.png,forgeries_24_2.png,forged,1,writer_24,writer_24_sample_2,.png
/kaggle/input/datasets/matteocarnebella/cedar-signatures/signatures/signatures_24/forgeries_24_5.png,forgeries_24_5.png,forged,1,writer_24,writer_24_sample_5,.png
/kaggle/input/datasets/matteocarnebella/cedar-signatures/signatures/signatures_24/forgeries_24_20.png,forgeries_24_20.png,forged,1,writer_24,writer_24_sample_20,.png
/kaggle/input/datasets/matteocarnebella/cedar-signatures/signatures/signatures_24/original_24_9.png,original_24_9.png,genuine,0,writer_24,writer_24_sample_9,.png
/kaggle/input/datasets/matteocarnebella/cedar-signatures/signatures/signatures_24/original_24_13.png,original_24_13.png,genuine,0,writer_24,writer_24_sample_13,.png
/kaggle/input/datasets/matteocarnebella/cedar-signatures/signatures/signatures_24/original_24_14.png,original_24_14.png,genuine,0,writer_24,writer_24_sample_14,.png
/kaggle/input/datasets/matteocarnebella/cedar-signatures/signatures/signatures_24/original_24_3.png,original_24_3.png,genuine,0,writer_24,writer_24_sample_3,.png
/kaggle/input/datasets/matteocarnebella/cedar-signatures/signatures/signatures_24/forgeries_24_3.png,forgeries_24_3.png,forged,1,writer_24,writer_24_sample_3,.png
/kaggle/input/datasets/matteocarnebella/cedar-signatures/signatures/signatures_24/original_24_6.png,original_24_6.png,genuine,0,writer_24,writer_24_sample_6,.png
/kaggle/input/datasets/matteocarnebella/cedar-signatures/signatures/signatures_24/forgeries_24_17.png,forgeries_24_17.png,forged,1,writer_24,writer_24_sample_17,.png
/kaggle/input/datasets/matteocarnebella/cedar-signatures/signatures/signatures_24/forgeries_24_10.png,forgeries_24_10.png,forged,1,writer_24,writer_24_sample_10,.png
/kaggle/input/datasets/matteocarnebella/cedar-signatures/signatures/signatures_24/original_24_5.png,original_24_5.png,genuine,0,writer_24,writer_24_sample_5,.png
/kaggle/input/datasets/matteocarnebella/cedar-signatures/signatures/signatures_24/original_24_23.png,original_24_23.png,genuine,0,writer_24,writer_24_sample_23,.png
/kaggle/input/datasets/matteocarnebella/cedar-signatures/signatures/signatures_24/forgeries_24_22.png,forgeries_24_22.png,forged,1,writer_24,writer_24_sample_22,.png
/kaggle/input/datasets/matteocarnebella/cedar-signatures/signatures/signatures_24/original_24_24.png,original_24_24.png,genuine,0,writer_24,writer_24_sample_24,.png
/kaggle/input/datasets/matteocarnebella/cedar-signatures/signatures/signatures_24/forgeries_24_13.png,forgeries_24_13.png,forged,1,writer_24,writer_24_sample_13,.png
/kaggle/input/datasets/matteocarnebella/cedar-signatures/signatures/signatures_24/original_24_2.png,original_24_2.png,genuine,0,writer_24,writer_24_sample_2,.png
/kaggle/input/datasets/matteocarnebella/cedar-signatures/signatures/signatures_24/original_24_19.png,original_24_19.png,genuine,0,writer_24,writer_24_sample_19,.png
/kaggle/input/datasets/matteocarnebella/cedar-signatures/signatures/signatures_24/original_24_12.png,original_24_12.png,genuine,0,writer_24,writer_24_sample_12,.png
/kaggle/input/datasets/matteocarnebella/cedar-signatures/signatures/signatures_24/original_24_1.png,original_24_1.png,genuine,0,writer_24,writer_24_sample_1,.png
/kaggle/input/datasets/matteocarnebella/cedar-signatures/signatures/signatures_24/original_24_18.png,original_24_18.png,genuine,0,writer_24,writer_24_sample_18,.png
/kaggle/input/datasets/matteocarnebella/cedar-signatures/signatures/signatures_24/original_24_15.png,original_24_15.png,genuine,0,writer_24,writer_24_sample_15,.png
/kaggle/input/datasets/matteocarnebella/cedar-signatures/signatures/signatures_24/forgeries_24_9.png,forgeries_24_9.png,forged,1,writer_24,writer_24_sample_9,.png
/kaggle/input/datasets/matteocarnebella/cedar-signatures/signatures/signatures_24/forgeries_24_1.png,forgeries_24_1.png,forged,1,writer_24,writer_24_sample_1,.png
/kaggle/input/datasets/matteocarnebella/cedar-signatures/signatures/signatures_24/original_24_17.png,original_24_17.png,genuine,0,writer_24,writer_24_sample_17,.png
/kaggle/input/datasets/matteocarnebella/cedar-signatures/signatures/signatures_24/forgeries_24_12.png,forgeries_24_12.png,forged,1,writer_24,writer_24_sample_12,.png
/kaggle/input/datasets/matteocarnebella/cedar-signatures/signatures/signatures_24/forgeries_24_19.png,forgeries_24_19.png,forged,1,writer_24,writer_24_sample_19,.png
/kaggle/input/datasets/matteocarnebella/cedar-signatures/signatures/signatures_24/forgeries_24_4.png,forgeries_24_4.png,forged,1,writer_24,writer_24_sample_4,.png
/kaggle/input/datasets/matteocarnebella/cedar-signatures/signatures/signatures_24/forgeries_24_23.png,forgeries_24_23.png,forged,1,writer_24,writer_24_sample_23,.png
/kaggle/input/datasets/matteocarnebella/cedar-signatures/signatures/signatures_48/forgeries_48_14.png,forgeries_48_14.png,forged,1,writer_48,writer_48_sample_14,.png
/kaggle/input/datasets/matteocarnebella/cedar-signatures/signatures/signatures_48/forgeries_48_5.png,forgeries_48_5.png,forged,1,writer_48,writer_48_sample_5,.png
/kaggle/input/datasets/matteocarnebella/cedar-signatures/signatures/signatures_48/forgeries_48_3.png,forgeries_48_3.png,forged,1,writer_48,writer_48_sample_3,.png
/kaggle/input/datasets/matteocarnebella/cedar-signatures/signatures/signatures_48/original_48_12.png,original_48_12.png,genuine,0,writer_48,writer_48_sample_12,.png
/kaggle/input/datasets/matteocarnebella/cedar-signatures/signatures/signatures_48/original_48_8.png,original_48_8.png,genuine,0,writer_48,writer_48_sample_8,.png
/kaggle/input/datasets/matteocarnebella/cedar-signatures/signatures/signatures_48/original_48_15.png,original_48_15.png,genuine,0,writer_48,writer_48_sample_15,.png
/kaggle/input/datasets/matteocarnebella/cedar-signatures/signatures/signatures_48/forgeries_48_2.png,forgeries_48_2.png,forged,1,writer_48,writer_48_sample_2,.png
/kaggle/input/datasets/matteocarnebella/cedar-signatures/signatures/signatures_48/forgeries_48_17.png,forgeries_48_17.png,forged,1,writer_48,writer_48_sample_17,.png
/kaggle/input/datasets/matteocarnebella/cedar-signatures/signatures/signatures_48/original_48_24.png,original_48_24.png,genuine,0,writer_48,writer_48_sample_24,.png
/kaggle/input/datasets/matteocarnebella/cedar-signatures/signatures/signatures_48/original_48_11.png,original_48_11.png,genuine,0,writer_48,writer_48_sample_11,.png
/kaggle/input/datasets/matteocarnebella/cedar-signatures/signatures/signatures_48/forgeries_48_23.png,forgeries_48_23.png,forged,1,writer_48,writer_48_sample_23,.png
/kaggle/input/datasets/matteocarnebella/cedar-signatures/signatures/signatures_48/original_48_20.png,original_48_20.png,genuine,0,writer_48,writer_48_sample_20,.png
/kaggle/input/datasets/matteocarnebella/cedar-signatures/signatures/signatures_48/forgeries_48_9.png,forgeries_48_9.png,forged,1,writer_48,writer_48_sample_9,.png
/kaggle/input/datasets/matteocarnebella/cedar-signatures/signatures/signatures_48/original_48_22.png,original_48_22.png,genuine,0,writer_48,writer_48_sample_22,.png
/kaggle/input/datasets/matteocarnebella/cedar-signatures/signatures/signatures_48/original_48_19.png,original_48_19.png,genuine,0,writer_48,writer_48_sample_19,.png
/kaggle/input/datasets/matteocarnebella/cedar-signatures/signatures/signatures_48/forgeries_48_6.png,forgeries_48_6.png,forged,1,writer_48,writer_48_sample_6,.png
/kaggle/input/datasets/matteocarnebella/cedar-signatures/signatures/signatures_48/original_48_14.png,original_48_14.png,genuine,0,writer_48,writer_48_sample_14,.png
/kaggle/input/datasets/matteocarnebella/cedar-signatures/signatures/signatures_48/forgeries_48_20.png,forgeries_48_20.png,forged,1,writer_48,writer_48_sample_20,.png
/kaggle/input/datasets/matteocarnebella/cedar-signatures/signatures/signatures_48/original_48_9.png,original_48_9.png,genuine,0,writer_48,writer_48_sample_9,.png
/kaggle/input/datasets/matteocarnebella/cedar-signatures/signatures/signatures_48/original_48_6.png,original_48_6.png,genuine,0,writer_48,writer_48_sample_6,.png
/kaggle/input/datasets/matteocarnebella/cedar-signatures/signatures/signatures_48/original_48_3.png,original_48_3.png,genuine,0,writer_48,writer_48_sample_3,.png
/kaggle/input/datasets/matteocarnebella/cedar-signatures/signatures/signatures_48/forgeries_48_15.png,forgeries_48_15.png,forged,1,writer_48,writer_48_sample_15,.png
/kaggle/input/datasets/matteocarnebella/cedar-signatures/signatures/signatures_48/original_48_21.png,original_48_21.png,genuine,0,writer_48,writer_48_sample_21,.png
/kaggle/input/datasets/matteocarnebella/cedar-signatures/signatures/signatures_48/original_48_4.png,original_48_4.png,genuine,0,writer_48,writer_48_sample_4,.png
/kaggle/input/datasets/matteocarnebella/cedar-signatures/signatures/signatures_48/forgeries_48_19.png,forgeries_48_19.png,forged,1,writer_48,writer_48_sample_19,.png
/kaggle/input/datasets/matteocarnebella/cedar-signatures/signatures/signatures_48/forgeries_48_12.png,forgeries_48_12.png,forged,1,writer_48,writer_48_sample_12,.png
/kaggle/input/datasets/matteocarnebella/cedar-signatures/signatures/signatures_48/original_48_16.png,original_48_16.png,genuine,0,writer_48,writer_48_sample_16,.png
/kaggle/input/datasets/matteocarnebella/cedar-signatures/signatures/signatures_48/forgeries_48_7.png,forgeries_48_7.png,forged,1,writer_48,writer_48_sample_7,.png
/kaggle/input/datasets/matteocarnebella/cedar-signatures/signatures/signatures_48/original_48_1.png,original_48_1.png,genuine,0,writer_48,writer_48_sample_1,.png
/kaggle/input/datasets/matteocarnebella/cedar-signatures/signatures/signatures_48/original_48_17.png,original_48_17.png,genuine,0,writer_48,writer_48_sample_17,.png
/kaggle/input/datasets/matteocarnebella/cedar-signatures/signatures/signatures_48/original_48_7.png,original_48_7.png,genuine,0,writer_48,writer_48_sample_7,.png
/kaggle/input/datasets/matteocarnebella/cedar-signatures/signatures/signatures_48/original_48_5.png,original_48_5.png,genuine,0,writer_48,writer_48_sample_5,.png
/kaggle/input/datasets/matteocarnebella/cedar-signatures/signatures/signatures_48/forgeries_48_13.png,forgeries_48_13.png,forged,1,writer_48,writer_48_sample_13,.png
/kaggle/input/datasets/matteocarnebella/cedar-signatures/signatures/signatures_48/forgeries_48_8.png,forgeries_48_8.png,forged,1,writer_48,writer_48_sample_8,.png
/kaggle/input/datasets/matteocarnebella/cedar-signatures/signatures/signatures_48/forgeries_48_11.png,forgeries_48_11.png,forged,1,writer_48,writer_48_sample_11,.png
/kaggle/input/datasets/matteocarnebella/cedar-signatures/signatures/signatures_48/original_48_10.png,original_48_10.png,genuine,0,writer_48,writer_48_sample_10,.png
/kaggle/input/datasets/matteocarnebella/cedar-signatures/signatures/signatures_48/forgeries_48_1.png,forgeries_48_1.png,forged,1,writer_48,writer_48_sample_1,.png
/kaggle/input/datasets/matteocarnebella/cedar-signatures/signatures/signatures_48/original_48_18.png,original_48_18.png,genuine,0,writer_48,writer_48_sample_18,.png
/kaggle/input/datasets/matteocarnebella/cedar-signatures/signatures/signatures_48/forgeries_48_21.png,forgeries_48_21.png,forged,1,writer_48,writer_48_sample_21,.png
/kaggle/input/datasets/matteocarnebella/cedar-signatures/signatures/signatures_48/original_48_2.png,original_48_2.png,genuine,0,writer_48,writer_48_sample_2,.png
/kaggle/input/datasets/matteocarnebella/cedar-signatures/signatures/signatures_48/forgeries_48_18.png,forgeries_48_18.png,forged,1,writer_48,writer_48_sample_18,.png
/kaggle/input/datasets/matteocarnebella/cedar-signatures/signatures/signatures_48/original_48_23.png,original_48_23.png,genuine,0,writer_48,writer_48_sample_23,.png
/kaggle/input/datasets/matteocarnebella/cedar-signatures/signatures/signatures_48/forgeries_48_4.png,forgeries_48_4.png,forged,1,writer_48,writer_48_sample_4,.png
/kaggle/input/datasets/matteocarnebella/cedar-signatures/signatures/signatures_48/forgeries_48_16.png,forgeries_48_16.png,forged,1,writer_48,writer_48_sample_16,.png
/kaggle/input/datasets/matteocarnebella/cedar-signatures/signatures/signatures_48/forgeries_48_24.png,forgeries_48_24.png,forged,1,writer_48,writer_48_sample_24,.png
/kaggle/input/datasets/matteocarnebella/cedar-signatures/signatures/signatures_48/forgeries_48_22.png,forgeries_48_22.png,forged,1,writer_48,writer_48_sample_22,.png
/kaggle/input/datasets/matteocarnebella/cedar-signatures/signatures/signatures_48/original_48_13.png,original_48_13.png,genuine,0,writer_48,writer_48_sample_13,.png
/kaggle/input/datasets/matteocarnebella/cedar-signatures/signatures/signatures_48/forgeries_48_10.png,forgeries_48_10.png,forged,1,writer_48,writer_48_sample_10,.png
/kaggle/input/datasets/matteocarnebella/cedar-signatures/signatures/signatures_28/original_28_14.png,original_28_14.png,genuine,0,writer_28,writer_28_sample_14,.png
/kaggle/input/datasets/matteocarnebella/cedar-signatures/signatures/signatures_28/original_28_12.png,original_28_12.png,genuine,0,writer_28,writer_28_sample_12,.png
/kaggle/input/datasets/matteocarnebella/cedar-signatures/signatures/signatures_28/forgeries_28_5.png,forgeries_28_5.png,forged,1,writer_28,writer_28_sample_5,.png
/kaggle/input/datasets/matteocarnebella/cedar-signatures/signatures/signatures_28/original_28_10.png,original_28_10.png,genuine,0,writer_28,writer_28_sample_10,.png
/kaggle/input/datasets/matteocarnebella/cedar-signatures/signatures/signatures_28/forgeries_28_22.png,forgeries_28_22.png,forged,1,writer_28,writer_28_sample_22,.png
/kaggle/input/datasets/matteocarnebella/cedar-signatures/signatures/signatures_28/original_28_13.png,original_28_13.png,genuine,0,writer_28,writer_28_sample_13,.png
/kaggle/input/datasets/matteocarnebella/cedar-signatures/signatures/signatures_28/original_28_20.png,original_28_20.png,genuine,0,writer_28,writer_28_sample_20,.png
/kaggle/input/datasets/matteocarnebella/cedar-signatures/signatures/signatures_28/original_28_7.png,original_28_7.png,genuine,0,writer_28,writer_28_sample_7,.png
/kaggle/input/datasets/matteocarnebella/cedar-signatures/signatures/signatures_28/original_28_9.png,original_28_9.png,genuine,0,writer_28,writer_28_sample_9,.png
/kaggle/input/datasets/matteocarnebella/cedar-signatures/signatures/signatures_28/original_28_8.png,original_28_8.png,genuine,0,writer_28,writer_28_sample_8,.png
/kaggle/input/datasets/matteocarnebella/cedar-signatures/signatures/signatures_28/forgeries_28_17.png,forgeries_28_17.png,forged,1,writer_28,writer_28_sample_17,.png
/kaggle/input/datasets/matteocarnebella/cedar-signatures/signatures/signatures_28/forgeries_28_1.png,forgeries_28_1.png,forged,1,writer_28,writer_28_sample_1,.png
/kaggle/input/datasets/matteocarnebella/cedar-signatures/signatures/signatures_28/forgeries_28_2.png,forgeries_28_2.png,forged,1,writer_28,writer_28_sample_2,.png
/kaggle/input/datasets/matteocarnebella/cedar-signatures/signatures/signatures_28/forgeries_28_4.png,forgeries_28_4.png,forged,1,writer_28,writer_28_sample_4,.png
/kaggle/input/datasets/matteocarnebella/cedar-signatures/signatures/signatures_28/original_28_22.png,original_28_22.png,genuine,0,writer_28,writer_28_sample_22,.png
/kaggle/input/datasets/matteocarnebella/cedar-signatures/signatures/signatures_28/original_28_15.png,original_28_15.png,genuine,0,writer_28,writer_28_sample_15,.png
/kaggle/input/datasets/matteocarnebella/cedar-signatures/signatures/signatures_28/original_28_24.png,original_28_24.png,genuine,0,writer_28,writer_28_sample_24,.png
/kaggle/input/datasets/matteocarnebella/cedar-signatures/signatures/signatures_28/forgeries_28_14.png,forgeries_28_14.png,forged,1,writer_28,writer_28_sample_14,.png
/kaggle/input/datasets/matteocarnebella/cedar-signatures/signatures/signatures_28/original_28_16.png,original_28_16.png,genuine,0,writer_28,writer_28_sample_16,.png
/kaggle/input/datasets/matteocarnebella/cedar-signatures/signatures/signatures_28/forgeries_28_12.png,forgeries_28_12.png,forged,1,writer_28,writer_28_sample_12,.png
/kaggle/input/datasets/matteocarnebella/cedar-signatures/signatures/signatures_28/forgeries_28_15.png,forgeries_28_15.png,forged,1,writer_28,writer_28_sample_15,.png
/kaggle/input/datasets/matteocarnebella/cedar-signatures/signatures/signatures_28/forgeries_28_18.png,forgeries_28_18.png,forged,1,writer_28,writer_28_sample_18,.png
/kaggle/input/datasets/matteocarnebella/cedar-signatures/signatures/signatures_28/forgeries_28_19.png,forgeries_28_19.png,forged,1,writer_28,writer_28_sample_19,.png
/kaggle/input/datasets/matteocarnebella/cedar-signatures/signatures/signatures_28/original_28_3.png,original_28_3.png,genuine,0,writer_28,writer_28_sample_3,.png
/kaggle/input/datasets/matteocarnebella/cedar-signatures/signatures/signatures_28/forgeries_28_24.png,forgeries_28_24.png,forged,1,writer_28,writer_28_sample_24,.png
/kaggle/input/datasets/matteocarnebella/cedar-signatures/signatures/signatures_28/forgeries_28_9.png,forgeries_28_9.png,forged,1,writer_28,writer_28_sample_9,.png
/kaggle/input/datasets/matteocarnebella/cedar-signatures/signatures/signatures_28/forgeries_28_21.png,forgeries_28_21.png,forged,1,writer_28,writer_28_sample_21,.png
/kaggle/input/datasets/matteocarnebella/cedar-signatures/signatures/signatures_28/forgeries_28_13.png,forgeries_28_13.png,forged,1,writer_28,writer_28_sample_13,.png
/kaggle/input/datasets/matteocarnebella/cedar-signatures/signatures/signatures_28/original_28_11.png,original_28_11.png,genuine,0,writer_28,writer_28_sample_11,.png
/kaggle/input/datasets/matteocarnebella/cedar-signatures/signatures/signatures_28/original_28_21.png,original_28_21.png,genuine,0,writer_28,writer_28_sample_21,.png
/kaggle/input/datasets/matteocarnebella/cedar-signatures/signatures/signatures_28/original_28_6.png,original_28_6.png,genuine,0,writer_28,writer_28_sample_6,.png
/kaggle/input/datasets/matteocarnebella/cedar-signatures/signatures/signatures_28/original_28_19.png,original_28_19.png,genuine,0,writer_28,writer_28_sample_19,.png
/kaggle/input/datasets/matteocarnebella/cedar-signatures/signatures/signatures_28/forgeries_28_10.png,forgeries_28_10.png,forged,1,writer_28,writer_28_sample_10,.png
/kaggle/input/datasets/matteocarnebella/cedar-signatures/signatures/signatures_28/forgeries_28_16.png,forgeries_28_16.png,forged,1,writer_28,writer_28_sample_16,.png
/kaggle/input/datasets/matteocarnebella/cedar-signatures/signatures/signatures_28/forgeries_28_6.png,forgeries_28_6.png,forged,1,writer_28,writer_28_sample_6,.png
/kaggle/input/datasets/matteocarnebella/cedar-signatures/signatures/signatures_28/forgeries_28_7.png,forgeries_28_7.png,forged,1,writer_28,writer_28_sample_7,.png
/kaggle/input/datasets/matteocarnebella/cedar-signatures/signatures/signatures_28/forgeries_28_11.png,forgeries_28_11.png,forged,1,writer_28,writer_28_sample_11,.png
/kaggle/input/datasets/matteocarnebella/cedar-signatures/signatures/signatures_28/original_28_18.png,original_28_18.png,genuine,0,writer_28,writer_28_sample_18,.png
/kaggle/input/datasets/matteocarnebella/cedar-signatures/signatures/signatures_28/original_28_23.png,original_28_23.png,genuine,0,writer_28,writer_28_sample_23,.png
/kaggle/input/datasets/matteocarnebella/cedar-signatures/signatures/signatures_28/original_28_4.png,original_28_4.png,genuine,0,writer_28,writer_28_sample_4,.png
/kaggle/input/datasets/matteocarnebella/cedar-signatures/signatures/signatures_28/forgeries_28_3.png,forgeries_28_3.png,forged,1,writer_28,writer_28_sample_3,.png
/kaggle/input/datasets/matteocarnebella/cedar-signatures/signatures/signatures_28/original_28_5.png,original_28_5.png,genuine,0,writer_28,writer_28_sample_5,.png
/kaggle/input/datasets/matteocarnebella/cedar-signatures/signatures/signatures_28/original_28_1.png,original_28_1.png,genuine,0,writer_28,writer_28_sample_1,.png
/kaggle/input/datasets/matteocarnebella/cedar-signatures/signatures/signatures_28/forgeries_28_23.png,forgeries_28_23.png,forged,1,writer_28,writer_28_sample_23,.png
/kaggle/input/datasets/matteocarnebella/cedar-signatures/signatures/signatures_28/forgeries_28_20.png,forgeries_28_20.png,forged,1,writer_28,writer_28_sample_20,.png
/kaggle/input/datasets/matteocarnebella/cedar-signatures/signatures/signatures_28/original_28_17.png,original_28_17.png,genuine,0,writer_28,writer_28_sample_17,.png
/kaggle/input/datasets/matteocarnebella/cedar-signatures/signatures/signatures_28/original_28_2.png,original_28_2.png,genuine,0,writer_28,writer_28_sample_2,.png
/kaggle/input/datasets/matteocarnebella/cedar-signatures/signatures/signatures_28/forgeries_28_8.png,forgeries_28_8.png,forged,1,writer_28,writer_28_sample_8,.png
/kaggle/input/datasets/matteocarnebella/cedar-signatures/signatures/signatures_41/forgeries_41_23.png,forgeries_41_23.png,forged,1,writer_41,writer_41_sample_23,.png
/kaggle/input/datasets/matteocarnebella/cedar-signatures/signatures/signatures_41/original_41_15.png,original_41_15.png,genuine,0,writer_41,writer_41_sample_15,.png
/kaggle/input/datasets/matteocarnebella/cedar-signatures/signatures/signatures_41/original_41_17.png,original_41_17.png,genuine,0,writer_41,writer_41_sample_17,.png
/kaggle/input/datasets/matteocarnebella/cedar-signatures/signatures/signatures_41/forgeries_41_5.png,forgeries_41_5.png,forged,1,writer_41,writer_41_sample_5,.png
/kaggle/input/datasets/matteocarnebella/cedar-signatures/signatures/signatures_41/forgeries_41_18.png,forgeries_41_18.png,forged,1,writer_41,writer_41_sample_18,.png
/kaggle/input/datasets/matteocarnebella/cedar-signatures/signatures/signatures_41/forgeries_41_19.png,forgeries_41_19.png,forged,1,writer_41,writer_41_sample_19,.png
/kaggle/input/datasets/matteocarnebella/cedar-signatures/signatures/signatures_41/forgeries_41_21.png,forgeries_41_21.png,forged,1,writer_41,writer_41_sample_21,.png
/kaggle/input/datasets/matteocarnebella/cedar-signatures/signatures/signatures_41/original_41_21.png,original_41_21.png,genuine,0,writer_41,writer_41_sample_21,.png
/kaggle/input/datasets/matteocarnebella/cedar-signatures/signatures/signatures_41/original_41_5.png,original_41_5.png,genuine,0,writer_41,writer_41_sample_5,.png
/kaggle/input/datasets/matteocarnebella/cedar-signatures/signatures/signatures_41/forgeries_41_13.png,forgeries_41_13.png,forged,1,writer_41,writer_41_sample_13,.png
/kaggle/input/datasets/matteocarnebella/cedar-signatures/signatures/signatures_41/original_41_4.png,original_41_4.png,genuine,0,writer_41,writer_41_sample_4,.png
/kaggle/input/datasets/matteocarnebella/cedar-signatures/signatures/signatures_41/forgeries_41_7.png,forgeries_41_7.png,forged,1,writer_41,writer_41_sample_7,.png
/kaggle/input/datasets/matteocarnebella/cedar-signatures/signatures/signatures_41/original_41_16.png,original_41_16.png,genuine,0,writer_41,writer_41_sample_16,.png
/kaggle/input/datasets/matteocarnebella/cedar-signatures/signatures/signatures_41/forgeries_41_17.png,forgeries_41_17.png,forged,1,writer_41,writer_41_sample_17,.png
/kaggle/input/datasets/matteocarnebella/cedar-signatures/signatures/signatures_41/forgeries_41_16.png,forgeries_41_16.png,forged,1,writer_41,writer_41_sample_16,.png
/kaggle/input/datasets/matteocarnebella/cedar-signatures/signatures/signatures_41/forgeries_41_3.png,forgeries_41_3.png,forged,1,writer_41,writer_41_sample_3,.png
/kaggle/input/datasets/matteocarnebella/cedar-signatures/signatures/signatures_41/forgeries_41_24.png,forgeries_41_24.png,forged,1,writer_41,writer_41_sample_24,.png
/kaggle/input/datasets/matteocarnebella/cedar-signatures/signatures/signatures_41/original_41_9.png,original_41_9.png,genuine,0,writer_41,writer_41_sample_9,.png
/kaggle/input/datasets/matteocarnebella/cedar-signatures/signatures/signatures_41/original_41_2.png,original_41_2.png,genuine,0,writer_41,writer_41_sample_2,.png
/kaggle/input/datasets/matteocarnebella/cedar-signatures/signatures/signatures_41/forgeries_41_4.png,forgeries_41_4.png,forged,1,writer_41,writer_41_sample_4,.png
/kaggle/input/datasets/matteocarnebella/cedar-signatures/signatures/signatures_41/forgeries_41_14.png,forgeries_41_14.png,forged,1,writer_41,writer_41_sample_14,.png
/kaggle/input/datasets/matteocarnebella/cedar-signatures/signatures/signatures_41/forgeries_41_9.png,forgeries_41_9.png,forged,1,writer_41,writer_41_sample_9,.png
/kaggle/input/datasets/matteocarnebella/cedar-signatures/signatures/signatures_41/forgeries_41_6.png,forgeries_41_6.png,forged,1,writer_41,writer_41_sample_6,.png
/kaggle/input/datasets/matteocarnebella/cedar-signatures/signatures/signatures_41/original_41_22.png,original_41_22.png,genuine,0,writer_41,writer_41_sample_22,.png
/kaggle/input/datasets/matteocarnebella/cedar-signatures/signatures/signatures_41/original_41_19.png,original_41_19.png,genuine,0,writer_41,writer_41_sample_19,.png
/kaggle/input/datasets/matteocarnebella/cedar-signatures/signatures/signatures_41/original_41_23.png,original_41_23.png,genuine,0,writer_41,writer_41_sample_23,.png
/kaggle/input/datasets/matteocarnebella/cedar-signatures/signatures/signatures_41/original_41_14.png,original_41_14.png,genuine,0,writer_41,writer_41_sample_14,.png
/kaggle/input/datasets/matteocarnebella/cedar-signatures/signatures/signatures_41/original_41_12.png,original_41_12.png,genuine,0,writer_41,writer_41_sample_12,.png
/kaggle/input/datasets/matteocarnebella/cedar-signatures/signatures/signatures_41/forgeries_41_2.png,forgeries_41_2.png,forged,1,writer_41,writer_41_sample_2,.png
/kaggle/input/datasets/matteocarnebella/cedar-signatures/signatures/signatures_41/forgeries_41_15.png,forgeries_41_15.png,forged,1,writer_41,writer_41_sample_15,.png
/kaggle/input/datasets/matteocarnebella/cedar-signatures/signatures/signatures_41/original_41_7.png,original_41_7.png,genuine,0,writer_41,writer_41_sample_7,.png
/kaggle/input/datasets/matteocarnebella/cedar-signatures/signatures/signatures_41/forgeries_41_1.png,forgeries_41_1.png,forged,1,writer_41,writer_41_sample_1,.png
/kaggle/input/datasets/matteocarnebella/cedar-signatures/signatures/signatures_41/original_41_8.png,original_41_8.png,genuine,0,writer_41,writer_41_sample_8,.png
/kaggle/input/datasets/matteocarnebella/cedar-signatures/signatures/signatures_41/original_41_6.png,original_41_6.png,genuine,0,writer_41,writer_41_sample_6,.png
/kaggle/input/datasets/matteocarnebella/cedar-signatures/signatures/signatures_41/original_41_10.png,original_41_10.png,genuine,0,writer_41,writer_41_sample_10,.png
/kaggle/input/datasets/matteocarnebella/cedar-signatures/signatures/signatures_41/forgeries_41_11.png,forgeries_41_11.png,forged,1,writer_41,writer_41_sample_11,.png
/kaggle/input/datasets/matteocarnebella/cedar-signatures/signatures/signatures_41/original_41_13.png,original_41_13.png,genuine,0,writer_41,writer_41_sample_13,.png
/kaggle/input/datasets/matteocarnebella/cedar-signatures/signatures/signatures_41/original_41_18.png,original_41_18.png,genuine,0,writer_41,writer_41_sample_18,.png
/kaggle/input/datasets/matteocarnebella/cedar-signatures/signatures/signatures_41/original_41_24.png,original_41_24.png,genuine,0,writer_41,writer_41_sample_24,.png
/kaggle/input/datasets/matteocarnebella/cedar-signatures/signatures/signatures_41/original_41_1.png,original_41_1.png,genuine,0,writer_41,writer_41_sample_1,.png
/kaggle/input/datasets/matteocarnebella/cedar-signatures/signatures/signatures_41/original_41_3.png,original_41_3.png,genuine,0,writer_41,writer_41_sample_3,.png
/kaggle/input/datasets/matteocarnebella/cedar-signatures/signatures/signatures_41/forgeries_41_8.png,forgeries_41_8.png,forged,1,writer_41,writer_41_sample_8,.png
/kaggle/input/datasets/matteocarnebella/cedar-signatures/signatures/signatures_41/forgeries_41_12.png,forgeries_41_12.png,forged,1,writer_41,writer_41_sample_12,.png
/kaggle/input/datasets/matteocarnebella/cedar-signatures/signatures/signatures_41/forgeries_41_20.png,forgeries_41_20.png,forged,1,writer_41,writer_41_sample_20,.png
/kaggle/input/datasets/matteocarnebella/cedar-signatures/signatures/signatures_41/original_41_20.png,original_41_20.png,genuine,0,writer_41,writer_41_sample_20,.png
/kaggle/input/datasets/matteocarnebella/cedar-signatures/signatures/signatures_41/original_41_11.png,original_41_11.png,genuine,0,writer_41,writer_41_sample_11,.png
/kaggle/input/datasets/matteocarnebella/cedar-signatures/signatures/signatures_41/forgeries_41_22.png,forgeries_41_22.png,forged,1,writer_41,writer_41_sample_22,.png
/kaggle/input/datasets/matteocarnebella/cedar-signatures/signatures/signatures_41/forgeries_41_10.png,forgeries_41_10.png,forged,1,writer_41,writer_41_sample_10,.png
/kaggle/input/datasets/matteocarnebella/cedar-signatures/signatures/signatures_43/original_43_6.png,original_43_6.png,genuine,0,writer_43,writer_43_sample_6,.png
/kaggle/input/datasets/matteocarnebella/cedar-signatures/signatures/signatures_43/forgeries_43_16.png,forgeries_43_16.png,forged,1,writer_43,writer_43_sample_16,.png
/kaggle/input/datasets/matteocarnebella/cedar-signatures/signatures/signatures_43/forgeries_43_18.png,forgeries_43_18.png,forged,1,writer_43,writer_43_sample_18,.png
/kaggle/input/datasets/matteocarnebella/cedar-signatures/signatures/signatures_43/forgeries_43_3.png,forgeries_43_3.png,forged,1,writer_43,writer_43_sample_3,.png
/kaggle/input/datasets/matteocarnebella/cedar-signatures/signatures/signatures_43/original_43_21.png,original_43_21.png,genuine,0,writer_43,writer_43_sample_21,.png
/kaggle/input/datasets/matteocarnebella/cedar-signatures/signatures/signatures_43/original_43_4.png,original_43_4.png,genuine,0,writer_43,writer_43_sample_4,.png
/kaggle/input/datasets/matteocarnebella/cedar-signatures/signatures/signatures_43/forgeries_43_7.png,forgeries_43_7.png,forged,1,writer_43,writer_43_sample_7,.png
/kaggle/input/datasets/matteocarnebella/cedar-signatures/signatures/signatures_43/original_43_9.png,original_43_9.png,genuine,0,writer_43,writer_43_sample_9,.png
/kaggle/input/datasets/matteocarnebella/cedar-signatures/signatures/signatures_43/forgeries_43_19.png,forgeries_43_19.png,forged,1,writer_43,writer_43_sample_19,.png
/kaggle/input/datasets/matteocarnebella/cedar-signatures/signatures/signatures_43/original_43_3.png,original_43_3.png,genuine,0,writer_43,writer_43_sample_3,.png
/kaggle/input/datasets/matteocarnebella/cedar-signatures/signatures/signatures_43/forgeries_43_11.png,forgeries_43_11.png,forged,1,writer_43,writer_43_sample_11,.png
/kaggle/input/datasets/matteocarnebella/cedar-signatures/signatures/signatures_43/forgeries_43_17.png,forgeries_43_17.png,forged,1,writer_43,writer_43_sample_17,.png
/kaggle/input/datasets/matteocarnebella/cedar-signatures/signatures/signatures_43/original_43_22.png,original_43_22.png,genuine,0,writer_43,writer_43_sample_22,.png
/kaggle/input/datasets/matteocarnebella/cedar-signatures/signatures/signatures_43/forgeries_43_8.png,forgeries_43_8.png,forged,1,writer_43,writer_43_sample_8,.png
/kaggle/input/datasets/matteocarnebella/cedar-signatures/signatures/signatures_43/original_43_8.png,original_43_8.png,genuine,0,writer_43,writer_43_sample_8,.png
/kaggle/input/datasets/matteocarnebella/cedar-signatures/signatures/signatures_43/original_43_14.png,original_43_14.png,genuine,0,writer_43,writer_43_sample_14,.png
/kaggle/input/datasets/matteocarnebella/cedar-signatures/signatures/signatures_43/original_43_1.png,original_43_1.png,genuine,0,writer_43,writer_43_sample_1,.png
/kaggle/input/datasets/matteocarnebella/cedar-signatures/signatures/signatures_43/original_43_16.png,original_43_16.png,genuine,0,writer_43,writer_43_sample_16,.png
/kaggle/input/datasets/matteocarnebella/cedar-signatures/signatures/signatures_43/original_43_19.png,original_43_19.png,genuine,0,writer_43,writer_43_sample_19,.png
/kaggle/input/datasets/matteocarnebella/cedar-signatures/signatures/signatures_43/forgeries_43_6.png,forgeries_43_6.png,forged,1,writer_43,writer_43_sample_6,.png
/kaggle/input/datasets/matteocarnebella/cedar-signatures/signatures/signatures_43/forgeries_43_21.png,forgeries_43_21.png,forged,1,writer_43,writer_43_sample_21,.png
/kaggle/input/datasets/matteocarnebella/cedar-signatures/signatures/signatures_43/original_43_13.png,original_43_13.png,genuine,0,writer_43,writer_43_sample_13,.png
/kaggle/input/datasets/matteocarnebella/cedar-signatures/signatures/signatures_43/original_43_11.png,original_43_11.png,genuine,0,writer_43,writer_43_sample_11,.png
/kaggle/input/datasets/matteocarnebella/cedar-signatures/signatures/signatures_43/forgeries_43_1.png,forgeries_43_1.png,forged,1,writer_43,writer_43_sample_1,.png
/kaggle/input/datasets/matteocarnebella/cedar-signatures/signatures/signatures_43/forgeries_43_12.png,forgeries_43_12.png,forged,1,writer_43,writer_43_sample_12,.png
/kaggle/input/datasets/matteocarnebella/cedar-signatures/signatures/signatures_43/original_43_17.png,original_43_17.png,genuine,0,writer_43,writer_43_sample_17,.png
/kaggle/input/datasets/matteocarnebella/cedar-signatures/signatures/signatures_43/original_43_20.png,original_43_20.png,genuine,0,writer_43,writer_43_sample_20,.png
/kaggle/input/datasets/matteocarnebella/cedar-signatures/signatures/signatures_43/original_43_24.png,original_43_24.png,genuine,0,writer_43,writer_43_sample_24,.png
/kaggle/input/datasets/matteocarnebella/cedar-signatures/signatures/signatures_43/forgeries_43_24.png,forgeries_43_24.png,forged,1,writer_43,writer_43_sample_24,.png
/kaggle/input/datasets/matteocarnebella/cedar-signatures/signatures/signatures_43/forgeries_43_14.png,forgeries_43_14.png,forged,1,writer_43,writer_43_sample_14,.png
/kaggle/input/datasets/matteocarnebella/cedar-signatures/signatures/signatures_43/original_43_12.png,original_43_12.png,genuine,0,writer_43,writer_43_sample_12,.png
/kaggle/input/datasets/matteocarnebella/cedar-signatures/signatures/signatures_43/original_43_2.png,original_43_2.png,genuine,0,writer_43,writer_43_sample_2,.png
/kaggle/input/datasets/matteocarnebella/cedar-signatures/signatures/signatures_43/forgeries_43_20.png,forgeries_43_20.png,forged,1,writer_43,writer_43_sample_20,.png
/kaggle/input/datasets/matteocarnebella/cedar-signatures/signatures/signatures_43/forgeries_43_23.png,forgeries_43_23.png,forged,1,writer_43,writer_43_sample_23,.png
/kaggle/input/datasets/matteocarnebella/cedar-signatures/signatures/signatures_43/original_43_5.png,original_43_5.png,genuine,0,writer_43,writer_43_sample_5,.png
/kaggle/input/datasets/matteocarnebella/cedar-signatures/signatures/signatures_43/forgeries_43_22.png,forgeries_43_22.png,forged,1,writer_43,writer_43_sample_22,.png
/kaggle/input/datasets/matteocarnebella/cedar-signatures/signatures/signatures_43/forgeries_43_13.png,forgeries_43_13.png,forged,1,writer_43,writer_43_sample_13,.png
/kaggle/input/datasets/matteocarnebella/cedar-signatures/signatures/signatures_43/forgeries_43_4.png,forgeries_43_4.png,forged,1,writer_43,writer_43_sample_4,.png
/kaggle/input/datasets/matteocarnebella/cedar-signatures/signatures/signatures_43/forgeries_43_10.png,forgeries_43_10.png,forged,1,writer_43,writer_43_sample_10,.png
/kaggle/input/datasets/matteocarnebella/cedar-signatures/signatures/signatures_43/original_43_23.png,original_43_23.png,genuine,0,writer_43,writer_43_sample_23,.png
/kaggle/input/datasets/matteocarnebella/cedar-signatures/signatures/signatures_43/forgeries_43_5.png,forgeries_43_5.png,forged,1,writer_43,writer_43_sample_5,.png
/kaggle/input/datasets/matteocarnebella/cedar-signatures/signatures/signatures_43/forgeries_43_2.png,forgeries_43_2.png,forged,1,writer_43,writer_43_sample_2,.png
/kaggle/input/datasets/matteocarnebella/cedar-signatures/signatures/signatures_43/original_43_10.png,original_43_10.png,genuine,0,writer_43,writer_43_sample_10,.png
/kaggle/input/datasets/matteocarnebella/cedar-signatures/signatures/signatures_43/original_43_15.png,original_43_15.png,genuine,0,writer_43,writer_43_sample_15,.png
/kaggle/input/datasets/matteocarnebella/cedar-signatures/signatures/signatures_43/original_43_7.png,original_43_7.png,genuine,0,writer_43,writer_43_sample_7,.png
/kaggle/input/datasets/matteocarnebella/cedar-signatures/signatures/signatures_43/original_43_18.png,original_43_18.png,genuine,0,writer_43,writer_43_sample_18,.png
/kaggle/input/datasets/matteocarnebella/cedar-signatures/signatures/signatures_43/forgeries_43_9.png,forgeries_43_9.png,forged,1,writer_43,writer_43_sample_9,.png
/kaggle/input/datasets/matteocarnebella/cedar-signatures/signatures/signatures_43/forgeries_43_15.png,forgeries_43_15.png,forged,1,writer_43,writer_43_sample_15,.png
/kaggle/input/datasets/matteocarnebella/cedar-signatures/signatures/signatures_6/forgeries_6_16.png,forgeries_6_16.png,forged,1,writer_6,writer_6_sample_16,.png
/kaggle/input/datasets/matteocarnebella/cedar-signatures/signatures/signatures_6/forgeries_6_2.png,forgeries_6_2.png,forged,1,writer_6,writer_6_sample_2,.png
/kaggle/input/datasets/matteocarnebella/cedar-signatures/signatures/signatures_6/forgeries_6_1.png,forgeries_6_1.png,forged,1,writer_6,writer_6_sample_1,.png
/kaggle/input/datasets/matteocarnebella/cedar-signatures/signatures/signatures_6/forgeries_6_19.png,forgeries_6_19.png,forged,1,writer_6,writer_6_sample_19,.png
/kaggle/input/datasets/matteocarnebella/cedar-signatures/signatures/signatures_6/forgeries_6_10.png,forgeries_6_10.png,forged,1,writer_6,writer_6_sample_10,.png
/kaggle/input/datasets/matteocarnebella/cedar-signatures/signatures/signatures_6/original_6_7.png,original_6_7.png,genuine,0,writer_6,writer_6_sample_7,.png
/kaggle/input/datasets/matteocarnebella/cedar-signatures/signatures/signatures_6/forgeries_6_13.png,forgeries_6_13.png,forged,1,writer_6,writer_6_sample_13,.png
/kaggle/input/datasets/matteocarnebella/cedar-signatures/signatures/signatures_6/original_6_22.png,original_6_22.png,genuine,0,writer_6,writer_6_sample_22,.png
/kaggle/input/datasets/matteocarnebella/cedar-signatures/signatures/signatures_6/forgeries_6_4.png,forgeries_6_4.png,forged,1,writer_6,writer_6_sample_4,.png
/kaggle/input/datasets/matteocarnebella/cedar-signatures/signatures/signatures_6/original_6_15.png,original_6_15.png,genuine,0,writer_6,writer_6_sample_15,.png
/kaggle/input/datasets/matteocarnebella/cedar-signatures/signatures/signatures_6/forgeries_6_7.png,forgeries_6_7.png,forged,1,writer_6,writer_6_sample_7,.png
/kaggle/input/datasets/matteocarnebella/cedar-signatures/signatures/signatures_6/forgeries_6_3.png,forgeries_6_3.png,forged,1,writer_6,writer_6_sample_3,.png
/kaggle/input/datasets/matteocarnebella/cedar-signatures/signatures/signatures_6/forgeries_6_20.png,forgeries_6_20.png,forged,1,writer_6,writer_6_sample_20,.png
/kaggle/input/datasets/matteocarnebella/cedar-signatures/signatures/signatures_6/original_6_2.png,original_6_2.png,genuine,0,writer_6,writer_6_sample_2,.png
/kaggle/input/datasets/matteocarnebella/cedar-signatures/signatures/signatures_6/original_6_11.png,original_6_11.png,genuine,0,writer_6,writer_6_sample_11,.png
/kaggle/input/datasets/matteocarnebella/cedar-signatures/signatures/signatures_6/forgeries_6_22.png,forgeries_6_22.png,forged,1,writer_6,writer_6_sample_22,.png
/kaggle/input/datasets/matteocarnebella/cedar-signatures/signatures/signatures_6/original_6_1.png,original_6_1.png,genuine,0,writer_6,writer_6_sample_1,.png
/kaggle/input/datasets/matteocarnebella/cedar-signatures/signatures/signatures_6/forgeries_6_23.png,forgeries_6_23.png,forged,1,writer_6,writer_6_sample_23,.png
/kaggle/input/datasets/matteocarnebella/cedar-signatures/signatures/signatures_6/original_6_13.png,original_6_13.png,genuine,0,writer_6,writer_6_sample_13,.png
/kaggle/input/datasets/matteocarnebella/cedar-signatures/signatures/signatures_6/forgeries_6_21.png,forgeries_6_21.png,forged,1,writer_6,writer_6_sample_21,.png
/kaggle/input/datasets/matteocarnebella/cedar-signatures/signatures/signatures_6/original_6_3.png,original_6_3.png,genuine,0,writer_6,writer_6_sample_3,.png
/kaggle/input/datasets/matteocarnebella/cedar-signatures/signatures/signatures_6/forgeries_6_11.png,forgeries_6_11.png,forged,1,writer_6,writer_6_sample_11,.png
/kaggle/input/datasets/matteocarnebella/cedar-signatures/signatures/signatures_6/original_6_9.png,original_6_9.png,genuine,0,writer_6,writer_6_sample_9,.png
/kaggle/input/datasets/matteocarnebella/cedar-signatures/signatures/signatures_6/forgeries_6_8.png,forgeries_6_8.png,forged,1,writer_6,writer_6_sample_8,.png
/kaggle/input/datasets/matteocarnebella/cedar-signatures/signatures/signatures_6/original_6_10.png,original_6_10.png,genuine,0,writer_6,writer_6_sample_10,.png
/kaggle/input/datasets/matteocarnebella/cedar-signatures/signatures/signatures_6/original_6_18.png,original_6_18.png,genuine,0,writer_6,writer_6_sample_18,.png
/kaggle/input/datasets/matteocarnebella/cedar-signatures/signatures/signatures_6/forgeries_6_6.png,forgeries_6_6.png,forged,1,writer_6,writer_6_sample_6,.png
/kaggle/input/datasets/matteocarnebella/cedar-signatures/signatures/signatures_6/original_6_20.png,original_6_20.png,genuine,0,writer_6,writer_6_sample_20,.png
/kaggle/input/datasets/matteocarnebella/cedar-signatures/signatures/signatures_6/original_6_4.png,original_6_4.png,genuine,0,writer_6,writer_6_sample_4,.png
/kaggle/input/datasets/matteocarnebella/cedar-signatures/signatures/signatures_6/forgeries_6_18.png,forgeries_6_18.png,forged,1,writer_6,writer_6_sample_18,.png
/kaggle/input/datasets/matteocarnebella/cedar-signatures/signatures/signatures_6/forgeries_6_5.png,forgeries_6_5.png,forged,1,writer_6,writer_6_sample_5,.png
/kaggle/input/datasets/matteocarnebella/cedar-signatures/signatures/signatures_6/forgeries_6_15.png,forgeries_6_15.png,forged,1,writer_6,writer_6_sample_15,.png
/kaggle/input/datasets/matteocarnebella/cedar-signatures/signatures/signatures_6/original_6_6.png,original_6_6.png,genuine,0,writer_6,writer_6_sample_6,.png
/kaggle/input/datasets/matteocarnebella/cedar-signatures/signatures/signatures_6/original_6_19.png,original_6_19.png,genuine,0,writer_6,writer_6_sample_19,.png
/kaggle/input/datasets/matteocarnebella/cedar-signatures/signatures/signatures_6/original_6_23.png,original_6_23.png,genuine,0,writer_6,writer_6_sample_23,.png
/kaggle/input/datasets/matteocarnebella/cedar-signatures/signatures/signatures_6/forgeries_6_24.png,forgeries_6_24.png,forged,1,writer_6,writer_6_sample_24,.png
/kaggle/input/datasets/matteocarnebella/cedar-signatures/signatures/signatures_6/original_6_5.png,original_6_5.png,genuine,0,writer_6,writer_6_sample_5,.png
/kaggle/input/datasets/matteocarnebella/cedar-signatures/signatures/signatures_6/forgeries_6_12.png,forgeries_6_12.png,forged,1,writer_6,writer_6_sample_12,.png
/kaggle/input/datasets/matteocarnebella/cedar-signatures/signatures/signatures_6/forgeries_6_9.png,forgeries_6_9.png,forged,1,writer_6,writer_6_sample_9,.png
/kaggle/input/datasets/matteocarnebella/cedar-signatures/signatures/signatures_6/original_6_21.png,original_6_21.png,genuine,0,writer_6,writer_6_sample_21,.png
/kaggle/input/datasets/matteocarnebella/cedar-signatures/signatures/signatures_6/original_6_14.png,original_6_14.png,genuine,0,writer_6,writer_6_sample_14,.png
/kaggle/input/datasets/matteocarnebella/cedar-signatures/signatures/signatures_6/original_6_24.png,original_6_24.png,genuine,0,writer_6,writer_6_sample_24,.png
/kaggle/input/datasets/matteocarnebella/cedar-signatures/signatures/signatures_6/forgeries_6_14.png,forgeries_6_14.png,forged,1,writer_6,writer_6_sample_14,.png
/kaggle/input/datasets/matteocarnebella/cedar-signatures/signatures/signatures_6/original_6_12.png,original_6_12.png,genuine,0,writer_6,writer_6_sample_12,.png
/kaggle/input/datasets/matteocarnebella/cedar-signatures/signatures/signatures_6/forgeries_6_17.png,forgeries_6_17.png,forged,1,writer_6,writer_6_sample_17,.png
/kaggle/input/datasets/matteocarnebella/cedar-signatures/signatures/signatures_6/original_6_17.png,original_6_17.png,genuine,0,writer_6,writer_6_sample_17,.png
/kaggle/input/datasets/matteocarnebella/cedar-signatures/signatures/signatures_6/original_6_16.png,original_6_16.png,genuine,0,writer_6,writer_6_sample_16,.png
/kaggle/input/datasets/matteocarnebella/cedar-signatures/signatures/signatures_6/original_6_8.png,original_6_8.png,genuine,0,writer_6,writer_6_sample_8,.png
/kaggle/input/datasets/matteocarnebella/cedar-signatures/signatures/signatures_30/forgeries_30_2.png,forgeries_30_2.png,forged,1,writer_30,writer_30_sample_2,.png
/kaggle/input/datasets/matteocarnebella/cedar-signatures/signatures/signatures_30/original_30_13.png,original_30_13.png,genuine,0,writer_30,writer_30_sample_13,.png
/kaggle/input/datasets/matteocarnebella/cedar-signatures/signatures/signatures_30/forgeries_30_10.png,forgeries_30_10.png,forged,1,writer_30,writer_30_sample_10,.png
/kaggle/input/datasets/matteocarnebella/cedar-signatures/signatures/signatures_30/original_30_16.png,original_30_16.png,genuine,0,writer_30,writer_30_sample_16,.png
/kaggle/input/datasets/matteocarnebella/cedar-signatures/signatures/signatures_30/original_30_15.png,original_30_15.png,genuine,0,writer_30,writer_30_sample_15,.png
/kaggle/input/datasets/matteocarnebella/cedar-signatures/signatures/signatures_30/original_30_23.png,original_30_23.png,genuine,0,writer_30,writer_30_sample_23,.png
/kaggle/input/datasets/matteocarnebella/cedar-signatures/signatures/signatures_30/original_30_22.png,original_30_22.png,genuine,0,writer_30,writer_30_sample_22,.png
/kaggle/input/datasets/matteocarnebella/cedar-signatures/signatures/signatures_30/forgeries_30_17.png,forgeries_30_17.png,forged,1,writer_30,writer_30_sample_17,.png
/kaggle/input/datasets/matteocarnebella/cedar-signatures/signatures/signatures_30/forgeries_30_4.png,forgeries_30_4.png,forged,1,writer_30,writer_30_sample_4,.png
/kaggle/input/datasets/matteocarnebella/cedar-signatures/signatures/signatures_30/original_30_4.png,original_30_4.png,genuine,0,writer_30,writer_30_sample_4,.png
/kaggle/input/datasets/matteocarnebella/cedar-signatures/signatures/signatures_30/forgeries_30_6.png,forgeries_30_6.png,forged,1,writer_30,writer_30_sample_6,.png
/kaggle/input/datasets/matteocarnebella/cedar-signatures/signatures/signatures_30/forgeries_30_7.png,forgeries_30_7.png,forged,1,writer_30,writer_30_sample_7,.png
/kaggle/input/datasets/matteocarnebella/cedar-signatures/signatures/signatures_30/original_30_10.png,original_30_10.png,genuine,0,writer_30,writer_30_sample_10,.png
/kaggle/input/datasets/matteocarnebella/cedar-signatures/signatures/signatures_30/forgeries_30_11.png,forgeries_30_11.png,forged,1,writer_30,writer_30_sample_11,.png
/kaggle/input/datasets/matteocarnebella/cedar-signatures/signatures/signatures_30/original_30_2.png,original_30_2.png,genuine,0,writer_30,writer_30_sample_2,.png
/kaggle/input/datasets/matteocarnebella/cedar-signatures/signatures/signatures_30/forgeries_30_8.png,forgeries_30_8.png,forged,1,writer_30,writer_30_sample_8,.png
/kaggle/input/datasets/matteocarnebella/cedar-signatures/signatures/signatures_30/original_30_5.png,original_30_5.png,genuine,0,writer_30,writer_30_sample_5,.png
/kaggle/input/datasets/matteocarnebella/cedar-signatures/signatures/signatures_30/original_30_18.png,original_30_18.png,genuine,0,writer_30,writer_30_sample_18,.png
/kaggle/input/datasets/matteocarnebella/cedar-signatures/signatures/signatures_30/original_30_6.png,original_30_6.png,genuine,0,writer_30,writer_30_sample_6,.png
/kaggle/input/datasets/matteocarnebella/cedar-signatures/signatures/signatures_30/forgeries_30_20.png,forgeries_30_20.png,forged,1,writer_30,writer_30_sample_20,.png
/kaggle/input/datasets/matteocarnebella/cedar-signatures/signatures/signatures_30/forgeries_30_12.png,forgeries_30_12.png,forged,1,writer_30,writer_30_sample_12,.png
/kaggle/input/datasets/matteocarnebella/cedar-signatures/signatures/signatures_30/forgeries_30_23.png,forgeries_30_23.png,forged,1,writer_30,writer_30_sample_23,.png
/kaggle/input/datasets/matteocarnebella/cedar-signatures/signatures/signatures_30/original_30_3.png,original_30_3.png,genuine,0,writer_30,writer_30_sample_3,.png
/kaggle/input/datasets/matteocarnebella/cedar-signatures/signatures/signatures_30/original_30_11.png,original_30_11.png,genuine,0,writer_30,writer_30_sample_11,.png
/kaggle/input/datasets/matteocarnebella/cedar-signatures/signatures/signatures_30/forgeries_30_3.png,forgeries_30_3.png,forged,1,writer_30,writer_30_sample_3,.png
/kaggle/input/datasets/matteocarnebella/cedar-signatures/signatures/signatures_30/forgeries_30_15.png,forgeries_30_15.png,forged,1,writer_30,writer_30_sample_15,.png
/kaggle/input/datasets/matteocarnebella/cedar-signatures/signatures/signatures_30/forgeries_30_18.png,forgeries_30_18.png,forged,1,writer_30,writer_30_sample_18,.png
/kaggle/input/datasets/matteocarnebella/cedar-signatures/signatures/signatures_30/original_30_17.png,original_30_17.png,genuine,0,writer_30,writer_30_sample_17,.png
/kaggle/input/datasets/matteocarnebella/cedar-signatures/signatures/signatures_30/original_30_9.png,original_30_9.png,genuine,0,writer_30,writer_30_sample_9,.png
/kaggle/input/datasets/matteocarnebella/cedar-signatures/signatures/signatures_30/forgeries_30_16.png,forgeries_30_16.png,forged,1,writer_30,writer_30_sample_16,.png
/kaggle/input/datasets/matteocarnebella/cedar-signatures/signatures/signatures_30/forgeries_30_5.png,forgeries_30_5.png,forged,1,writer_30,writer_30_sample_5,.png
/kaggle/input/datasets/matteocarnebella/cedar-signatures/signatures/signatures_30/original_30_24.png,original_30_24.png,genuine,0,writer_30,writer_30_sample_24,.png
/kaggle/input/datasets/matteocarnebella/cedar-signatures/signatures/signatures_30/forgeries_30_24.png,forgeries_30_24.png,forged,1,writer_30,writer_30_sample_24,.png
/kaggle/input/datasets/matteocarnebella/cedar-signatures/signatures/signatures_30/forgeries_30_22.png,forgeries_30_22.png,forged,1,writer_30,writer_30_sample_22,.png
/kaggle/input/datasets/matteocarnebella/cedar-signatures/signatures/signatures_30/original_30_8.png,original_30_8.png,genuine,0,writer_30,writer_30_sample_8,.png
/kaggle/input/datasets/matteocarnebella/cedar-signatures/signatures/signatures_30/original_30_12.png,original_30_12.png,genuine,0,writer_30,writer_30_sample_12,.png
/kaggle/input/datasets/matteocarnebella/cedar-signatures/signatures/signatures_30/forgeries_30_19.png,forgeries_30_19.png,forged,1,writer_30,writer_30_sample_19,.png
/kaggle/input/datasets/matteocarnebella/cedar-signatures/signatures/signatures_30/original_30_21.png,original_30_21.png,genuine,0,writer_30,writer_30_sample_21,.png
/kaggle/input/datasets/matteocarnebella/cedar-signatures/signatures/signatures_30/forgeries_30_1.png,forgeries_30_1.png,forged,1,writer_30,writer_30_sample_1,.png
/kaggle/input/datasets/matteocarnebella/cedar-signatures/signatures/signatures_30/forgeries_30_21.png,forgeries_30_21.png,forged,1,writer_30,writer_30_sample_21,.png
/kaggle/input/datasets/matteocarnebella/cedar-signatures/signatures/signatures_30/original_30_19.png,original_30_19.png,genuine,0,writer_30,writer_30_sample_19,.png
/kaggle/input/datasets/matteocarnebella/cedar-signatures/signatures/signatures_30/original_30_14.png,original_30_14.png,genuine,0,writer_30,writer_30_sample_14,.png
/kaggle/input/datasets/matteocarnebella/cedar-signatures/signatures/signatures_30/forgeries_30_9.png,forgeries_30_9.png,forged,1,writer_30,writer_30_sample_9,.png
/kaggle/input/datasets/matteocarnebella/cedar-signatures/signatures/signatures_30/original_30_1.png,original_30_1.png,genuine,0,writer_30,writer_30_sample_1,.png
/kaggle/input/datasets/matteocarnebella/cedar-signatures/signatures/signatures_30/forgeries_30_13.png,forgeries_30_13.png,forged,1,writer_30,writer_30_sample_13,.png
/kaggle/input/datasets/matteocarnebella/cedar-signatures/signatures/signatures_30/original_30_7.png,original_30_7.png,genuine,0,writer_30,writer_30_sample_7,.png
/kaggle/input/datasets/matteocarnebella/cedar-signatures/signatures/signatures_30/forgeries_30_14.png,forgeries_30_14.png,forged,1,writer_30,writer_30_sample_14,.png
/kaggle/input/datasets/matteocarnebella/cedar-signatures/signatures/signatures_30/original_30_20.png,original_30_20.png,genuine,0,writer_30,writer_30_sample_20,.png
/kaggle/input/datasets/matteocarnebella/cedar-signatures/signatures/signatures_31/original_31_9.png,original_31_9.png,genuine,0,writer_31,writer_31_sample_9,.png
/kaggle/input/datasets/matteocarnebella/cedar-signatures/signatures/signatures_31/original_31_23.png,original_31_23.png,genuine,0,writer_31,writer_31_sample_23,.png
/kaggle/input/datasets/matteocarnebella/cedar-signatures/signatures/signatures_31/original_31_11.png,original_31_11.png,genuine,0,writer_31,writer_31_sample_11,.png
/kaggle/input/datasets/matteocarnebella/cedar-signatures/signatures/signatures_31/original_31_6.png,original_31_6.png,genuine,0,writer_31,writer_31_sample_6,.png
/kaggle/input/datasets/matteocarnebella/cedar-signatures/signatures/signatures_31/forgeries_31_7.png,forgeries_31_7.png,forged,1,writer_31,writer_31_sample_7,.png
/kaggle/input/datasets/matteocarnebella/cedar-signatures/signatures/signatures_31/forgeries_31_19.png,forgeries_31_19.png,forged,1,writer_31,writer_31_sample_19,.png
/kaggle/input/datasets/matteocarnebella/cedar-signatures/signatures/signatures_31/original_31_17.png,original_31_17.png,genuine,0,writer_31,writer_31_sample_17,.png
/kaggle/input/datasets/matteocarnebella/cedar-signatures/signatures/signatures_31/original_31_5.png,original_31_5.png,genuine,0,writer_31,writer_31_sample_5,.png
/kaggle/input/datasets/matteocarnebella/cedar-signatures/signatures/signatures_31/original_31_1.png,original_31_1.png,genuine,0,writer_31,writer_31_sample_1,.png
/kaggle/input/datasets/matteocarnebella/cedar-signatures/signatures/signatures_31/original_31_13.png,original_31_13.png,genuine,0,writer_31,writer_31_sample_13,.png
/kaggle/input/datasets/matteocarnebella/cedar-signatures/signatures/signatures_31/original_31_12.png,original_31_12.png,genuine,0,writer_31,writer_31_sample_12,.png
/kaggle/input/datasets/matteocarnebella/cedar-signatures/signatures/signatures_31/forgeries_31_16.png,forgeries_31_16.png,forged,1,writer_31,writer_31_sample_16,.png
/kaggle/input/datasets/matteocarnebella/cedar-signatures/signatures/signatures_31/original_31_2.png,original_31_2.png,genuine,0,writer_31,writer_31_sample_2,.png
/kaggle/input/datasets/matteocarnebella/cedar-signatures/signatures/signatures_31/original_31_18.png,original_31_18.png,genuine,0,writer_31,writer_31_sample_18,.png
/kaggle/input/datasets/matteocarnebella/cedar-signatures/signatures/signatures_31/forgeries_31_4.png,forgeries_31_4.png,forged,1,writer_31,writer_31_sample_4,.png
/kaggle/input/datasets/matteocarnebella/cedar-signatures/signatures/signatures_31/forgeries_31_18.png,forgeries_31_18.png,forged,1,writer_31,writer_31_sample_18,.png
/kaggle/input/datasets/matteocarnebella/cedar-signatures/signatures/signatures_31/original_31_8.png,original_31_8.png,genuine,0,writer_31,writer_31_sample_8,.png
/kaggle/input/datasets/matteocarnebella/cedar-signatures/signatures/signatures_31/original_31_16.png,original_31_16.png,genuine,0,writer_31,writer_31_sample_16,.png
/kaggle/input/datasets/matteocarnebella/cedar-signatures/signatures/signatures_31/original_31_21.png,original_31_21.png,genuine,0,writer_31,writer_31_sample_21,.png
/kaggle/input/datasets/matteocarnebella/cedar-signatures/signatures/signatures_31/original_31_24.png,original_31_24.png,genuine,0,writer_31,writer_31_sample_24,.png
/kaggle/input/datasets/matteocarnebella/cedar-signatures/signatures/signatures_31/forgeries_31_22.png,forgeries_31_22.png,forged,1,writer_31,writer_31_sample_22,.png
/kaggle/input/datasets/matteocarnebella/cedar-signatures/signatures/signatures_31/original_31_20.png,original_31_20.png,genuine,0,writer_31,writer_31_sample_20,.png
/kaggle/input/datasets/matteocarnebella/cedar-signatures/signatures/signatures_31/forgeries_31_14.png,forgeries_31_14.png,forged,1,writer_31,writer_31_sample_14,.png
/kaggle/input/datasets/matteocarnebella/cedar-signatures/signatures/signatures_31/forgeries_31_11.png,forgeries_31_11.png,forged,1,writer_31,writer_31_sample_11,.png
/kaggle/input/datasets/matteocarnebella/cedar-signatures/signatures/signatures_31/forgeries_31_12.png,forgeries_31_12.png,forged,1,writer_31,writer_31_sample_12,.png
/kaggle/input/datasets/matteocarnebella/cedar-signatures/signatures/signatures_31/original_31_22.png,original_31_22.png,genuine,0,writer_31,writer_31_sample_22,.png
/kaggle/input/datasets/matteocarnebella/cedar-signatures/signatures/signatures_31/forgeries_31_8.png,forgeries_31_8.png,forged,1,writer_31,writer_31_sample_8,.png
/kaggle/input/datasets/matteocarnebella/cedar-signatures/signatures/signatures_31/forgeries_31_24.png,forgeries_31_24.png,forged,1,writer_31,writer_31_sample_24,.png
/kaggle/input/datasets/matteocarnebella/cedar-signatures/signatures/signatures_31/forgeries_31_20.png,forgeries_31_20.png,forged,1,writer_31,writer_31_sample_20,.png
/kaggle/input/datasets/matteocarnebella/cedar-signatures/signatures/signatures_31/original_31_4.png,original_31_4.png,genuine,0,writer_31,writer_31_sample_4,.png
/kaggle/input/datasets/matteocarnebella/cedar-signatures/signatures/signatures_31/forgeries_31_5.png,forgeries_31_5.png,forged,1,writer_31,writer_31_sample_5,.png
/kaggle/input/datasets/matteocarnebella/cedar-signatures/signatures/signatures_31/forgeries_31_13.png,forgeries_31_13.png,forged,1,writer_31,writer_31_sample_13,.png
/kaggle/input/datasets/matteocarnebella/cedar-signatures/signatures/signatures_31/forgeries_31_1.png,forgeries_31_1.png,forged,1,writer_31,writer_31_sample_1,.png
/kaggle/input/datasets/matteocarnebella/cedar-signatures/signatures/signatures_31/forgeries_31_23.png,forgeries_31_23.png,forged,1,writer_31,writer_31_sample_23,.png
/kaggle/input/datasets/matteocarnebella/cedar-signatures/signatures/signatures_31/forgeries_31_3.png,forgeries_31_3.png,forged,1,writer_31,writer_31_sample_3,.png
/kaggle/input/datasets/matteocarnebella/cedar-signatures/signatures/signatures_31/forgeries_31_10.png,forgeries_31_10.png,forged,1,writer_31,writer_31_sample_10,.png
/kaggle/input/datasets/matteocarnebella/cedar-signatures/signatures/signatures_31/forgeries_31_15.png,forgeries_31_15.png,forged,1,writer_31,writer_31_sample_15,.png
/kaggle/input/datasets/matteocarnebella/cedar-signatures/signatures/signatures_31/forgeries_31_9.png,forgeries_31_9.png,forged,1,writer_31,writer_31_sample_9,.png
/kaggle/input/datasets/matteocarnebella/cedar-signatures/signatures/signatures_31/original_31_7.png,original_31_7.png,genuine,0,writer_31,writer_31_sample_7,.png
/kaggle/input/datasets/matteocarnebella/cedar-signatures/signatures/signatures_31/forgeries_31_21.png,forgeries_31_21.png,forged,1,writer_31,writer_31_sample_21,.png
/kaggle/input/datasets/matteocarnebella/cedar-signatures/signatures/signatures_31/original_31_19.png,original_31_19.png,genuine,0,writer_31,writer_31_sample_19,.png
/kaggle/input/datasets/matteocarnebella/cedar-signatures/signatures/signatures_31/forgeries_31_6.png,forgeries_31_6.png,forged,1,writer_31,writer_31_sample_6,.png
/kaggle/input/datasets/matteocarnebella/cedar-signatures/signatures/signatures_31/forgeries_31_17.png,forgeries_31_17.png,forged,1,writer_31,writer_31_sample_17,.png
/kaggle/input/datasets/matteocarnebella/cedar-signatures/signatures/signatures_31/original_31_3.png,original_31_3.png,genuine,0,writer_31,writer_31_sample_3,.png
/kaggle/input/datasets/matteocarnebella/cedar-signatures/signatures/signatures_31/original_31_15.png,original_31_15.png,genuine,0,writer_31,writer_31_sample_15,.png
/kaggle/input/datasets/matteocarnebella/cedar-signatures/signatures/signatures_31/original_31_14.png,original_31_14.png,genuine,0,writer_31,writer_31_sample_14,.png
/kaggle/input/datasets/matteocarnebella/cedar-signatures/signatures/signatures_31/original_31_10.png,original_31_10.png,genuine,0,writer_31,writer_31_sample_10,.png
/kaggle/input/datasets/matteocarnebella/cedar-signatures/signatures/signatures_31/forgeries_31_2.png,forgeries_31_2.png,forged,1,writer_31,writer_31_sample_2,.png
/kaggle/input/datasets/matteocarnebella/cedar-signatures/signatures/signatures_3/original_3_7.png,original_3_7.png,genuine,0,writer_3,writer_3_sample_7,.png
/kaggle/input/datasets/matteocarnebella/cedar-signatures/signatures/signatures_3/original_3_14.png,original_3_14.png,genuine,0,writer_3,writer_3_sample_14,.png
/kaggle/input/datasets/matteocarnebella/cedar-signatures/signatures/signatures_3/forgeries_3_24.png,forgeries_3_24.png,forged,1,writer_3,writer_3_sample_24,.png
/kaggle/input/datasets/matteocarnebella/cedar-signatures/signatures/signatures_3/original_3_21.png,original_3_21.png,genuine,0,writer_3,writer_3_sample_21,.png
/kaggle/input/datasets/matteocarnebella/cedar-signatures/signatures/signatures_3/forgeries_3_9.png,forgeries_3_9.png,forged,1,writer_3,writer_3_sample_9,.png
/kaggle/input/datasets/matteocarnebella/cedar-signatures/signatures/signatures_3/forgeries_3_22.png,forgeries_3_22.png,forged,1,writer_3,writer_3_sample_22,.png
/kaggle/input/datasets/matteocarnebella/cedar-signatures/signatures/signatures_3/forgeries_3_15.png,forgeries_3_15.png,forged,1,writer_3,writer_3_sample_15,.png
/kaggle/input/datasets/matteocarnebella/cedar-signatures/signatures/signatures_3/forgeries_3_3.png,forgeries_3_3.png,forged,1,writer_3,writer_3_sample_3,.png
/kaggle/input/datasets/matteocarnebella/cedar-signatures/signatures/signatures_3/original_3_16.png,original_3_16.png,genuine,0,writer_3,writer_3_sample_16,.png
/kaggle/input/datasets/matteocarnebella/cedar-signatures/signatures/signatures_3/forgeries_3_13.png,forgeries_3_13.png,forged,1,writer_3,writer_3_sample_13,.png
/kaggle/input/datasets/matteocarnebella/cedar-signatures/signatures/signatures_3/original_3_20.png,original_3_20.png,genuine,0,writer_3,writer_3_sample_20,.png
/kaggle/input/datasets/matteocarnebella/cedar-signatures/signatures/signatures_3/original_3_4.png,original_3_4.png,genuine,0,writer_3,writer_3_sample_4,.png
/kaggle/input/datasets/matteocarnebella/cedar-signatures/signatures/signatures_3/original_3_8.png,original_3_8.png,genuine,0,writer_3,writer_3_sample_8,.png
/kaggle/input/datasets/matteocarnebella/cedar-signatures/signatures/signatures_3/forgeries_3_20.png,forgeries_3_20.png,forged,1,writer_3,writer_3_sample_20,.png
/kaggle/input/datasets/matteocarnebella/cedar-signatures/signatures/signatures_3/forgeries_3_7.png,forgeries_3_7.png,forged,1,writer_3,writer_3_sample_7,.png
/kaggle/input/datasets/matteocarnebella/cedar-signatures/signatures/signatures_3/original_3_3.png,original_3_3.png,genuine,0,writer_3,writer_3_sample_3,.png
/kaggle/input/datasets/matteocarnebella/cedar-signatures/signatures/signatures_3/original_3_10.png,original_3_10.png,genuine,0,writer_3,writer_3_sample_10,.png
/kaggle/input/datasets/matteocarnebella/cedar-signatures/signatures/signatures_3/original_3_2.png,original_3_2.png,genuine,0,writer_3,writer_3_sample_2,.png
/kaggle/input/datasets/matteocarnebella/cedar-signatures/signatures/signatures_3/forgeries_3_4.png,forgeries_3_4.png,forged,1,writer_3,writer_3_sample_4,.png
/kaggle/input/datasets/matteocarnebella/cedar-signatures/signatures/signatures_3/original_3_13.png,original_3_13.png,genuine,0,writer_3,writer_3_sample_13,.png
/kaggle/input/datasets/matteocarnebella/cedar-signatures/signatures/signatures_3/original_3_24.png,original_3_24.png,genuine,0,writer_3,writer_3_sample_24,.png
/kaggle/input/datasets/matteocarnebella/cedar-signatures/signatures/signatures_3/forgeries_3_6.png,forgeries_3_6.png,forged,1,writer_3,writer_3_sample_6,.png
/kaggle/input/datasets/matteocarnebella/cedar-signatures/signatures/signatures_3/original_3_5.png,original_3_5.png,genuine,0,writer_3,writer_3_sample_5,.png
/kaggle/input/datasets/matteocarnebella/cedar-signatures/signatures/signatures_3/original_3_18.png,original_3_18.png,genuine,0,writer_3,writer_3_sample_18,.png
/kaggle/input/datasets/matteocarnebella/cedar-signatures/signatures/signatures_3/original_3_19.png,original_3_19.png,genuine,0,writer_3,writer_3_sample_19,.png
/kaggle/input/datasets/matteocarnebella/cedar-signatures/signatures/signatures_3/forgeries_3_14.png,forgeries_3_14.png,forged,1,writer_3,writer_3_sample_14,.png
/kaggle/input/datasets/matteocarnebella/cedar-signatures/signatures/signatures_3/forgeries_3_11.png,forgeries_3_11.png,forged,1,writer_3,writer_3_sample_11,.png
/kaggle/input/datasets/matteocarnebella/cedar-signatures/signatures/signatures_3/forgeries_3_23.png,forgeries_3_23.png,forged,1,writer_3,writer_3_sample_23,.png
/kaggle/input/datasets/matteocarnebella/cedar-signatures/signatures/signatures_3/original_3_15.png,original_3_15.png,genuine,0,writer_3,writer_3_sample_15,.png
/kaggle/input/datasets/matteocarnebella/cedar-signatures/signatures/signatures_3/forgeries_3_17.png,forgeries_3_17.png,forged,1,writer_3,writer_3_sample_17,.png
/kaggle/input/datasets/matteocarnebella/cedar-signatures/signatures/signatures_3/original_3_12.png,original_3_12.png,genuine,0,writer_3,writer_3_sample_12,.png
/kaggle/input/datasets/matteocarnebella/cedar-signatures/signatures/signatures_3/forgeries_3_18.png,forgeries_3_18.png,forged,1,writer_3,writer_3_sample_18,.png
/kaggle/input/datasets/matteocarnebella/cedar-signatures/signatures/signatures_3/original_3_9.png,original_3_9.png,genuine,0,writer_3,writer_3_sample_9,.png
/kaggle/input/datasets/matteocarnebella/cedar-signatures/signatures/signatures_3/forgeries_3_2.png,forgeries_3_2.png,forged,1,writer_3,writer_3_sample_2,.png
/kaggle/input/datasets/matteocarnebella/cedar-signatures/signatures/signatures_3/forgeries_3_16.png,forgeries_3_16.png,forged,1,writer_3,writer_3_sample_16,.png
/kaggle/input/datasets/matteocarnebella/cedar-signatures/signatures/signatures_3/original_3_6.png,original_3_6.png,genuine,0,writer_3,writer_3_sample_6,.png
/kaggle/input/datasets/matteocarnebella/cedar-signatures/signatures/signatures_3/forgeries_3_19.png,forgeries_3_19.png,forged,1,writer_3,writer_3_sample_19,.png
/kaggle/input/datasets/matteocarnebella/cedar-signatures/signatures/signatures_3/forgeries_3_10.png,forgeries_3_10.png,forged,1,writer_3,writer_3_sample_10,.png
/kaggle/input/datasets/matteocarnebella/cedar-signatures/signatures/signatures_3/original_3_1.png,original_3_1.png,genuine,0,writer_3,writer_3_sample_1,.png
/kaggle/input/datasets/matteocarnebella/cedar-signatures/signatures/signatures_3/forgeries_3_1.png,forgeries_3_1.png,forged,1,writer_3,writer_3_sample_1,.png
/kaggle/input/datasets/matteocarnebella/cedar-signatures/signatures/signatures_3/original_3_17.png,original_3_17.png,genuine,0,writer_3,writer_3_sample_17,.png
/kaggle/input/datasets/matteocarnebella/cedar-signatures/signatures/signatures_3/original_3_11.png,original_3_11.png,genuine,0,writer_3,writer_3_sample_11,.png
/kaggle/input/datasets/matteocarnebella/cedar-signatures/signatures/signatures_3/forgeries_3_8.png,forgeries_3_8.png,forged,1,writer_3,writer_3_sample_8,.png
/kaggle/input/datasets/matteocarnebella/cedar-signatures/signatures/signatures_3/forgeries_3_12.png,forgeries_3_12.png,forged,1,writer_3,writer_3_sample_12,.png
/kaggle/input/datasets/matteocarnebella/cedar-signatures/signatures/signatures_3/original_3_22.png,original_3_22.png,genuine,0,writer_3,writer_3_sample_22,.png
/kaggle/input/datasets/matteocarnebella/cedar-signatures/signatures/signatures_3/forgeries_3_5.png,forgeries_3_5.png,forged,1,writer_3,writer_3_sample_5,.png
/kaggle/input/datasets/matteocarnebella/cedar-signatures/signatures/signatures_3/forgeries_3_21.png,forgeries_3_21.png,forged,1,writer_3,writer_3_sample_21,.png
/kaggle/input/datasets/matteocarnebella/cedar-signatures/signatures/signatures_3/original_3_23.png,original_3_23.png,genuine,0,writer_3,writer_3_sample_23,.png
/kaggle/input/datasets/matteocarnebella/cedar-signatures/signatures/signatures_52/original_52_13.png,original_52_13.png,genuine,0,writer_52,writer_52_sample_13,.png
/kaggle/input/datasets/matteocarnebella/cedar-signatures/signatures/signatures_52/original_52_7.png,original_52_7.png,genuine,0,writer_52,writer_52_sample_7,.png
/kaggle/input/datasets/matteocarnebella/cedar-signatures/signatures/signatures_52/forgeries_52_15.png,forgeries_52_15.png,forged,1,writer_52,writer_52_sample_15,.png
/kaggle/input/datasets/matteocarnebella/cedar-signatures/signatures/signatures_52/original_52_17.png,original_52_17.png,genuine,0,writer_52,writer_52_sample_17,.png
/kaggle/input/datasets/matteocarnebella/cedar-signatures/signatures/signatures_52/original_52_8.png,original_52_8.png,genuine,0,writer_52,writer_52_sample_8,.png
/kaggle/input/datasets/matteocarnebella/cedar-signatures/signatures/signatures_52/forgeries_52_3.png,forgeries_52_3.png,forged,1,writer_52,writer_52_sample_3,.png
/kaggle/input/datasets/matteocarnebella/cedar-signatures/signatures/signatures_52/original_52_10.png,original_52_10.png,genuine,0,writer_52,writer_52_sample_10,.png
/kaggle/input/datasets/matteocarnebella/cedar-signatures/signatures/signatures_52/original_52_12.png,original_52_12.png,genuine,0,writer_52,writer_52_sample_12,.png
/kaggle/input/datasets/matteocarnebella/cedar-signatures/signatures/signatures_52/forgeries_52_11.png,forgeries_52_11.png,forged,1,writer_52,writer_52_sample_11,.png
/kaggle/input/datasets/matteocarnebella/cedar-signatures/signatures/signatures_52/original_52_24.png,original_52_24.png,genuine,0,writer_52,writer_52_sample_24,.png
/kaggle/input/datasets/matteocarnebella/cedar-signatures/signatures/signatures_52/original_52_2.png,original_52_2.png,genuine,0,writer_52,writer_52_sample_2,.png
/kaggle/input/datasets/matteocarnebella/cedar-signatures/signatures/signatures_52/forgeries_52_14.png,forgeries_52_14.png,forged,1,writer_52,writer_52_sample_14,.png
/kaggle/input/datasets/matteocarnebella/cedar-signatures/signatures/signatures_52/forgeries_52_1.png,forgeries_52_1.png,forged,1,writer_52,writer_52_sample_1,.png
/kaggle/input/datasets/matteocarnebella/cedar-signatures/signatures/signatures_52/original_52_19.png,original_52_19.png,genuine,0,writer_52,writer_52_sample_19,.png
/kaggle/input/datasets/matteocarnebella/cedar-signatures/signatures/signatures_52/original_52_5.png,original_52_5.png,genuine,0,writer_52,writer_52_sample_5,.png
/kaggle/input/datasets/matteocarnebella/cedar-signatures/signatures/signatures_52/original_52_4.png,original_52_4.png,genuine,0,writer_52,writer_52_sample_4,.png
/kaggle/input/datasets/matteocarnebella/cedar-signatures/signatures/signatures_52/forgeries_52_17.png,forgeries_52_17.png,forged,1,writer_52,writer_52_sample_17,.png
/kaggle/input/datasets/matteocarnebella/cedar-signatures/signatures/signatures_52/forgeries_52_9.png,forgeries_52_9.png,forged,1,writer_52,writer_52_sample_9,.png
/kaggle/input/datasets/matteocarnebella/cedar-signatures/signatures/signatures_52/forgeries_52_24.png,forgeries_52_24.png,forged,1,writer_52,writer_52_sample_24,.png
/kaggle/input/datasets/matteocarnebella/cedar-signatures/signatures/signatures_52/forgeries_52_4.png,forgeries_52_4.png,forged,1,writer_52,writer_52_sample_4,.png
/kaggle/input/datasets/matteocarnebella/cedar-signatures/signatures/signatures_52/original_52_20.png,original_52_20.png,genuine,0,writer_52,writer_52_sample_20,.png
/kaggle/input/datasets/matteocarnebella/cedar-signatures/signatures/signatures_52/forgeries_52_10.png,forgeries_52_10.png,forged,1,writer_52,writer_52_sample_10,.png
/kaggle/input/datasets/matteocarnebella/cedar-signatures/signatures/signatures_52/forgeries_52_6.png,forgeries_52_6.png,forged,1,writer_52,writer_52_sample_6,.png
/kaggle/input/datasets/matteocarnebella/cedar-signatures/signatures/signatures_52/forgeries_52_13.png,forgeries_52_13.png,forged,1,writer_52,writer_52_sample_13,.png
/kaggle/input/datasets/matteocarnebella/cedar-signatures/signatures/signatures_52/original_52_3.png,original_52_3.png,genuine,0,writer_52,writer_52_sample_3,.png
/kaggle/input/datasets/matteocarnebella/cedar-signatures/signatures/signatures_52/original_52_1.png,original_52_1.png,genuine,0,writer_52,writer_52_sample_1,.png
/kaggle/input/datasets/matteocarnebella/cedar-signatures/signatures/signatures_52/original_52_14.png,original_52_14.png,genuine,0,writer_52,writer_52_sample_14,.png
/kaggle/input/datasets/matteocarnebella/cedar-signatures/signatures/signatures_52/original_52_11.png,original_52_11.png,genuine,0,writer_52,writer_52_sample_11,.png
/kaggle/input/datasets/matteocarnebella/cedar-signatures/signatures/signatures_52/forgeries_52_18.png,forgeries_52_18.png,forged,1,writer_52,writer_52_sample_18,.png
/kaggle/input/datasets/matteocarnebella/cedar-signatures/signatures/signatures_52/original_52_9.png,original_52_9.png,genuine,0,writer_52,writer_52_sample_9,.png
/kaggle/input/datasets/matteocarnebella/cedar-signatures/signatures/signatures_52/forgeries_52_12.png,forgeries_52_12.png,forged,1,writer_52,writer_52_sample_12,.png
/kaggle/input/datasets/matteocarnebella/cedar-signatures/signatures/signatures_52/original_52_15.png,original_52_15.png,genuine,0,writer_52,writer_52_sample_15,.png
/kaggle/input/datasets/matteocarnebella/cedar-signatures/signatures/signatures_52/forgeries_52_23.png,forgeries_52_23.png,forged,1,writer_52,writer_52_sample_23,.png
/kaggle/input/datasets/matteocarnebella/cedar-signatures/signatures/signatures_52/original_52_18.png,original_52_18.png,genuine,0,writer_52,writer_52_sample_18,.png
/kaggle/input/datasets/matteocarnebella/cedar-signatures/signatures/signatures_52/original_52_23.png,original_52_23.png,genuine,0,writer_52,writer_52_sample_23,.png
/kaggle/input/datasets/matteocarnebella/cedar-signatures/signatures/signatures_52/forgeries_52_19.png,forgeries_52_19.png,forged,1,writer_52,writer_52_sample_19,.png
/kaggle/input/datasets/matteocarnebella/cedar-signatures/signatures/signatures_52/original_52_22.png,original_52_22.png,genuine,0,writer_52,writer_52_sample_22,.png
/kaggle/input/datasets/matteocarnebella/cedar-signatures/signatures/signatures_52/forgeries_52_20.png,forgeries_52_20.png,forged,1,writer_52,writer_52_sample_20,.png
/kaggle/input/datasets/matteocarnebella/cedar-signatures/signatures/signatures_52/forgeries_52_21.png,forgeries_52_21.png,forged,1,writer_52,writer_52_sample_21,.png
/kaggle/input/datasets/matteocarnebella/cedar-signatures/signatures/signatures_52/forgeries_52_22.png,forgeries_52_22.png,forged,1,writer_52,writer_52_sample_22,.png
/kaggle/input/datasets/matteocarnebella/cedar-signatures/signatures/signatures_52/forgeries_52_5.png,forgeries_52_5.png,forged,1,writer_52,writer_52_sample_5,.png
/kaggle/input/datasets/matteocarnebella/cedar-signatures/signatures/signatures_52/original_52_16.png,original_52_16.png,genuine,0,writer_52,writer_52_sample_16,.png
/kaggle/input/datasets/matteocarnebella/cedar-signatures/signatures/signatures_52/forgeries_52_7.png,forgeries_52_7.png,forged,1,writer_52,writer_52_sample_7,.png
/kaggle/input/datasets/matteocarnebella/cedar-signatures/signatures/signatures_52/original_52_21.png,original_52_21.png,genuine,0,writer_52,writer_52_sample_21,.png
/kaggle/input/datasets/matteocarnebella/cedar-signatures/signatures/signatures_52/forgeries_52_8.png,forgeries_52_8.png,forged,1,writer_52,writer_52_sample_8,.png
/kaggle/input/datasets/matteocarnebella/cedar-signatures/signatures/signatures_52/forgeries_52_2.png,forgeries_52_2.png,forged,1,writer_52,writer_52_sample_2,.png
/kaggle/input/datasets/matteocarnebella/cedar-signatures/signatures/signatures_52/forgeries_52_16.png,forgeries_52_16.png,forged,1,writer_52,writer_52_sample_16,.png
/kaggle/input/datasets/matteocarnebella/cedar-signatures/signatures/signatures_52/original_52_6.png,original_52_6.png,genuine,0,writer_52,writer_52_sample_6,.png
/kaggle/input/datasets/matteocarnebella/cedar-signatures/signatures/signatures_16/forgeries_16_5.png,forgeries_16_5.png,forged,1,writer_16,writer_16_sample_5,.png
/kaggle/input/datasets/matteocarnebella/cedar-signatures/signatures/signatures_16/original_16_24.png,original_16_24.png,genuine,0,writer_16,writer_16_sample_24,.png
/kaggle/input/datasets/matteocarnebella/cedar-signatures/signatures/signatures_16/forgeries_16_12.png,forgeries_16_12.png,forged,1,writer_16,writer_16_sample_12,.png
/kaggle/input/datasets/matteocarnebella/cedar-signatures/signatures/signatures_16/forgeries_16_17.png,forgeries_16_17.png,forged,1,writer_16,writer_16_sample_17,.png
/kaggle/input/datasets/matteocarnebella/cedar-signatures/signatures/signatures_16/original_16_17.png,original_16_17.png,genuine,0,writer_16,writer_16_sample_17,.png
/kaggle/input/datasets/matteocarnebella/cedar-signatures/signatures/signatures_16/original_16_7.png,original_16_7.png,genuine,0,writer_16,writer_16_sample_7,.png
/kaggle/input/datasets/matteocarnebella/cedar-signatures/signatures/signatures_16/original_16_2.png,original_16_2.png,genuine,0,writer_16,writer_16_sample_2,.png
/kaggle/input/datasets/matteocarnebella/cedar-signatures/signatures/signatures_16/original_16_16.png,original_16_16.png,genuine,0,writer_16,writer_16_sample_16,.png
/kaggle/input/datasets/matteocarnebella/cedar-signatures/signatures/signatures_16/original_16_20.png,original_16_20.png,genuine,0,writer_16,writer_16_sample_20,.png
/kaggle/input/datasets/matteocarnebella/cedar-signatures/signatures/signatures_16/forgeries_16_7.png,forgeries_16_7.png,forged,1,writer_16,writer_16_sample_7,.png
/kaggle/input/datasets/matteocarnebella/cedar-signatures/signatures/signatures_16/original_16_3.png,original_16_3.png,genuine,0,writer_16,writer_16_sample_3,.png
/kaggle/input/datasets/matteocarnebella/cedar-signatures/signatures/signatures_16/forgeries_16_14.png,forgeries_16_14.png,forged,1,writer_16,writer_16_sample_14,.png
/kaggle/input/datasets/matteocarnebella/cedar-signatures/signatures/signatures_16/original_16_5.png,original_16_5.png,genuine,0,writer_16,writer_16_sample_5,.png
/kaggle/input/datasets/matteocarnebella/cedar-signatures/signatures/signatures_16/forgeries_16_3.png,forgeries_16_3.png,forged,1,writer_16,writer_16_sample_3,.png
/kaggle/input/datasets/matteocarnebella/cedar-signatures/signatures/signatures_16/forgeries_16_9.png,forgeries_16_9.png,forged,1,writer_16,writer_16_sample_9,.png
/kaggle/input/datasets/matteocarnebella/cedar-signatures/signatures/signatures_16/original_16_22.png,original_16_22.png,genuine,0,writer_16,writer_16_sample_22,.png
/kaggle/input/datasets/matteocarnebella/cedar-signatures/signatures/signatures_16/forgeries_16_20.png,forgeries_16_20.png,forged,1,writer_16,writer_16_sample_20,.png
/kaggle/input/datasets/matteocarnebella/cedar-signatures/signatures/signatures_16/forgeries_16_18.png,forgeries_16_18.png,forged,1,writer_16,writer_16_sample_18,.png
/kaggle/input/datasets/matteocarnebella/cedar-signatures/signatures/signatures_16/forgeries_16_16.png,forgeries_16_16.png,forged,1,writer_16,writer_16_sample_16,.png
/kaggle/input/datasets/matteocarnebella/cedar-signatures/signatures/signatures_16/original_16_6.png,original_16_6.png,genuine,0,writer_16,writer_16_sample_6,.png
/kaggle/input/datasets/matteocarnebella/cedar-signatures/signatures/signatures_16/forgeries_16_15.png,forgeries_16_15.png,forged,1,writer_16,writer_16_sample_15,.png
/kaggle/input/datasets/matteocarnebella/cedar-signatures/signatures/signatures_16/original_16_23.png,original_16_23.png,genuine,0,writer_16,writer_16_sample_23,.png
/kaggle/input/datasets/matteocarnebella/cedar-signatures/signatures/signatures_16/original_16_8.png,original_16_8.png,genuine,0,writer_16,writer_16_sample_8,.png
/kaggle/input/datasets/matteocarnebella/cedar-signatures/signatures/signatures_16/forgeries_16_6.png,forgeries_16_6.png,forged,1,writer_16,writer_16_sample_6,.png
/kaggle/input/datasets/matteocarnebella/cedar-signatures/signatures/signatures_16/original_16_10.png,original_16_10.png,genuine,0,writer_16,writer_16_sample_10,.png
/kaggle/input/datasets/matteocarnebella/cedar-signatures/signatures/signatures_16/original_16_11.png,original_16_11.png,genuine,0,writer_16,writer_16_sample_11,.png
/kaggle/input/datasets/matteocarnebella/cedar-signatures/signatures/signatures_16/forgeries_16_8.png,forgeries_16_8.png,forged,1,writer_16,writer_16_sample_8,.png
/kaggle/input/datasets/matteocarnebella/cedar-signatures/signatures/signatures_16/forgeries_16_2.png,forgeries_16_2.png,forged,1,writer_16,writer_16_sample_2,.png
/kaggle/input/datasets/matteocarnebella/cedar-signatures/signatures/signatures_16/forgeries_16_21.png,forgeries_16_21.png,forged,1,writer_16,writer_16_sample_21,.png
/kaggle/input/datasets/matteocarnebella/cedar-signatures/signatures/signatures_16/forgeries_16_19.png,forgeries_16_19.png,forged,1,writer_16,writer_16_sample_19,.png
/kaggle/input/datasets/matteocarnebella/cedar-signatures/signatures/signatures_16/forgeries_16_13.png,forgeries_16_13.png,forged,1,writer_16,writer_16_sample_13,.png
/kaggle/input/datasets/matteocarnebella/cedar-signatures/signatures/signatures_16/original_16_21.png,original_16_21.png,genuine,0,writer_16,writer_16_sample_21,.png
/kaggle/input/datasets/matteocarnebella/cedar-signatures/signatures/signatures_16/forgeries_16_24.png,forgeries_16_24.png,forged,1,writer_16,writer_16_sample_24,.png
/kaggle/input/datasets/matteocarnebella/cedar-signatures/signatures/signatures_16/original_16_9.png,original_16_9.png,genuine,0,writer_16,writer_16_sample_9,.png
/kaggle/input/datasets/matteocarnebella/cedar-signatures/signatures/signatures_16/forgeries_16_22.png,forgeries_16_22.png,forged,1,writer_16,writer_16_sample_22,.png
/kaggle/input/datasets/matteocarnebella/cedar-signatures/signatures/signatures_16/forgeries_16_10.png,forgeries_16_10.png,forged,1,writer_16,writer_16_sample_10,.png
/kaggle/input/datasets/matteocarnebella/cedar-signatures/signatures/signatures_16/original_16_13.png,original_16_13.png,genuine,0,writer_16,writer_16_sample_13,.png
/kaggle/input/datasets/matteocarnebella/cedar-signatures/signatures/signatures_16/original_16_15.png,original_16_15.png,genuine,0,writer_16,writer_16_sample_15,.png
/kaggle/input/datasets/matteocarnebella/cedar-signatures/signatures/signatures_16/forgeries_16_1.png,forgeries_16_1.png,forged,1,writer_16,writer_16_sample_1,.png
/kaggle/input/datasets/matteocarnebella/cedar-signatures/signatures/signatures_16/forgeries_16_23.png,forgeries_16_23.png,forged,1,writer_16,writer_16_sample_23,.png
/kaggle/input/datasets/matteocarnebella/cedar-signatures/signatures/signatures_16/original_16_19.png,original_16_19.png,genuine,0,writer_16,writer_16_sample_19,.png
/kaggle/input/datasets/matteocarnebella/cedar-signatures/signatures/signatures_16/original_16_1.png,original_16_1.png,genuine,0,writer_16,writer_16_sample_1,.png
/kaggle/input/datasets/matteocarnebella/cedar-signatures/signatures/signatures_16/original_16_12.png,original_16_12.png,genuine,0,writer_16,writer_16_sample_12,.png
/kaggle/input/datasets/matteocarnebella/cedar-signatures/signatures/signatures_16/original_16_4.png,original_16_4.png,genuine,0,writer_16,writer_16_sample_4,.png
/kaggle/input/datasets/matteocarnebella/cedar-signatures/signatures/signatures_16/original_16_14.png,original_16_14.png,genuine,0,writer_16,writer_16_sample_14,.png
/kaggle/input/datasets/matteocarnebella/cedar-signatures/signatures/signatures_16/forgeries_16_4.png,forgeries_16_4.png,forged,1,writer_16,writer_16_sample_4,.png
/kaggle/input/datasets/matteocarnebella/cedar-signatures/signatures/signatures_16/forgeries_16_11.png,forgeries_16_11.png,forged,1,writer_16,writer_16_sample_11,.png
/kaggle/input/datasets/matteocarnebella/cedar-signatures/signatures/signatures_16/original_16_18.png,original_16_18.png,genuine,0,writer_16,writer_16_sample_18,.png
/kaggle/input/datasets/matteocarnebella/cedar-signatures/signatures/signatures_1/original_1_17.png,original_1_17.png,genuine,0,writer_1,writer_1_sample_17,.png
/kaggle/input/datasets/matteocarnebella/cedar-signatures/signatures/signatures_1/forgeries_1_3.png,forgeries_1_3.png,forged,1,writer_1,writer_1_sample_3,.png
/kaggle/input/datasets/matteocarnebella/cedar-signatures/signatures/signatures_1/forgeries_1_21.png,forgeries_1_21.png,forged,1,writer_1,writer_1_sample_21,.png
/kaggle/input/datasets/matteocarnebella/cedar-signatures/signatures/signatures_1/original_1_18.png,original_1_18.png,genuine,0,writer_1,writer_1_sample_18,.png
/kaggle/input/datasets/matteocarnebella/cedar-signatures/signatures/signatures_1/forgeries_1_1.png,forgeries_1_1.png,forged,1,writer_1,writer_1_sample_1,.png
/kaggle/input/datasets/matteocarnebella/cedar-signatures/signatures/signatures_1/original_1_13.png,original_1_13.png,genuine,0,writer_1,writer_1_sample_13,.png
/kaggle/input/datasets/matteocarnebella/cedar-signatures/signatures/signatures_1/forgeries_1_16.png,forgeries_1_16.png,forged,1,writer_1,writer_1_sample_16,.png
/kaggle/input/datasets/matteocarnebella/cedar-signatures/signatures/signatures_1/original_1_20.png,original_1_20.png,genuine,0,writer_1,writer_1_sample_20,.png
/kaggle/input/datasets/matteocarnebella/cedar-signatures/signatures/signatures_1/forgeries_1_9.png,forgeries_1_9.png,forged,1,writer_1,writer_1_sample_9,.png
/kaggle/input/datasets/matteocarnebella/cedar-signatures/signatures/signatures_1/forgeries_1_13.png,forgeries_1_13.png,forged,1,writer_1,writer_1_sample_13,.png
/kaggle/input/datasets/matteocarnebella/cedar-signatures/signatures/signatures_1/original_1_5.png,original_1_5.png,genuine,0,writer_1,writer_1_sample_5,.png
/kaggle/input/datasets/matteocarnebella/cedar-signatures/signatures/signatures_1/forgeries_1_7.png,forgeries_1_7.png,forged,1,writer_1,writer_1_sample_7,.png
/kaggle/input/datasets/matteocarnebella/cedar-signatures/signatures/signatures_1/forgeries_1_18.png,forgeries_1_18.png,forged,1,writer_1,writer_1_sample_18,.png
/kaggle/input/datasets/matteocarnebella/cedar-signatures/signatures/signatures_1/original_1_23.png,original_1_23.png,genuine,0,writer_1,writer_1_sample_23,.png
/kaggle/input/datasets/matteocarnebella/cedar-signatures/signatures/signatures_1/original_1_9.png,original_1_9.png,genuine,0,writer_1,writer_1_sample_9,.png
/kaggle/input/datasets/matteocarnebella/cedar-signatures/signatures/signatures_1/forgeries_1_2.png,forgeries_1_2.png,forged,1,writer_1,writer_1_sample_2,.png
/kaggle/input/datasets/matteocarnebella/cedar-signatures/signatures/signatures_1/original_1_6.png,original_1_6.png,genuine,0,writer_1,writer_1_sample_6,.png
/kaggle/input/datasets/matteocarnebella/cedar-signatures/signatures/signatures_1/original_1_7.png,original_1_7.png,genuine,0,writer_1,writer_1_sample_7,.png
/kaggle/input/datasets/matteocarnebella/cedar-signatures/signatures/signatures_1/original_1_21.png,original_1_21.png,genuine,0,writer_1,writer_1_sample_21,.png
/kaggle/input/datasets/matteocarnebella/cedar-signatures/signatures/signatures_1/original_1_1.png,original_1_1.png,genuine,0,writer_1,writer_1_sample_1,.png
/kaggle/input/datasets/matteocarnebella/cedar-signatures/signatures/signatures_1/forgeries_1_19.png,forgeries_1_19.png,forged,1,writer_1,writer_1_sample_19,.png
/kaggle/input/datasets/matteocarnebella/cedar-signatures/signatures/signatures_1/forgeries_1_14.png,forgeries_1_14.png,forged,1,writer_1,writer_1_sample_14,.png
/kaggle/input/datasets/matteocarnebella/cedar-signatures/signatures/signatures_1/original_1_16.png,original_1_16.png,genuine,0,writer_1,writer_1_sample_16,.png
/kaggle/input/datasets/matteocarnebella/cedar-signatures/signatures/signatures_1/original_1_12.png,original_1_12.png,genuine,0,writer_1,writer_1_sample_12,.png
/kaggle/input/datasets/matteocarnebella/cedar-signatures/signatures/signatures_1/original_1_22.png,original_1_22.png,genuine,0,writer_1,writer_1_sample_22,.png
/kaggle/input/datasets/matteocarnebella/cedar-signatures/signatures/signatures_1/forgeries_1_17.png,forgeries_1_17.png,forged,1,writer_1,writer_1_sample_17,.png
/kaggle/input/datasets/matteocarnebella/cedar-signatures/signatures/signatures_1/original_1_11.png,original_1_11.png,genuine,0,writer_1,writer_1_sample_11,.png
/kaggle/input/datasets/matteocarnebella/cedar-signatures/signatures/signatures_1/forgeries_1_6.png,forgeries_1_6.png,forged,1,writer_1,writer_1_sample_6,.png
/kaggle/input/datasets/matteocarnebella/cedar-signatures/signatures/signatures_1/original_1_14.png,original_1_14.png,genuine,0,writer_1,writer_1_sample_14,.png
/kaggle/input/datasets/matteocarnebella/cedar-signatures/signatures/signatures_1/forgeries_1_15.png,forgeries_1_15.png,forged,1,writer_1,writer_1_sample_15,.png
/kaggle/input/datasets/matteocarnebella/cedar-signatures/signatures/signatures_1/original_1_3.png,original_1_3.png,genuine,0,writer_1,writer_1_sample_3,.png
/kaggle/input/datasets/matteocarnebella/cedar-signatures/signatures/signatures_1/forgeries_1_10.png,forgeries_1_10.png,forged,1,writer_1,writer_1_sample_10,.png
/kaggle/input/datasets/matteocarnebella/cedar-signatures/signatures/signatures_1/forgeries_1_12.png,forgeries_1_12.png,forged,1,writer_1,writer_1_sample_12,.png
/kaggle/input/datasets/matteocarnebella/cedar-signatures/signatures/signatures_1/forgeries_1_22.png,forgeries_1_22.png,forged,1,writer_1,writer_1_sample_22,.png
/kaggle/input/datasets/matteocarnebella/cedar-signatures/signatures/signatures_1/original_1_10.png,original_1_10.png,genuine,0,writer_1,writer_1_sample_10,.png
/kaggle/input/datasets/matteocarnebella/cedar-signatures/signatures/signatures_1/original_1_24.png,original_1_24.png,genuine,0,writer_1,writer_1_sample_24,.png
/kaggle/input/datasets/matteocarnebella/cedar-signatures/signatures/signatures_1/forgeries_1_11.png,forgeries_1_11.png,forged,1,writer_1,writer_1_sample_11,.png
/kaggle/input/datasets/matteocarnebella/cedar-signatures/signatures/signatures_1/forgeries_1_4.png,forgeries_1_4.png,forged,1,writer_1,writer_1_sample_4,.png
/kaggle/input/datasets/matteocarnebella/cedar-signatures/signatures/signatures_1/forgeries_1_8.png,forgeries_1_8.png,forged,1,writer_1,writer_1_sample_8,.png
/kaggle/input/datasets/matteocarnebella/cedar-signatures/signatures/signatures_1/forgeries_1_23.png,forgeries_1_23.png,forged,1,writer_1,writer_1_sample_23,.png
/kaggle/input/datasets/matteocarnebella/cedar-signatures/signatures/signatures_1/original_1_4.png,original_1_4.png,genuine,0,writer_1,writer_1_sample_4,.png
/kaggle/input/datasets/matteocarnebella/cedar-signatures/signatures/signatures_1/original_1_8.png,original_1_8.png,genuine,0,writer_1,writer_1_sample_8,.png
/kaggle/input/datasets/matteocarnebella/cedar-signatures/signatures/signatures_1/original_1_19.png,original_1_19.png,genuine,0,writer_1,writer_1_sample_19,.png
/kaggle/input/datasets/matteocarnebella/cedar-signatures/signatures/signatures_1/forgeries_1_5.png,forgeries_1_5.png,forged,1,writer_1,writer_1_sample_5,.png
/kaggle/input/datasets/matteocarnebella/cedar-signatures/signatures/signatures_1/original_1_2.png,original_1_2.png,genuine,0,writer_1,writer_1_sample_2,.png
/kaggle/input/datasets/matteocarnebella/cedar-signatures/signatures/signatures_1/forgeries_1_20.png,forgeries_1_20.png,forged,1,writer_1,writer_1_sample_20,.png
/kaggle/input/datasets/matteocarnebella/cedar-signatures/signatures/signatures_1/forgeries_1_24.png,forgeries_1_24.png,forged,1,writer_1,writer_1_sample_24,.png
/kaggle/input/datasets/matteocarnebella/cedar-signatures/signatures/signatures_1/original_1_15.png,original_1_15.png,genuine,0,writer_1,writer_1_sample_15,.png
/kaggle/input/datasets/matteocarnebella/cedar-signatures/signatures/signatures_26/original_26_10.png,original_26_10.png,genuine,0,writer_26,writer_26_sample_10,.png
/kaggle/input/datasets/matteocarnebella/cedar-signatures/signatures/signatures_26/forgeries_26_20.png,forgeries_26_20.png,forged,1,writer_26,writer_26_sample_20,.png
/kaggle/input/datasets/matteocarnebella/cedar-signatures/signatures/signatures_26/original_26_22.png,original_26_22.png,genuine,0,writer_26,writer_26_sample_22,.png
/kaggle/input/datasets/matteocarnebella/cedar-signatures/signatures/signatures_26/original_26_7.png,original_26_7.png,genuine,0,writer_26,writer_26_sample_7,.png
/kaggle/input/datasets/matteocarnebella/cedar-signatures/signatures/signatures_26/original_26_8.png,original_26_8.png,genuine,0,writer_26,writer_26_sample_8,.png
/kaggle/input/datasets/matteocarnebella/cedar-signatures/signatures/signatures_26/forgeries_26_17.png,forgeries_26_17.png,forged,1,writer_26,writer_26_sample_17,.png
/kaggle/input/datasets/matteocarnebella/cedar-signatures/signatures/signatures_26/original_26_24.png,original_26_24.png,genuine,0,writer_26,writer_26_sample_24,.png
/kaggle/input/datasets/matteocarnebella/cedar-signatures/signatures/signatures_26/forgeries_26_6.png,forgeries_26_6.png,forged,1,writer_26,writer_26_sample_6,.png
/kaggle/input/datasets/matteocarnebella/cedar-signatures/signatures/signatures_26/forgeries_26_21.png,forgeries_26_21.png,forged,1,writer_26,writer_26_sample_21,.png
/kaggle/input/datasets/matteocarnebella/cedar-signatures/signatures/signatures_26/original_26_21.png,original_26_21.png,genuine,0,writer_26,writer_26_sample_21,.png
/kaggle/input/datasets/matteocarnebella/cedar-signatures/signatures/signatures_26/original_26_6.png,original_26_6.png,genuine,0,writer_26,writer_26_sample_6,.png
/kaggle/input/datasets/matteocarnebella/cedar-signatures/signatures/signatures_26/original_26_14.png,original_26_14.png,genuine,0,writer_26,writer_26_sample_14,.png
/kaggle/input/datasets/matteocarnebella/cedar-signatures/signatures/signatures_26/forgeries_26_11.png,forgeries_26_11.png,forged,1,writer_26,writer_26_sample_11,.png
/kaggle/input/datasets/matteocarnebella/cedar-signatures/signatures/signatures_26/forgeries_26_23.png,forgeries_26_23.png,forged,1,writer_26,writer_26_sample_23,.png
/kaggle/input/datasets/matteocarnebella/cedar-signatures/signatures/signatures_26/original_26_5.png,original_26_5.png,genuine,0,writer_26,writer_26_sample_5,.png
/kaggle/input/datasets/matteocarnebella/cedar-signatures/signatures/signatures_26/forgeries_26_19.png,forgeries_26_19.png,forged,1,writer_26,writer_26_sample_19,.png
/kaggle/input/datasets/matteocarnebella/cedar-signatures/signatures/signatures_26/forgeries_26_8.png,forgeries_26_8.png,forged,1,writer_26,writer_26_sample_8,.png
/kaggle/input/datasets/matteocarnebella/cedar-signatures/signatures/signatures_26/forgeries_26_4.png,forgeries_26_4.png,forged,1,writer_26,writer_26_sample_4,.png
/kaggle/input/datasets/matteocarnebella/cedar-signatures/signatures/signatures_26/forgeries_26_5.png,forgeries_26_5.png,forged,1,writer_26,writer_26_sample_5,.png
/kaggle/input/datasets/matteocarnebella/cedar-signatures/signatures/signatures_26/forgeries_26_16.png,forgeries_26_16.png,forged,1,writer_26,writer_26_sample_16,.png
/kaggle/input/datasets/matteocarnebella/cedar-signatures/signatures/signatures_26/original_26_18.png,original_26_18.png,genuine,0,writer_26,writer_26_sample_18,.png
/kaggle/input/datasets/matteocarnebella/cedar-signatures/signatures/signatures_26/original_26_4.png,original_26_4.png,genuine,0,writer_26,writer_26_sample_4,.png
/kaggle/input/datasets/matteocarnebella/cedar-signatures/signatures/signatures_26/forgeries_26_14.png,forgeries_26_14.png,forged,1,writer_26,writer_26_sample_14,.png
/kaggle/input/datasets/matteocarnebella/cedar-signatures/signatures/signatures_26/forgeries_26_9.png,forgeries_26_9.png,forged,1,writer_26,writer_26_sample_9,.png
/kaggle/input/datasets/matteocarnebella/cedar-signatures/signatures/signatures_26/original_26_12.png,original_26_12.png,genuine,0,writer_26,writer_26_sample_12,.png
/kaggle/input/datasets/matteocarnebella/cedar-signatures/signatures/signatures_26/forgeries_26_18.png,forgeries_26_18.png,forged,1,writer_26,writer_26_sample_18,.png
/kaggle/input/datasets/matteocarnebella/cedar-signatures/signatures/signatures_26/original_26_1.png,original_26_1.png,genuine,0,writer_26,writer_26_sample_1,.png
/kaggle/input/datasets/matteocarnebella/cedar-signatures/signatures/signatures_26/forgeries_26_24.png,forgeries_26_24.png,forged,1,writer_26,writer_26_sample_24,.png
/kaggle/input/datasets/matteocarnebella/cedar-signatures/signatures/signatures_26/original_26_19.png,original_26_19.png,genuine,0,writer_26,writer_26_sample_19,.png
/kaggle/input/datasets/matteocarnebella/cedar-signatures/signatures/signatures_26/original_26_2.png,original_26_2.png,genuine,0,writer_26,writer_26_sample_2,.png
/kaggle/input/datasets/matteocarnebella/cedar-signatures/signatures/signatures_26/forgeries_26_10.png,forgeries_26_10.png,forged,1,writer_26,writer_26_sample_10,.png
/kaggle/input/datasets/matteocarnebella/cedar-signatures/signatures/signatures_26/original_26_15.png,original_26_15.png,genuine,0,writer_26,writer_26_sample_15,.png
/kaggle/input/datasets/matteocarnebella/cedar-signatures/signatures/signatures_26/original_26_20.png,original_26_20.png,genuine,0,writer_26,writer_26_sample_20,.png
/kaggle/input/datasets/matteocarnebella/cedar-signatures/signatures/signatures_26/forgeries_26_7.png,forgeries_26_7.png,forged,1,writer_26,writer_26_sample_7,.png
/kaggle/input/datasets/matteocarnebella/cedar-signatures/signatures/signatures_26/original_26_16.png,original_26_16.png,genuine,0,writer_26,writer_26_sample_16,.png
/kaggle/input/datasets/matteocarnebella/cedar-signatures/signatures/signatures_26/original_26_11.png,original_26_11.png,genuine,0,writer_26,writer_26_sample_11,.png
/kaggle/input/datasets/matteocarnebella/cedar-signatures/signatures/signatures_26/forgeries_26_15.png,forgeries_26_15.png,forged,1,writer_26,writer_26_sample_15,.png
/kaggle/input/datasets/matteocarnebella/cedar-signatures/signatures/signatures_26/forgeries_26_13.png,forgeries_26_13.png,forged,1,writer_26,writer_26_sample_13,.png
/kaggle/input/datasets/matteocarnebella/cedar-signatures/signatures/signatures_26/forgeries_26_1.png,forgeries_26_1.png,forged,1,writer_26,writer_26_sample_1,.png
/kaggle/input/datasets/matteocarnebella/cedar-signatures/signatures/signatures_26/forgeries_26_2.png,forgeries_26_2.png,forged,1,writer_26,writer_26_sample_2,.png
/kaggle/input/datasets/matteocarnebella/cedar-signatures/signatures/signatures_26/original_26_3.png,original_26_3.png,genuine,0,writer_26,writer_26_sample_3,.png
/kaggle/input/datasets/matteocarnebella/cedar-signatures/signatures/signatures_26/forgeries_26_3.png,forgeries_26_3.png,forged,1,writer_26,writer_26_sample_3,.png
/kaggle/input/datasets/matteocarnebella/cedar-signatures/signatures/signatures_26/original_26_9.png,original_26_9.png,genuine,0,writer_26,writer_26_sample_9,.png
/kaggle/input/datasets/matteocarnebella/cedar-signatures/signatures/signatures_26/forgeries_26_22.png,forgeries_26_22.png,forged,1,writer_26,writer_26_sample_22,.png
/kaggle/input/datasets/matteocarnebella/cedar-signatures/signatures/signatures_26/original_26_17.png,original_26_17.png,genuine,0,writer_26,writer_26_sample_17,.png
/kaggle/input/datasets/matteocarnebella/cedar-signatures/signatures/signatures_26/forgeries_26_12.png,forgeries_26_12.png,forged,1,writer_26,writer_26_sample_12,.png
/kaggle/input/datasets/matteocarnebella/cedar-signatures/signatures/signatures_26/original_26_13.png,original_26_13.png,genuine,0,writer_26,writer_26_sample_13,.png
/kaggle/input/datasets/matteocarnebella/cedar-signatures/signatures/signatures_26/original_26_23.png,original_26_23.png,genuine,0,writer_26,writer_26_sample_23,.png
/kaggle/input/datasets/matteocarnebella/cedar-signatures/signatures/signatures_23/forgeries_23_10.png,forgeries_23_10.png,forged,1,writer_23,writer_23_sample_10,.png
/kaggle/input/datasets/matteocarnebella/cedar-signatures/signatures/signatures_23/original_23_13.png,original_23_13.png,genuine,0,writer_23,writer_23_sample_13,.png
/kaggle/input/datasets/matteocarnebella/cedar-signatures/signatures/signatures_23/forgeries_23_9.png,forgeries_23_9.png,forged,1,writer_23,writer_23_sample_9,.png
/kaggle/input/datasets/matteocarnebella/cedar-signatures/signatures/signatures_23/original_23_7.png,original_23_7.png,genuine,0,writer_23,writer_23_sample_7,.png
/kaggle/input/datasets/matteocarnebella/cedar-signatures/signatures/signatures_23/original_23_16.png,original_23_16.png,genuine,0,writer_23,writer_23_sample_16,.png
/kaggle/input/datasets/matteocarnebella/cedar-signatures/signatures/signatures_23/forgeries_23_21.png,forgeries_23_21.png,forged,1,writer_23,writer_23_sample_21,.png
/kaggle/input/datasets/matteocarnebella/cedar-signatures/signatures/signatures_23/forgeries_23_1.png,forgeries_23_1.png,forged,1,writer_23,writer_23_sample_1,.png
/kaggle/input/datasets/matteocarnebella/cedar-signatures/signatures/signatures_23/forgeries_23_2.png,forgeries_23_2.png,forged,1,writer_23,writer_23_sample_2,.png
/kaggle/input/datasets/matteocarnebella/cedar-signatures/signatures/signatures_23/forgeries_23_5.png,forgeries_23_5.png,forged,1,writer_23,writer_23_sample_5,.png
/kaggle/input/datasets/matteocarnebella/cedar-signatures/signatures/signatures_23/forgeries_23_24.png,forgeries_23_24.png,forged,1,writer_23,writer_23_sample_24,.png
/kaggle/input/datasets/matteocarnebella/cedar-signatures/signatures/signatures_23/forgeries_23_22.png,forgeries_23_22.png,forged,1,writer_23,writer_23_sample_22,.png
/kaggle/input/datasets/matteocarnebella/cedar-signatures/signatures/signatures_23/original_23_20.png,original_23_20.png,genuine,0,writer_23,writer_23_sample_20,.png
/kaggle/input/datasets/matteocarnebella/cedar-signatures/signatures/signatures_23/original_23_15.png,original_23_15.png,genuine,0,writer_23,writer_23_sample_15,.png
/kaggle/input/datasets/matteocarnebella/cedar-signatures/signatures/signatures_23/original_23_9.png,original_23_9.png,genuine,0,writer_23,writer_23_sample_9,.png
/kaggle/input/datasets/matteocarnebella/cedar-signatures/signatures/signatures_23/original_23_14.png,original_23_14.png,genuine,0,writer_23,writer_23_sample_14,.png
/kaggle/input/datasets/matteocarnebella/cedar-signatures/signatures/signatures_23/forgeries_23_20.png,forgeries_23_20.png,forged,1,writer_23,writer_23_sample_20,.png
/kaggle/input/datasets/matteocarnebella/cedar-signatures/signatures/signatures_23/original_23_6.png,original_23_6.png,genuine,0,writer_23,writer_23_sample_6,.png
/kaggle/input/datasets/matteocarnebella/cedar-signatures/signatures/signatures_23/original_23_11.png,original_23_11.png,genuine,0,writer_23,writer_23_sample_11,.png
/kaggle/input/datasets/matteocarnebella/cedar-signatures/signatures/signatures_23/original_23_5.png,original_23_5.png,genuine,0,writer_23,writer_23_sample_5,.png
/kaggle/input/datasets/matteocarnebella/cedar-signatures/signatures/signatures_23/forgeries_23_19.png,forgeries_23_19.png,forged,1,writer_23,writer_23_sample_19,.png
/kaggle/input/datasets/matteocarnebella/cedar-signatures/signatures/signatures_23/forgeries_23_13.png,forgeries_23_13.png,forged,1,writer_23,writer_23_sample_13,.png
/kaggle/input/datasets/matteocarnebella/cedar-signatures/signatures/signatures_23/original_23_22.png,original_23_22.png,genuine,0,writer_23,writer_23_sample_22,.png
/kaggle/input/datasets/matteocarnebella/cedar-signatures/signatures/signatures_23/forgeries_23_11.png,forgeries_23_11.png,forged,1,writer_23,writer_23_sample_11,.png
/kaggle/input/datasets/matteocarnebella/cedar-signatures/signatures/signatures_23/original_23_24.png,original_23_24.png,genuine,0,writer_23,writer_23_sample_24,.png
/kaggle/input/datasets/matteocarnebella/cedar-signatures/signatures/signatures_23/forgeries_23_16.png,forgeries_23_16.png,forged,1,writer_23,writer_23_sample_16,.png
/kaggle/input/datasets/matteocarnebella/cedar-signatures/signatures/signatures_23/forgeries_23_17.png,forgeries_23_17.png,forged,1,writer_23,writer_23_sample_17,.png
/kaggle/input/datasets/matteocarnebella/cedar-signatures/signatures/signatures_23/forgeries_23_8.png,forgeries_23_8.png,forged,1,writer_23,writer_23_sample_8,.png
/kaggle/input/datasets/matteocarnebella/cedar-signatures/signatures/signatures_23/forgeries_23_23.png,forgeries_23_23.png,forged,1,writer_23,writer_23_sample_23,.png
/kaggle/input/datasets/matteocarnebella/cedar-signatures/signatures/signatures_23/forgeries_23_4.png,forgeries_23_4.png,forged,1,writer_23,writer_23_sample_4,.png
/kaggle/input/datasets/matteocarnebella/cedar-signatures/signatures/signatures_23/original_23_2.png,original_23_2.png,genuine,0,writer_23,writer_23_sample_2,.png
/kaggle/input/datasets/matteocarnebella/cedar-signatures/signatures/signatures_23/original_23_3.png,original_23_3.png,genuine,0,writer_23,writer_23_sample_3,.png
/kaggle/input/datasets/matteocarnebella/cedar-signatures/signatures/signatures_23/forgeries_23_18.png,forgeries_23_18.png,forged,1,writer_23,writer_23_sample_18,.png
/kaggle/input/datasets/matteocarnebella/cedar-signatures/signatures/signatures_23/forgeries_23_15.png,forgeries_23_15.png,forged,1,writer_23,writer_23_sample_15,.png
/kaggle/input/datasets/matteocarnebella/cedar-signatures/signatures/signatures_23/original_23_23.png,original_23_23.png,genuine,0,writer_23,writer_23_sample_23,.png
/kaggle/input/datasets/matteocarnebella/cedar-signatures/signatures/signatures_23/forgeries_23_14.png,forgeries_23_14.png,forged,1,writer_23,writer_23_sample_14,.png
/kaggle/input/datasets/matteocarnebella/cedar-signatures/signatures/signatures_23/original_23_8.png,original_23_8.png,genuine,0,writer_23,writer_23_sample_8,.png
/kaggle/input/datasets/matteocarnebella/cedar-signatures/signatures/signatures_23/original_23_21.png,original_23_21.png,genuine,0,writer_23,writer_23_sample_21,.png
/kaggle/input/datasets/matteocarnebella/cedar-signatures/signatures/signatures_23/original_23_18.png,original_23_18.png,genuine,0,writer_23,writer_23_sample_18,.png
/kaggle/input/datasets/matteocarnebella/cedar-signatures/signatures/signatures_23/original_23_4.png,original_23_4.png,genuine,0,writer_23,writer_23_sample_4,.png
/kaggle/input/datasets/matteocarnebella/cedar-signatures/signatures/signatures_23/forgeries_23_7.png,forgeries_23_7.png,forged,1,writer_23,writer_23_sample_7,.png
/kaggle/input/datasets/matteocarnebella/cedar-signatures/signatures/signatures_23/original_23_17.png,original_23_17.png,genuine,0,writer_23,writer_23_sample_17,.png
/kaggle/input/datasets/matteocarnebella/cedar-signatures/signatures/signatures_23/original_23_19.png,original_23_19.png,genuine,0,writer_23,writer_23_sample_19,.png
/kaggle/input/datasets/matteocarnebella/cedar-signatures/signatures/signatures_23/original_23_12.png,original_23_12.png,genuine,0,writer_23,writer_23_sample_12,.png
/kaggle/input/datasets/matteocarnebella/cedar-signatures/signatures/signatures_23/forgeries_23_6.png,forgeries_23_6.png,forged,1,writer_23,writer_23_sample_6,.png
/kaggle/input/datasets/matteocarnebella/cedar-signatures/signatures/signatures_23/original_23_10.png,original_23_10.png,genuine,0,writer_23,writer_23_sample_10,.png
/kaggle/input/datasets/matteocarnebella/cedar-signatures/signatures/signatures_23/forgeries_23_3.png,forgeries_23_3.png,forged,1,writer_23,writer_23_sample_3,.png
/kaggle/input/datasets/matteocarnebella/cedar-signatures/signatures/signatures_23/forgeries_23_12.png,forgeries_23_12.png,forged,1,writer_23,writer_23_sample_12,.png
/kaggle/input/datasets/matteocarnebella/cedar-signatures/signatures/signatures_23/original_23_1.png,original_23_1.png,genuine,0,writer_23,writer_23_sample_1,.png
/kaggle/input/datasets/matteocarnebella/cedar-signatures/signatures/signatures_37/forgeries_37_11.png,forgeries_37_11.png,forged,1,writer_37,writer_37_sample_11,.png
/kaggle/input/datasets/matteocarnebella/cedar-signatures/signatures/signatures_37/forgeries_37_16.png,forgeries_37_16.png,forged,1,writer_37,writer_37_sample_16,.png
/kaggle/input/datasets/matteocarnebella/cedar-signatures/signatures/signatures_37/original_37_22.png,original_37_22.png,genuine,0,writer_37,writer_37_sample_22,.png
/kaggle/input/datasets/matteocarnebella/cedar-signatures/signatures/signatures_37/forgeries_37_23.png,forgeries_37_23.png,forged,1,writer_37,writer_37_sample_23,.png
/kaggle/input/datasets/matteocarnebella/cedar-signatures/signatures/signatures_37/original_37_2.png,original_37_2.png,genuine,0,writer_37,writer_37_sample_2,.png
/kaggle/input/datasets/matteocarnebella/cedar-signatures/signatures/signatures_37/original_37_14.png,original_37_14.png,genuine,0,writer_37,writer_37_sample_14,.png
/kaggle/input/datasets/matteocarnebella/cedar-signatures/signatures/signatures_37/forgeries_37_14.png,forgeries_37_14.png,forged,1,writer_37,writer_37_sample_14,.png
/kaggle/input/datasets/matteocarnebella/cedar-signatures/signatures/signatures_37/original_37_16.png,original_37_16.png,genuine,0,writer_37,writer_37_sample_16,.png
/kaggle/input/datasets/matteocarnebella/cedar-signatures/signatures/signatures_37/forgeries_37_3.png,forgeries_37_3.png,forged,1,writer_37,writer_37_sample_3,.png
/kaggle/input/datasets/matteocarnebella/cedar-signatures/signatures/signatures_37/forgeries_37_5.png,forgeries_37_5.png,forged,1,writer_37,writer_37_sample_5,.png
/kaggle/input/datasets/matteocarnebella/cedar-signatures/signatures/signatures_37/original_37_3.png,original_37_3.png,genuine,0,writer_37,writer_37_sample_3,.png
/kaggle/input/datasets/matteocarnebella/cedar-signatures/signatures/signatures_37/forgeries_37_8.png,forgeries_37_8.png,forged,1,writer_37,writer_37_sample_8,.png
/kaggle/input/datasets/matteocarnebella/cedar-signatures/signatures/signatures_37/forgeries_37_24.png,forgeries_37_24.png,forged,1,writer_37,writer_37_sample_24,.png
/kaggle/input/datasets/matteocarnebella/cedar-signatures/signatures/signatures_37/original_37_10.png,original_37_10.png,genuine,0,writer_37,writer_37_sample_10,.png
/kaggle/input/datasets/matteocarnebella/cedar-signatures/signatures/signatures_37/original_37_5.png,original_37_5.png,genuine,0,writer_37,writer_37_sample_5,.png
/kaggle/input/datasets/matteocarnebella/cedar-signatures/signatures/signatures_37/forgeries_37_13.png,forgeries_37_13.png,forged,1,writer_37,writer_37_sample_13,.png
/kaggle/input/datasets/matteocarnebella/cedar-signatures/signatures/signatures_37/original_37_15.png,original_37_15.png,genuine,0,writer_37,writer_37_sample_15,.png
/kaggle/input/datasets/matteocarnebella/cedar-signatures/signatures/signatures_37/forgeries_37_6.png,forgeries_37_6.png,forged,1,writer_37,writer_37_sample_6,.png
/kaggle/input/datasets/matteocarnebella/cedar-signatures/signatures/signatures_37/forgeries_37_15.png,forgeries_37_15.png,forged,1,writer_37,writer_37_sample_15,.png
/kaggle/input/datasets/matteocarnebella/cedar-signatures/signatures/signatures_37/forgeries_37_19.png,forgeries_37_19.png,forged,1,writer_37,writer_37_sample_19,.png
/kaggle/input/datasets/matteocarnebella/cedar-signatures/signatures/signatures_37/forgeries_37_18.png,forgeries_37_18.png,forged,1,writer_37,writer_37_sample_18,.png
/kaggle/input/datasets/matteocarnebella/cedar-signatures/signatures/signatures_37/forgeries_37_1.png,forgeries_37_1.png,forged,1,writer_37,writer_37_sample_1,.png
/kaggle/input/datasets/matteocarnebella/cedar-signatures/signatures/signatures_37/original_37_24.png,original_37_24.png,genuine,0,writer_37,writer_37_sample_24,.png
/kaggle/input/datasets/matteocarnebella/cedar-signatures/signatures/signatures_37/original_37_21.png,original_37_21.png,genuine,0,writer_37,writer_37_sample_21,.png
/kaggle/input/datasets/matteocarnebella/cedar-signatures/signatures/signatures_37/forgeries_37_22.png,forgeries_37_22.png,forged,1,writer_37,writer_37_sample_22,.png
/kaggle/input/datasets/matteocarnebella/cedar-signatures/signatures/signatures_37/original_37_13.png,original_37_13.png,genuine,0,writer_37,writer_37_sample_13,.png
/kaggle/input/datasets/matteocarnebella/cedar-signatures/signatures/signatures_37/forgeries_37_7.png,forgeries_37_7.png,forged,1,writer_37,writer_37_sample_7,.png
/kaggle/input/datasets/matteocarnebella/cedar-signatures/signatures/signatures_37/original_37_4.png,original_37_4.png,genuine,0,writer_37,writer_37_sample_4,.png
/kaggle/input/datasets/matteocarnebella/cedar-signatures/signatures/signatures_37/forgeries_37_12.png,forgeries_37_12.png,forged,1,writer_37,writer_37_sample_12,.png
/kaggle/input/datasets/matteocarnebella/cedar-signatures/signatures/signatures_37/original_37_17.png,original_37_17.png,genuine,0,writer_37,writer_37_sample_17,.png
/kaggle/input/datasets/matteocarnebella/cedar-signatures/signatures/signatures_37/original_37_19.png,original_37_19.png,genuine,0,writer_37,writer_37_sample_19,.png
/kaggle/input/datasets/matteocarnebella/cedar-signatures/signatures/signatures_37/original_37_12.png,original_37_12.png,genuine,0,writer_37,writer_37_sample_12,.png
/kaggle/input/datasets/matteocarnebella/cedar-signatures/signatures/signatures_37/original_37_18.png,original_37_18.png,genuine,0,writer_37,writer_37_sample_18,.png
/kaggle/input/datasets/matteocarnebella/cedar-signatures/signatures/signatures_37/forgeries_37_2.png,forgeries_37_2.png,forged,1,writer_37,writer_37_sample_2,.png
/kaggle/input/datasets/matteocarnebella/cedar-signatures/signatures/signatures_37/original_37_20.png,original_37_20.png,genuine,0,writer_37,writer_37_sample_20,.png
/kaggle/input/datasets/matteocarnebella/cedar-signatures/signatures/signatures_37/forgeries_37_4.png,forgeries_37_4.png,forged,1,writer_37,writer_37_sample_4,.png
/kaggle/input/datasets/matteocarnebella/cedar-signatures/signatures/signatures_37/forgeries_37_21.png,forgeries_37_21.png,forged,1,writer_37,writer_37_sample_21,.png
/kaggle/input/datasets/matteocarnebella/cedar-signatures/signatures/signatures_37/forgeries_37_17.png,forgeries_37_17.png,forged,1,writer_37,writer_37_sample_17,.png
/kaggle/input/datasets/matteocarnebella/cedar-signatures/signatures/signatures_37/forgeries_37_20.png,forgeries_37_20.png,forged,1,writer_37,writer_37_sample_20,.png
/kaggle/input/datasets/matteocarnebella/cedar-signatures/signatures/signatures_37/forgeries_37_9.png,forgeries_37_9.png,forged,1,writer_37,writer_37_sample_9,.png
/kaggle/input/datasets/matteocarnebella/cedar-signatures/signatures/signatures_37/original_37_9.png,original_37_9.png,genuine,0,writer_37,writer_37_sample_9,.png
/kaggle/input/datasets/matteocarnebella/cedar-signatures/signatures/signatures_37/original_37_23.png,original_37_23.png,genuine,0,writer_37,writer_37_sample_23,.png
/kaggle/input/datasets/matteocarnebella/cedar-signatures/signatures/signatures_37/original_37_11.png,original_37_11.png,genuine,0,writer_37,writer_37_sample_11,.png
/kaggle/input/datasets/matteocarnebella/cedar-signatures/signatures/signatures_37/original_37_6.png,original_37_6.png,genuine,0,writer_37,writer_37_sample_6,.png
/kaggle/input/datasets/matteocarnebella/cedar-signatures/signatures/signatures_37/forgeries_37_10.png,forgeries_37_10.png,forged,1,writer_37,writer_37_sample_10,.png
/kaggle/input/datasets/matteocarnebella/cedar-signatures/signatures/signatures_37/original_37_8.png,original_37_8.png,genuine,0,writer_37,writer_37_sample_8,.png
/kaggle/input/datasets/matteocarnebella/cedar-signatures/signatures/signatures_37/original_37_1.png,original_37_1.png,genuine,0,writer_37,writer_37_sample_1,.png
/kaggle/input/datasets/matteocarnebella/cedar-signatures/signatures/signatures_37/original_37_7.png,original_37_7.png,genuine,0,writer_37,writer_37_sample_7,.png
/kaggle/input/datasets/matteocarnebella/cedar-signatures/signatures/signatures_44/original_44_4.png,original_44_4.png,genuine,0,writer_44,writer_44_sample_4,.png
/kaggle/input/datasets/matteocarnebella/cedar-signatures/signatures/signatures_44/forgeries_44_1.png,forgeries_44_1.png,forged,1,writer_44,writer_44_sample_1,.png
/kaggle/input/datasets/matteocarnebella/cedar-signatures/signatures/signatures_44/original_44_7.png,original_44_7.png,genuine,0,writer_44,writer_44_sample_7,.png
/kaggle/input/datasets/matteocarnebella/cedar-signatures/signatures/signatures_44/original_44_17.png,original_44_17.png,genuine,0,writer_44,writer_44_sample_17,.png
/kaggle/input/datasets/matteocarnebella/cedar-signatures/signatures/signatures_44/forgeries_44_16.png,forgeries_44_16.png,forged,1,writer_44,writer_44_sample_16,.png
/kaggle/input/datasets/matteocarnebella/cedar-signatures/signatures/signatures_44/original_44_3.png,original_44_3.png,genuine,0,writer_44,writer_44_sample_3,.png
/kaggle/input/datasets/matteocarnebella/cedar-signatures/signatures/signatures_44/forgeries_44_11.png,forgeries_44_11.png,forged,1,writer_44,writer_44_sample_11,.png
/kaggle/input/datasets/matteocarnebella/cedar-signatures/signatures/signatures_44/forgeries_44_12.png,forgeries_44_12.png,forged,1,writer_44,writer_44_sample_12,.png
/kaggle/input/datasets/matteocarnebella/cedar-signatures/signatures/signatures_44/forgeries_44_17.png,forgeries_44_17.png,forged,1,writer_44,writer_44_sample_17,.png
/kaggle/input/datasets/matteocarnebella/cedar-signatures/signatures/signatures_44/forgeries_44_19.png,forgeries_44_19.png,forged,1,writer_44,writer_44_sample_19,.png
/kaggle/input/datasets/matteocarnebella/cedar-signatures/signatures/signatures_44/forgeries_44_24.png,forgeries_44_24.png,forged,1,writer_44,writer_44_sample_24,.png
/kaggle/input/datasets/matteocarnebella/cedar-signatures/signatures/signatures_44/forgeries_44_10.png,forgeries_44_10.png,forged,1,writer_44,writer_44_sample_10,.png
/kaggle/input/datasets/matteocarnebella/cedar-signatures/signatures/signatures_44/forgeries_44_13.png,forgeries_44_13.png,forged,1,writer_44,writer_44_sample_13,.png
/kaggle/input/datasets/matteocarnebella/cedar-signatures/signatures/signatures_44/original_44_6.png,original_44_6.png,genuine,0,writer_44,writer_44_sample_6,.png
/kaggle/input/datasets/matteocarnebella/cedar-signatures/signatures/signatures_44/forgeries_44_20.png,forgeries_44_20.png,forged,1,writer_44,writer_44_sample_20,.png
/kaggle/input/datasets/matteocarnebella/cedar-signatures/signatures/signatures_44/forgeries_44_23.png,forgeries_44_23.png,forged,1,writer_44,writer_44_sample_23,.png
/kaggle/input/datasets/matteocarnebella/cedar-signatures/signatures/signatures_44/original_44_20.png,original_44_20.png,genuine,0,writer_44,writer_44_sample_20,.png
/kaggle/input/datasets/matteocarnebella/cedar-signatures/signatures/signatures_44/original_44_23.png,original_44_23.png,genuine,0,writer_44,writer_44_sample_23,.png
/kaggle/input/datasets/matteocarnebella/cedar-signatures/signatures/signatures_44/original_44_16.png,original_44_16.png,genuine,0,writer_44,writer_44_sample_16,.png
/kaggle/input/datasets/matteocarnebella/cedar-signatures/signatures/signatures_44/forgeries_44_5.png,forgeries_44_5.png,forged,1,writer_44,writer_44_sample_5,.png
/kaggle/input/datasets/matteocarnebella/cedar-signatures/signatures/signatures_44/forgeries_44_18.png,forgeries_44_18.png,forged,1,writer_44,writer_44_sample_18,.png
/kaggle/input/datasets/matteocarnebella/cedar-signatures/signatures/signatures_44/forgeries_44_6.png,forgeries_44_6.png,forged,1,writer_44,writer_44_sample_6,.png
/kaggle/input/datasets/matteocarnebella/cedar-signatures/signatures/signatures_44/forgeries_44_22.png,forgeries_44_22.png,forged,1,writer_44,writer_44_sample_22,.png
/kaggle/input/datasets/matteocarnebella/cedar-signatures/signatures/signatures_44/original_44_1.png,original_44_1.png,genuine,0,writer_44,writer_44_sample_1,.png
/kaggle/input/datasets/matteocarnebella/cedar-signatures/signatures/signatures_44/forgeries_44_3.png,forgeries_44_3.png,forged,1,writer_44,writer_44_sample_3,.png
/kaggle/input/datasets/matteocarnebella/cedar-signatures/signatures/signatures_44/original_44_9.png,original_44_9.png,genuine,0,writer_44,writer_44_sample_9,.png
/kaggle/input/datasets/matteocarnebella/cedar-signatures/signatures/signatures_44/original_44_24.png,original_44_24.png,genuine,0,writer_44,writer_44_sample_24,.png
/kaggle/input/datasets/matteocarnebella/cedar-signatures/signatures/signatures_44/original_44_5.png,original_44_5.png,genuine,0,writer_44,writer_44_sample_5,.png
/kaggle/input/datasets/matteocarnebella/cedar-signatures/signatures/signatures_44/forgeries_44_14.png,forgeries_44_14.png,forged,1,writer_44,writer_44_sample_14,.png
/kaggle/input/datasets/matteocarnebella/cedar-signatures/signatures/signatures_44/forgeries_44_15.png,forgeries_44_15.png,forged,1,writer_44,writer_44_sample_15,.png
/kaggle/input/datasets/matteocarnebella/cedar-signatures/signatures/signatures_44/forgeries_44_2.png,forgeries_44_2.png,forged,1,writer_44,writer_44_sample_2,.png
/kaggle/input/datasets/matteocarnebella/cedar-signatures/signatures/signatures_44/original_44_21.png,original_44_21.png,genuine,0,writer_44,writer_44_sample_21,.png
/kaggle/input/datasets/matteocarnebella/cedar-signatures/signatures/signatures_44/original_44_11.png,original_44_11.png,genuine,0,writer_44,writer_44_sample_11,.png
/kaggle/input/datasets/matteocarnebella/cedar-signatures/signatures/signatures_44/forgeries_44_7.png,forgeries_44_7.png,forged,1,writer_44,writer_44_sample_7,.png
/kaggle/input/datasets/matteocarnebella/cedar-signatures/signatures/signatures_44/original_44_19.png,original_44_19.png,genuine,0,writer_44,writer_44_sample_19,.png
/kaggle/input/datasets/matteocarnebella/cedar-signatures/signatures/signatures_44/forgeries_44_8.png,forgeries_44_8.png,forged,1,writer_44,writer_44_sample_8,.png
/kaggle/input/datasets/matteocarnebella/cedar-signatures/signatures/signatures_44/original_44_8.png,original_44_8.png,genuine,0,writer_44,writer_44_sample_8,.png
/kaggle/input/datasets/matteocarnebella/cedar-signatures/signatures/signatures_44/original_44_15.png,original_44_15.png,genuine,0,writer_44,writer_44_sample_15,.png
/kaggle/input/datasets/matteocarnebella/cedar-signatures/signatures/signatures_44/forgeries_44_9.png,forgeries_44_9.png,forged,1,writer_44,writer_44_sample_9,.png
/kaggle/input/datasets/matteocarnebella/cedar-signatures/signatures/signatures_44/original_44_12.png,original_44_12.png,genuine,0,writer_44,writer_44_sample_12,.png
/kaggle/input/datasets/matteocarnebella/cedar-signatures/signatures/signatures_44/original_44_18.png,original_44_18.png,genuine,0,writer_44,writer_44_sample_18,.png
/kaggle/input/datasets/matteocarnebella/cedar-signatures/signatures/signatures_44/original_44_22.png,original_44_22.png,genuine,0,writer_44,writer_44_sample_22,.png
/kaggle/input/datasets/matteocarnebella/cedar-signatures/signatures/signatures_44/original_44_10.png,original_44_10.png,genuine,0,writer_44,writer_44_sample_10,.png
/kaggle/input/datasets/matteocarnebella/cedar-signatures/signatures/signatures_44/original_44_14.png,original_44_14.png,genuine,0,writer_44,writer_44_sample_14,.png
/kaggle/input/datasets/matteocarnebella/cedar-signatures/signatures/signatures_44/original_44_2.png,original_44_2.png,genuine,0,writer_44,writer_44_sample_2,.png
/kaggle/input/datasets/matteocarnebella/cedar-signatures/signatures/signatures_44/forgeries_44_21.png,forgeries_44_21.png,forged,1,writer_44,writer_44_sample_21,.png
/kaggle/input/datasets/matteocarnebella/cedar-signatures/signatures/signatures_44/original_44_13.png,original_44_13.png,genuine,0,writer_44,writer_44_sample_13,.png
/kaggle/input/datasets/matteocarnebella/cedar-signatures/signatures/signatures_44/forgeries_44_4.png,forgeries_44_4.png,forged,1,writer_44,writer_44_sample_4,.png
/kaggle/input/datasets/matteocarnebella/cedar-signatures/signatures/signatures_9/original_9_16.png,original_9_16.png,genuine,0,writer_9,writer_9_sample_16,.png
/kaggle/input/datasets/matteocarnebella/cedar-signatures/signatures/signatures_9/original_9_15.png,original_9_15.png,genuine,0,writer_9,writer_9_sample_15,.png
/kaggle/input/datasets/matteocarnebella/cedar-signatures/signatures/signatures_9/forgeries_9_20.png,forgeries_9_20.png,forged,1,writer_9,writer_9_sample_20,.png
/kaggle/input/datasets/matteocarnebella/cedar-signatures/signatures/signatures_9/original_9_9.png,original_9_9.png,genuine,0,writer_9,writer_9_sample_9,.png
/kaggle/input/datasets/matteocarnebella/cedar-signatures/signatures/signatures_9/original_9_13.png,original_9_13.png,genuine,0,writer_9,writer_9_sample_13,.png
/kaggle/input/datasets/matteocarnebella/cedar-signatures/signatures/signatures_9/forgeries_9_24.png,forgeries_9_24.png,forged,1,writer_9,writer_9_sample_24,.png
/kaggle/input/datasets/matteocarnebella/cedar-signatures/signatures/signatures_9/original_9_19.png,original_9_19.png,genuine,0,writer_9,writer_9_sample_19,.png
/kaggle/input/datasets/matteocarnebella/cedar-signatures/signatures/signatures_9/original_9_1.png,original_9_1.png,genuine,0,writer_9,writer_9_sample_1,.png
/kaggle/input/datasets/matteocarnebella/cedar-signatures/signatures/signatures_9/forgeries_9_17.png,forgeries_9_17.png,forged,1,writer_9,writer_9_sample_17,.png
/kaggle/input/datasets/matteocarnebella/cedar-signatures/signatures/signatures_9/forgeries_9_14.png,forgeries_9_14.png,forged,1,writer_9,writer_9_sample_14,.png
/kaggle/input/datasets/matteocarnebella/cedar-signatures/signatures/signatures_9/forgeries_9_10.png,forgeries_9_10.png,forged,1,writer_9,writer_9_sample_10,.png
/kaggle/input/datasets/matteocarnebella/cedar-signatures/signatures/signatures_9/original_9_18.png,original_9_18.png,genuine,0,writer_9,writer_9_sample_18,.png
/kaggle/input/datasets/matteocarnebella/cedar-signatures/signatures/signatures_9/forgeries_9_2.png,forgeries_9_2.png,forged,1,writer_9,writer_9_sample_2,.png
/kaggle/input/datasets/matteocarnebella/cedar-signatures/signatures/signatures_9/forgeries_9_5.png,forgeries_9_5.png,forged,1,writer_9,writer_9_sample_5,.png
/kaggle/input/datasets/matteocarnebella/cedar-signatures/signatures/signatures_9/original_9_5.png,original_9_5.png,genuine,0,writer_9,writer_9_sample_5,.png
/kaggle/input/datasets/matteocarnebella/cedar-signatures/signatures/signatures_9/forgeries_9_9.png,forgeries_9_9.png,forged,1,writer_9,writer_9_sample_9,.png
/kaggle/input/datasets/matteocarnebella/cedar-signatures/signatures/signatures_9/original_9_21.png,original_9_21.png,genuine,0,writer_9,writer_9_sample_21,.png
/kaggle/input/datasets/matteocarnebella/cedar-signatures/signatures/signatures_9/forgeries_9_11.png,forgeries_9_11.png,forged,1,writer_9,writer_9_sample_11,.png
/kaggle/input/datasets/matteocarnebella/cedar-signatures/signatures/signatures_9/original_9_8.png,original_9_8.png,genuine,0,writer_9,writer_9_sample_8,.png
/kaggle/input/datasets/matteocarnebella/cedar-signatures/signatures/signatures_9/forgeries_9_4.png,forgeries_9_4.png,forged,1,writer_9,writer_9_sample_4,.png
/kaggle/input/datasets/matteocarnebella/cedar-signatures/signatures/signatures_9/original_9_24.png,original_9_24.png,genuine,0,writer_9,writer_9_sample_24,.png
/kaggle/input/datasets/matteocarnebella/cedar-signatures/signatures/signatures_9/original_9_11.png,original_9_11.png,genuine,0,writer_9,writer_9_sample_11,.png
/kaggle/input/datasets/matteocarnebella/cedar-signatures/signatures/signatures_9/forgeries_9_12.png,forgeries_9_12.png,forged,1,writer_9,writer_9_sample_12,.png
/kaggle/input/datasets/matteocarnebella/cedar-signatures/signatures/signatures_9/forgeries_9_19.png,forgeries_9_19.png,forged,1,writer_9,writer_9_sample_19,.png
/kaggle/input/datasets/matteocarnebella/cedar-signatures/signatures/signatures_9/forgeries_9_8.png,forgeries_9_8.png,forged,1,writer_9,writer_9_sample_8,.png
/kaggle/input/datasets/matteocarnebella/cedar-signatures/signatures/signatures_9/forgeries_9_18.png,forgeries_9_18.png,forged,1,writer_9,writer_9_sample_18,.png
/kaggle/input/datasets/matteocarnebella/cedar-signatures/signatures/signatures_9/forgeries_9_13.png,forgeries_9_13.png,forged,1,writer_9,writer_9_sample_13,.png
/kaggle/input/datasets/matteocarnebella/cedar-signatures/signatures/signatures_9/forgeries_9_21.png,forgeries_9_21.png,forged,1,writer_9,writer_9_sample_21,.png
/kaggle/input/datasets/matteocarnebella/cedar-signatures/signatures/signatures_9/forgeries_9_7.png,forgeries_9_7.png,forged,1,writer_9,writer_9_sample_7,.png
/kaggle/input/datasets/matteocarnebella/cedar-signatures/signatures/signatures_9/original_9_4.png,original_9_4.png,genuine,0,writer_9,writer_9_sample_4,.png
/kaggle/input/datasets/matteocarnebella/cedar-signatures/signatures/signatures_9/original_9_14.png,original_9_14.png,genuine,0,writer_9,writer_9_sample_14,.png
/kaggle/input/datasets/matteocarnebella/cedar-signatures/signatures/signatures_9/original_9_2.png,original_9_2.png,genuine,0,writer_9,writer_9_sample_2,.png
/kaggle/input/datasets/matteocarnebella/cedar-signatures/signatures/signatures_9/original_9_17.png,original_9_17.png,genuine,0,writer_9,writer_9_sample_17,.png
/kaggle/input/datasets/matteocarnebella/cedar-signatures/signatures/signatures_9/forgeries_9_16.png,forgeries_9_16.png,forged,1,writer_9,writer_9_sample_16,.png
/kaggle/input/datasets/matteocarnebella/cedar-signatures/signatures/signatures_9/original_9_12.png,original_9_12.png,genuine,0,writer_9,writer_9_sample_12,.png
/kaggle/input/datasets/matteocarnebella/cedar-signatures/signatures/signatures_9/original_9_23.png,original_9_23.png,genuine,0,writer_9,writer_9_sample_23,.png
/kaggle/input/datasets/matteocarnebella/cedar-signatures/signatures/signatures_9/forgeries_9_22.png,forgeries_9_22.png,forged,1,writer_9,writer_9_sample_22,.png
/kaggle/input/datasets/matteocarnebella/cedar-signatures/signatures/signatures_9/forgeries_9_1.png,forgeries_9_1.png,forged,1,writer_9,writer_9_sample_1,.png
/kaggle/input/datasets/matteocarnebella/cedar-signatures/signatures/signatures_9/original_9_22.png,original_9_22.png,genuine,0,writer_9,writer_9_sample_22,.png
/kaggle/input/datasets/matteocarnebella/cedar-signatures/signatures/signatures_9/original_9_7.png,original_9_7.png,genuine,0,writer_9,writer_9_sample_7,.png
/kaggle/input/datasets/matteocarnebella/cedar-signatures/signatures/signatures_9/original_9_3.png,original_9_3.png,genuine,0,writer_9,writer_9_sample_3,.png
/kaggle/input/datasets/matteocarnebella/cedar-signatures/signatures/signatures_9/forgeries_9_6.png,forgeries_9_6.png,forged,1,writer_9,writer_9_sample_6,.png
/kaggle/input/datasets/matteocarnebella/cedar-signatures/signatures/signatures_9/original_9_20.png,original_9_20.png,genuine,0,writer_9,writer_9_sample_20,.png
/kaggle/input/datasets/matteocarnebella/cedar-signatures/signatures/signatures_9/original_9_6.png,original_9_6.png,genuine,0,writer_9,writer_9_sample_6,.png
/kaggle/input/datasets/matteocarnebella/cedar-signatures/signatures/signatures_9/forgeries_9_23.png,forgeries_9_23.png,forged,1,writer_9,writer_9_sample_23,.png
/kaggle/input/datasets/matteocarnebella/cedar-signatures/signatures/signatures_9/forgeries_9_3.png,forgeries_9_3.png,forged,1,writer_9,writer_9_sample_3,.png
/kaggle/input/datasets/matteocarnebella/cedar-signatures/signatures/signatures_9/original_9_10.png,original_9_10.png,genuine,0,writer_9,writer_9_sample_10,.png
/kaggle/input/datasets/matteocarnebella/cedar-signatures/signatures/signatures_9/forgeries_9_15.png,forgeries_9_15.png,forged,1,writer_9,writer_9_sample_15,.png
/kaggle/input/datasets/matteocarnebella/cedar-signatures/signatures/signatures_53/original_53_12.png,original_53_12.png,genuine,0,writer_53,writer_53_sample_12,.png
/kaggle/input/datasets/matteocarnebella/cedar-signatures/signatures/signatures_53/forgeries_53_16.png,forgeries_53_16.png,forged,1,writer_53,writer_53_sample_16,.png
/kaggle/input/datasets/matteocarnebella/cedar-signatures/signatures/signatures_53/original_53_1.png,original_53_1.png,genuine,0,writer_53,writer_53_sample_1,.png
/kaggle/input/datasets/matteocarnebella/cedar-signatures/signatures/signatures_53/original_53_16.png,original_53_16.png,genuine,0,writer_53,writer_53_sample_16,.png
/kaggle/input/datasets/matteocarnebella/cedar-signatures/signatures/signatures_53/original_53_2.png,original_53_2.png,genuine,0,writer_53,writer_53_sample_2,.png
/kaggle/input/datasets/matteocarnebella/cedar-signatures/signatures/signatures_53/original_53_9.png,original_53_9.png,genuine,0,writer_53,writer_53_sample_9,.png
/kaggle/input/datasets/matteocarnebella/cedar-signatures/signatures/signatures_53/forgeries_53_19.png,forgeries_53_19.png,forged,1,writer_53,writer_53_sample_19,.png
/kaggle/input/datasets/matteocarnebella/cedar-signatures/signatures/signatures_53/forgeries_53_22.png,forgeries_53_22.png,forged,1,writer_53,writer_53_sample_22,.png
/kaggle/input/datasets/matteocarnebella/cedar-signatures/signatures/signatures_53/forgeries_53_12.png,forgeries_53_12.png,forged,1,writer_53,writer_53_sample_12,.png
/kaggle/input/datasets/matteocarnebella/cedar-signatures/signatures/signatures_53/original_53_7.png,original_53_7.png,genuine,0,writer_53,writer_53_sample_7,.png
/kaggle/input/datasets/matteocarnebella/cedar-signatures/signatures/signatures_53/forgeries_53_18.png,forgeries_53_18.png,forged,1,writer_53,writer_53_sample_18,.png
/kaggle/input/datasets/matteocarnebella/cedar-signatures/signatures/signatures_53/forgeries_53_7.png,forgeries_53_7.png,forged,1,writer_53,writer_53_sample_7,.png
/kaggle/input/datasets/matteocarnebella/cedar-signatures/signatures/signatures_53/original_53_22.png,original_53_22.png,genuine,0,writer_53,writer_53_sample_22,.png
/kaggle/input/datasets/matteocarnebella/cedar-signatures/signatures/signatures_53/forgeries_53_9.png,forgeries_53_9.png,forged,1,writer_53,writer_53_sample_9,.png
/kaggle/input/datasets/matteocarnebella/cedar-signatures/signatures/signatures_53/original_53_15.png,original_53_15.png,genuine,0,writer_53,writer_53_sample_15,.png
/kaggle/input/datasets/matteocarnebella/cedar-signatures/signatures/signatures_53/original_53_24.png,original_53_24.png,genuine,0,writer_53,writer_53_sample_24,.png
/kaggle/input/datasets/matteocarnebella/cedar-signatures/signatures/signatures_53/original_53_23.png,original_53_23.png,genuine,0,writer_53,writer_53_sample_23,.png
/kaggle/input/datasets/matteocarnebella/cedar-signatures/signatures/signatures_53/original_53_17.png,original_53_17.png,genuine,0,writer_53,writer_53_sample_17,.png
/kaggle/input/datasets/matteocarnebella/cedar-signatures/signatures/signatures_53/forgeries_53_4.png,forgeries_53_4.png,forged,1,writer_53,writer_53_sample_4,.png
/kaggle/input/datasets/matteocarnebella/cedar-signatures/signatures/signatures_53/forgeries_53_24.png,forgeries_53_24.png,forged,1,writer_53,writer_53_sample_24,.png
/kaggle/input/datasets/matteocarnebella/cedar-signatures/signatures/signatures_53/forgeries_53_5.png,forgeries_53_5.png,forged,1,writer_53,writer_53_sample_5,.png
/kaggle/input/datasets/matteocarnebella/cedar-signatures/signatures/signatures_53/original_53_19.png,original_53_19.png,genuine,0,writer_53,writer_53_sample_19,.png
/kaggle/input/datasets/matteocarnebella/cedar-signatures/signatures/signatures_53/forgeries_53_2.png,forgeries_53_2.png,forged,1,writer_53,writer_53_sample_2,.png
/kaggle/input/datasets/matteocarnebella/cedar-signatures/signatures/signatures_53/forgeries_53_3.png,forgeries_53_3.png,forged,1,writer_53,writer_53_sample_3,.png
/kaggle/input/datasets/matteocarnebella/cedar-signatures/signatures/signatures_53/forgeries_53_11.png,forgeries_53_11.png,forged,1,writer_53,writer_53_sample_11,.png
/kaggle/input/datasets/matteocarnebella/cedar-signatures/signatures/signatures_53/original_53_14.png,original_53_14.png,genuine,0,writer_53,writer_53_sample_14,.png
/kaggle/input/datasets/matteocarnebella/cedar-signatures/signatures/signatures_53/forgeries_53_23.png,forgeries_53_23.png,forged,1,writer_53,writer_53_sample_23,.png
/kaggle/input/datasets/matteocarnebella/cedar-signatures/signatures/signatures_53/original_53_13.png,original_53_13.png,genuine,0,writer_53,writer_53_sample_13,.png
/kaggle/input/datasets/matteocarnebella/cedar-signatures/signatures/signatures_53/original_53_8.png,original_53_8.png,genuine,0,writer_53,writer_53_sample_8,.png
/kaggle/input/datasets/matteocarnebella/cedar-signatures/signatures/signatures_53/original_53_3.png,original_53_3.png,genuine,0,writer_53,writer_53_sample_3,.png
/kaggle/input/datasets/matteocarnebella/cedar-signatures/signatures/signatures_53/original_53_11.png,original_53_11.png,genuine,0,writer_53,writer_53_sample_11,.png
/kaggle/input/datasets/matteocarnebella/cedar-signatures/signatures/signatures_53/forgeries_53_1.png,forgeries_53_1.png,forged,1,writer_53,writer_53_sample_1,.png
/kaggle/input/datasets/matteocarnebella/cedar-signatures/signatures/signatures_53/forgeries_53_21.png,forgeries_53_21.png,forged,1,writer_53,writer_53_sample_21,.png
/kaggle/input/datasets/matteocarnebella/cedar-signatures/signatures/signatures_53/original_53_6.png,original_53_6.png,genuine,0,writer_53,writer_53_sample_6,.png
/kaggle/input/datasets/matteocarnebella/cedar-signatures/signatures/signatures_53/original_53_18.png,original_53_18.png,genuine,0,writer_53,writer_53_sample_18,.png
/kaggle/input/datasets/matteocarnebella/cedar-signatures/signatures/signatures_53/original_53_4.png,original_53_4.png,genuine,0,writer_53,writer_53_sample_4,.png
/kaggle/input/datasets/matteocarnebella/cedar-signatures/signatures/signatures_53/original_53_21.png,original_53_21.png,genuine,0,writer_53,writer_53_sample_21,.png
/kaggle/input/datasets/matteocarnebella/cedar-signatures/signatures/signatures_53/forgeries_53_20.png,forgeries_53_20.png,forged,1,writer_53,writer_53_sample_20,.png
/kaggle/input/datasets/matteocarnebella/cedar-signatures/signatures/signatures_53/forgeries_53_8.png,forgeries_53_8.png,forged,1,writer_53,writer_53_sample_8,.png
/kaggle/input/datasets/matteocarnebella/cedar-signatures/signatures/signatures_53/original_53_5.png,original_53_5.png,genuine,0,writer_53,writer_53_sample_5,.png
/kaggle/input/datasets/matteocarnebella/cedar-signatures/signatures/signatures_53/original_53_20.png,original_53_20.png,genuine,0,writer_53,writer_53_sample_20,.png
/kaggle/input/datasets/matteocarnebella/cedar-signatures/signatures/signatures_53/forgeries_53_10.png,forgeries_53_10.png,forged,1,writer_53,writer_53_sample_10,.png
/kaggle/input/datasets/matteocarnebella/cedar-signatures/signatures/signatures_53/forgeries_53_17.png,forgeries_53_17.png,forged,1,writer_53,writer_53_sample_17,.png
/kaggle/input/datasets/matteocarnebella/cedar-signatures/signatures/signatures_53/forgeries_53_15.png,forgeries_53_15.png,forged,1,writer_53,writer_53_sample_15,.png
/kaggle/input/datasets/matteocarnebella/cedar-signatures/signatures/signatures_53/forgeries_53_14.png,forgeries_53_14.png,forged,1,writer_53,writer_53_sample_14,.png
/kaggle/input/datasets/matteocarnebella/cedar-signatures/signatures/signatures_53/original_53_10.png,original_53_10.png,genuine,0,writer_53,writer_53_sample_10,.png
/kaggle/input/datasets/matteocarnebella/cedar-signatures/signatures/signatures_53/forgeries_53_13.png,forgeries_53_13.png,forged,1,writer_53,writer_53_sample_13,.png
/kaggle/input/datasets/matteocarnebella/cedar-signatures/signatures/signatures_53/forgeries_53_6.png,forgeries_53_6.png,forged,1,writer_53,writer_53_sample_6,.png
/kaggle/input/datasets/matteocarnebella/cedar-signatures/signatures/signatures_32/original_32_23.png,original_32_23.png,genuine,0,writer_32,writer_32_sample_23,.png
/kaggle/input/datasets/matteocarnebella/cedar-signatures/signatures/signatures_32/original_32_16.png,original_32_16.png,genuine,0,writer_32,writer_32_sample_16,.png
/kaggle/input/datasets/matteocarnebella/cedar-signatures/signatures/signatures_32/forgeries_32_21.png,forgeries_32_21.png,forged,1,writer_32,writer_32_sample_21,.png
/kaggle/input/datasets/matteocarnebella/cedar-signatures/signatures/signatures_32/forgeries_32_24.png,forgeries_32_24.png,forged,1,writer_32,writer_32_sample_24,.png
/kaggle/input/datasets/matteocarnebella/cedar-signatures/signatures/signatures_32/forgeries_32_16.png,forgeries_32_16.png,forged,1,writer_32,writer_32_sample_16,.png
/kaggle/input/datasets/matteocarnebella/cedar-signatures/signatures/signatures_32/original_32_17.png,original_32_17.png,genuine,0,writer_32,writer_32_sample_17,.png
/kaggle/input/datasets/matteocarnebella/cedar-signatures/signatures/signatures_32/forgeries_32_13.png,forgeries_32_13.png,forged,1,writer_32,writer_32_sample_13,.png
/kaggle/input/datasets/matteocarnebella/cedar-signatures/signatures/signatures_32/forgeries_32_2.png,forgeries_32_2.png,forged,1,writer_32,writer_32_sample_2,.png
/kaggle/input/datasets/matteocarnebella/cedar-signatures/signatures/signatures_32/original_32_20.png,original_32_20.png,genuine,0,writer_32,writer_32_sample_20,.png
/kaggle/input/datasets/matteocarnebella/cedar-signatures/signatures/signatures_32/forgeries_32_15.png,forgeries_32_15.png,forged,1,writer_32,writer_32_sample_15,.png
/kaggle/input/datasets/matteocarnebella/cedar-signatures/signatures/signatures_32/forgeries_32_8.png,forgeries_32_8.png,forged,1,writer_32,writer_32_sample_8,.png
/kaggle/input/datasets/matteocarnebella/cedar-signatures/signatures/signatures_32/original_32_18.png,original_32_18.png,genuine,0,writer_32,writer_32_sample_18,.png
/kaggle/input/datasets/matteocarnebella/cedar-signatures/signatures/signatures_32/forgeries_32_10.png,forgeries_32_10.png,forged,1,writer_32,writer_32_sample_10,.png
/kaggle/input/datasets/matteocarnebella/cedar-signatures/signatures/signatures_32/original_32_21.png,original_32_21.png,genuine,0,writer_32,writer_32_sample_21,.png
/kaggle/input/datasets/matteocarnebella/cedar-signatures/signatures/signatures_32/original_32_14.png,original_32_14.png,genuine,0,writer_32,writer_32_sample_14,.png
/kaggle/input/datasets/matteocarnebella/cedar-signatures/signatures/signatures_32/original_32_9.png,original_32_9.png,genuine,0,writer_32,writer_32_sample_9,.png
/kaggle/input/datasets/matteocarnebella/cedar-signatures/signatures/signatures_32/forgeries_32_4.png,forgeries_32_4.png,forged,1,writer_32,writer_32_sample_4,.png
/kaggle/input/datasets/matteocarnebella/cedar-signatures/signatures/signatures_32/original_32_6.png,original_32_6.png,genuine,0,writer_32,writer_32_sample_6,.png
/kaggle/input/datasets/matteocarnebella/cedar-signatures/signatures/signatures_32/original_32_2.png,original_32_2.png,genuine,0,writer_32,writer_32_sample_2,.png
/kaggle/input/datasets/matteocarnebella/cedar-signatures/signatures/signatures_32/forgeries_32_18.png,forgeries_32_18.png,forged,1,writer_32,writer_32_sample_18,.png
/kaggle/input/datasets/matteocarnebella/cedar-signatures/signatures/signatures_32/original_32_11.png,original_32_11.png,genuine,0,writer_32,writer_32_sample_11,.png
/kaggle/input/datasets/matteocarnebella/cedar-signatures/signatures/signatures_32/forgeries_32_20.png,forgeries_32_20.png,forged,1,writer_32,writer_32_sample_20,.png
/kaggle/input/datasets/matteocarnebella/cedar-signatures/signatures/signatures_32/original_32_8.png,original_32_8.png,genuine,0,writer_32,writer_32_sample_8,.png
/kaggle/input/datasets/matteocarnebella/cedar-signatures/signatures/signatures_32/forgeries_32_12.png,forgeries_32_12.png,forged,1,writer_32,writer_32_sample_12,.png
/kaggle/input/datasets/matteocarnebella/cedar-signatures/signatures/signatures_32/original_32_19.png,original_32_19.png,genuine,0,writer_32,writer_32_sample_19,.png
/kaggle/input/datasets/matteocarnebella/cedar-signatures/signatures/signatures_32/forgeries_32_14.png,forgeries_32_14.png,forged,1,writer_32,writer_32_sample_14,.png
/kaggle/input/datasets/matteocarnebella/cedar-signatures/signatures/signatures_32/original_32_10.png,original_32_10.png,genuine,0,writer_32,writer_32_sample_10,.png
/kaggle/input/datasets/matteocarnebella/cedar-signatures/signatures/signatures_32/forgeries_32_23.png,forgeries_32_23.png,forged,1,writer_32,writer_32_sample_23,.png
/kaggle/input/datasets/matteocarnebella/cedar-signatures/signatures/signatures_32/original_32_1.png,original_32_1.png,genuine,0,writer_32,writer_32_sample_1,.png
/kaggle/input/datasets/matteocarnebella/cedar-signatures/signatures/signatures_32/original_32_24.png,original_32_24.png,genuine,0,writer_32,writer_32_sample_24,.png
/kaggle/input/datasets/matteocarnebella/cedar-signatures/signatures/signatures_32/forgeries_32_7.png,forgeries_32_7.png,forged,1,writer_32,writer_32_sample_7,.png
/kaggle/input/datasets/matteocarnebella/cedar-signatures/signatures/signatures_32/original_32_13.png,original_32_13.png,genuine,0,writer_32,writer_32_sample_13,.png
/kaggle/input/datasets/matteocarnebella/cedar-signatures/signatures/signatures_32/original_32_22.png,original_32_22.png,genuine,0,writer_32,writer_32_sample_22,.png
/kaggle/input/datasets/matteocarnebella/cedar-signatures/signatures/signatures_32/forgeries_32_19.png,forgeries_32_19.png,forged,1,writer_32,writer_32_sample_19,.png
/kaggle/input/datasets/matteocarnebella/cedar-signatures/signatures/signatures_32/forgeries_32_5.png,forgeries_32_5.png,forged,1,writer_32,writer_32_sample_5,.png
/kaggle/input/datasets/matteocarnebella/cedar-signatures/signatures/signatures_32/original_32_4.png,original_32_4.png,genuine,0,writer_32,writer_32_sample_4,.png
/kaggle/input/datasets/matteocarnebella/cedar-signatures/signatures/signatures_32/forgeries_32_9.png,forgeries_32_9.png,forged,1,writer_32,writer_32_sample_9,.png
/kaggle/input/datasets/matteocarnebella/cedar-signatures/signatures/signatures_32/forgeries_32_22.png,forgeries_32_22.png,forged,1,writer_32,writer_32_sample_22,.png
/kaggle/input/datasets/matteocarnebella/cedar-signatures/signatures/signatures_32/forgeries_32_17.png,forgeries_32_17.png,forged,1,writer_32,writer_32_sample_17,.png
/kaggle/input/datasets/matteocarnebella/cedar-signatures/signatures/signatures_32/forgeries_32_11.png,forgeries_32_11.png,forged,1,writer_32,writer_32_sample_11,.png
/kaggle/input/datasets/matteocarnebella/cedar-signatures/signatures/signatures_32/forgeries_32_1.png,forgeries_32_1.png,forged,1,writer_32,writer_32_sample_1,.png
/kaggle/input/datasets/matteocarnebella/cedar-signatures/signatures/signatures_32/original_32_15.png,original_32_15.png,genuine,0,writer_32,writer_32_sample_15,.png
/kaggle/input/datasets/matteocarnebella/cedar-signatures/signatures/signatures_32/forgeries_32_3.png,forgeries_32_3.png,forged,1,writer_32,writer_32_sample_3,.png
/kaggle/input/datasets/matteocarnebella/cedar-signatures/signatures/signatures_32/original_32_12.png,original_32_12.png,genuine,0,writer_32,writer_32_sample_12,.png
/kaggle/input/datasets/matteocarnebella/cedar-signatures/signatures/signatures_32/forgeries_32_6.png,forgeries_32_6.png,forged,1,writer_32,writer_32_sample_6,.png
/kaggle/input/datasets/matteocarnebella/cedar-signatures/signatures/signatures_32/original_32_7.png,original_32_7.png,genuine,0,writer_32,writer_32_sample_7,.png
/kaggle/input/datasets/matteocarnebella/cedar-signatures/signatures/signatures_32/original_32_5.png,original_32_5.png,genuine,0,writer_32,writer_32_sample_5,.png
/kaggle/input/datasets/matteocarnebella/cedar-signatures/signatures/signatures_32/original_32_3.png,original_32_3.png,genuine,0,writer_32,writer_32_sample_3,.png
/kaggle/input/datasets/matteocarnebella/cedar-signatures/signatures/signatures_13/forgeries_13_22.png,forgeries_13_22.png,forged,1,writer_13,writer_13_sample_22,.png
/kaggle/input/datasets/matteocarnebella/cedar-signatures/signatures/signatures_13/forgeries_13_14.png,forgeries_13_14.png,forged,1,writer_13,writer_13_sample_14,.png
/kaggle/input/datasets/matteocarnebella/cedar-signatures/signatures/signatures_13/forgeries_13_4.png,forgeries_13_4.png,forged,1,writer_13,writer_13_sample_4,.png
/kaggle/input/datasets/matteocarnebella/cedar-signatures/signatures/signatures_13/original_13_10.png,original_13_10.png,genuine,0,writer_13,writer_13_sample_10,.png
/kaggle/input/datasets/matteocarnebella/cedar-signatures/signatures/signatures_13/forgeries_13_13.png,forgeries_13_13.png,forged,1,writer_13,writer_13_sample_13,.png
/kaggle/input/datasets/matteocarnebella/cedar-signatures/signatures/signatures_13/forgeries_13_20.png,forgeries_13_20.png,forged,1,writer_13,writer_13_sample_20,.png
/kaggle/input/datasets/matteocarnebella/cedar-signatures/signatures/signatures_13/original_13_18.png,original_13_18.png,genuine,0,writer_13,writer_13_sample_18,.png
/kaggle/input/datasets/matteocarnebella/cedar-signatures/signatures/signatures_13/original_13_2.png,original_13_2.png,genuine,0,writer_13,writer_13_sample_2,.png
/kaggle/input/datasets/matteocarnebella/cedar-signatures/signatures/signatures_13/forgeries_13_3.png,forgeries_13_3.png,forged,1,writer_13,writer_13_sample_3,.png
/kaggle/input/datasets/matteocarnebella/cedar-signatures/signatures/signatures_13/forgeries_13_8.png,forgeries_13_8.png,forged,1,writer_13,writer_13_sample_8,.png
/kaggle/input/datasets/matteocarnebella/cedar-signatures/signatures/signatures_13/original_13_11.png,original_13_11.png,genuine,0,writer_13,writer_13_sample_11,.png
/kaggle/input/datasets/matteocarnebella/cedar-signatures/signatures/signatures_13/forgeries_13_9.png,forgeries_13_9.png,forged,1,writer_13,writer_13_sample_9,.png
/kaggle/input/datasets/matteocarnebella/cedar-signatures/signatures/signatures_13/original_13_14.png,original_13_14.png,genuine,0,writer_13,writer_13_sample_14,.png
/kaggle/input/datasets/matteocarnebella/cedar-signatures/signatures/signatures_13/forgeries_13_12.png,forgeries_13_12.png,forged,1,writer_13,writer_13_sample_12,.png
/kaggle/input/datasets/matteocarnebella/cedar-signatures/signatures/signatures_13/original_13_17.png,original_13_17.png,genuine,0,writer_13,writer_13_sample_17,.png
/kaggle/input/datasets/matteocarnebella/cedar-signatures/signatures/signatures_13/original_13_23.png,original_13_23.png,genuine,0,writer_13,writer_13_sample_23,.png
/kaggle/input/datasets/matteocarnebella/cedar-signatures/signatures/signatures_13/forgeries_13_1.png,forgeries_13_1.png,forged,1,writer_13,writer_13_sample_1,.png
/kaggle/input/datasets/matteocarnebella/cedar-signatures/signatures/signatures_13/original_13_19.png,original_13_19.png,genuine,0,writer_13,writer_13_sample_19,.png
/kaggle/input/datasets/matteocarnebella/cedar-signatures/signatures/signatures_13/forgeries_13_5.png,forgeries_13_5.png,forged,1,writer_13,writer_13_sample_5,.png
/kaggle/input/datasets/matteocarnebella/cedar-signatures/signatures/signatures_13/original_13_7.png,original_13_7.png,genuine,0,writer_13,writer_13_sample_7,.png
/kaggle/input/datasets/matteocarnebella/cedar-signatures/signatures/signatures_13/original_13_13.png,original_13_13.png,genuine,0,writer_13,writer_13_sample_13,.png
/kaggle/input/datasets/matteocarnebella/cedar-signatures/signatures/signatures_13/original_13_24.png,original_13_24.png,genuine,0,writer_13,writer_13_sample_24,.png
/kaggle/input/datasets/matteocarnebella/cedar-signatures/signatures/signatures_13/forgeries_13_18.png,forgeries_13_18.png,forged,1,writer_13,writer_13_sample_18,.png
/kaggle/input/datasets/matteocarnebella/cedar-signatures/signatures/signatures_13/forgeries_13_2.png,forgeries_13_2.png,forged,1,writer_13,writer_13_sample_2,.png
/kaggle/input/datasets/matteocarnebella/cedar-signatures/signatures/signatures_13/original_13_16.png,original_13_16.png,genuine,0,writer_13,writer_13_sample_16,.png
/kaggle/input/datasets/matteocarnebella/cedar-signatures/signatures/signatures_13/original_13_5.png,original_13_5.png,genuine,0,writer_13,writer_13_sample_5,.png
/kaggle/input/datasets/matteocarnebella/cedar-signatures/signatures/signatures_13/forgeries_13_7.png,forgeries_13_7.png,forged,1,writer_13,writer_13_sample_7,.png
/kaggle/input/datasets/matteocarnebella/cedar-signatures/signatures/signatures_13/forgeries_13_6.png,forgeries_13_6.png,forged,1,writer_13,writer_13_sample_6,.png
/kaggle/input/datasets/matteocarnebella/cedar-signatures/signatures/signatures_13/forgeries_13_16.png,forgeries_13_16.png,forged,1,writer_13,writer_13_sample_16,.png
/kaggle/input/datasets/matteocarnebella/cedar-signatures/signatures/signatures_13/original_13_6.png,original_13_6.png,genuine,0,writer_13,writer_13_sample_6,.png
/kaggle/input/datasets/matteocarnebella/cedar-signatures/signatures/signatures_13/forgeries_13_23.png,forgeries_13_23.png,forged,1,writer_13,writer_13_sample_23,.png
/kaggle/input/datasets/matteocarnebella/cedar-signatures/signatures/signatures_13/original_13_21.png,original_13_21.png,genuine,0,writer_13,writer_13_sample_21,.png
/kaggle/input/datasets/matteocarnebella/cedar-signatures/signatures/signatures_13/original_13_15.png,original_13_15.png,genuine,0,writer_13,writer_13_sample_15,.png
/kaggle/input/datasets/matteocarnebella/cedar-signatures/signatures/signatures_13/forgeries_13_19.png,forgeries_13_19.png,forged,1,writer_13,writer_13_sample_19,.png
/kaggle/input/datasets/matteocarnebella/cedar-signatures/signatures/signatures_13/original_13_12.png,original_13_12.png,genuine,0,writer_13,writer_13_sample_12,.png
/kaggle/input/datasets/matteocarnebella/cedar-signatures/signatures/signatures_13/original_13_4.png,original_13_4.png,genuine,0,writer_13,writer_13_sample_4,.png
/kaggle/input/datasets/matteocarnebella/cedar-signatures/signatures/signatures_13/forgeries_13_17.png,forgeries_13_17.png,forged,1,writer_13,writer_13_sample_17,.png
/kaggle/input/datasets/matteocarnebella/cedar-signatures/signatures/signatures_13/forgeries_13_11.png,forgeries_13_11.png,forged,1,writer_13,writer_13_sample_11,.png
/kaggle/input/datasets/matteocarnebella/cedar-signatures/signatures/signatures_13/original_13_9.png,original_13_9.png,genuine,0,writer_13,writer_13_sample_9,.png
/kaggle/input/datasets/matteocarnebella/cedar-signatures/signatures/signatures_13/original_13_22.png,original_13_22.png,genuine,0,writer_13,writer_13_sample_22,.png
/kaggle/input/datasets/matteocarnebella/cedar-signatures/signatures/signatures_13/forgeries_13_24.png,forgeries_13_24.png,forged,1,writer_13,writer_13_sample_24,.png
/kaggle/input/datasets/matteocarnebella/cedar-signatures/signatures/signatures_13/forgeries_13_10.png,forgeries_13_10.png,forged,1,writer_13,writer_13_sample_10,.png
/kaggle/input/datasets/matteocarnebella/cedar-signatures/signatures/signatures_13/original_13_8.png,original_13_8.png,genuine,0,writer_13,writer_13_sample_8,.png
/kaggle/input/datasets/matteocarnebella/cedar-signatures/signatures/signatures_13/forgeries_13_21.png,forgeries_13_21.png,forged,1,writer_13,writer_13_sample_21,.png
/kaggle/input/datasets/matteocarnebella/cedar-signatures/signatures/signatures_13/forgeries_13_15.png,forgeries_13_15.png,forged,1,writer_13,writer_13_sample_15,.png
/kaggle/input/datasets/matteocarnebella/cedar-signatures/signatures/signatures_13/original_13_3.png,original_13_3.png,genuine,0,writer_13,writer_13_sample_3,.png
/kaggle/input/datasets/matteocarnebella/cedar-signatures/signatures/signatures_13/original_13_20.png,original_13_20.png,genuine,0,writer_13,writer_13_sample_20,.png
/kaggle/input/datasets/matteocarnebella/cedar-signatures/signatures/signatures_13/original_13_1.png,original_13_1.png,genuine,0,writer_13,writer_13_sample_1,.png
/kaggle/input/datasets/matteocarnebella/cedar-signatures/signatures/signatures_2/forgeries_2_20.png,forgeries_2_20.png,forged,1,writer_2,writer_2_sample_20,.png
/kaggle/input/datasets/matteocarnebella/cedar-signatures/signatures/signatures_2/forgeries_2_3.png,forgeries_2_3.png,forged,1,writer_2,writer_2_sample_3,.png
/kaggle/input/datasets/matteocarnebella/cedar-signatures/signatures/signatures_2/forgeries_2_5.png,forgeries_2_5.png,forged,1,writer_2,writer_2_sample_5,.png
/kaggle/input/datasets/matteocarnebella/cedar-signatures/signatures/signatures_2/original_2_15.png,original_2_15.png,genuine,0,writer_2,writer_2_sample_15,.png
/kaggle/input/datasets/matteocarnebella/cedar-signatures/signatures/signatures_2/original_2_22.png,original_2_22.png,genuine,0,writer_2,writer_2_sample_22,.png
/kaggle/input/datasets/matteocarnebella/cedar-signatures/signatures/signatures_2/forgeries_2_24.png,forgeries_2_24.png,forged,1,writer_2,writer_2_sample_24,.png
/kaggle/input/datasets/matteocarnebella/cedar-signatures/signatures/signatures_2/forgeries_2_11.png,forgeries_2_11.png,forged,1,writer_2,writer_2_sample_11,.png
/kaggle/input/datasets/matteocarnebella/cedar-signatures/signatures/signatures_2/forgeries_2_8.png,forgeries_2_8.png,forged,1,writer_2,writer_2_sample_8,.png
/kaggle/input/datasets/matteocarnebella/cedar-signatures/signatures/signatures_2/forgeries_2_10.png,forgeries_2_10.png,forged,1,writer_2,writer_2_sample_10,.png
/kaggle/input/datasets/matteocarnebella/cedar-signatures/signatures/signatures_2/original_2_21.png,original_2_21.png,genuine,0,writer_2,writer_2_sample_21,.png
/kaggle/input/datasets/matteocarnebella/cedar-signatures/signatures/signatures_2/original_2_5.png,original_2_5.png,genuine,0,writer_2,writer_2_sample_5,.png
/kaggle/input/datasets/matteocarnebella/cedar-signatures/signatures/signatures_2/forgeries_2_14.png,forgeries_2_14.png,forged,1,writer_2,writer_2_sample_14,.png
/kaggle/input/datasets/matteocarnebella/cedar-signatures/signatures/signatures_2/original_2_9.png,original_2_9.png,genuine,0,writer_2,writer_2_sample_9,.png
/kaggle/input/datasets/matteocarnebella/cedar-signatures/signatures/signatures_2/forgeries_2_13.png,forgeries_2_13.png,forged,1,writer_2,writer_2_sample_13,.png
/kaggle/input/datasets/matteocarnebella/cedar-signatures/signatures/signatures_2/original_2_14.png,original_2_14.png,genuine,0,writer_2,writer_2_sample_14,.png
/kaggle/input/datasets/matteocarnebella/cedar-signatures/signatures/signatures_2/original_2_10.png,original_2_10.png,genuine,0,writer_2,writer_2_sample_10,.png
/kaggle/input/datasets/matteocarnebella/cedar-signatures/signatures/signatures_2/original_2_13.png,original_2_13.png,genuine,0,writer_2,writer_2_sample_13,.png
/kaggle/input/datasets/matteocarnebella/cedar-signatures/signatures/signatures_2/original_2_19.png,original_2_19.png,genuine,0,writer_2,writer_2_sample_19,.png
/kaggle/input/datasets/matteocarnebella/cedar-signatures/signatures/signatures_2/original_2_4.png,original_2_4.png,genuine,0,writer_2,writer_2_sample_4,.png
/kaggle/input/datasets/matteocarnebella/cedar-signatures/signatures/signatures_2/original_2_1.png,original_2_1.png,genuine,0,writer_2,writer_2_sample_1,.png
/kaggle/input/datasets/matteocarnebella/cedar-signatures/signatures/signatures_2/original_2_3.png,original_2_3.png,genuine,0,writer_2,writer_2_sample_3,.png
/kaggle/input/datasets/matteocarnebella/cedar-signatures/signatures/signatures_2/original_2_16.png,original_2_16.png,genuine,0,writer_2,writer_2_sample_16,.png
/kaggle/input/datasets/matteocarnebella/cedar-signatures/signatures/signatures_2/forgeries_2_16.png,forgeries_2_16.png,forged,1,writer_2,writer_2_sample_16,.png
/kaggle/input/datasets/matteocarnebella/cedar-signatures/signatures/signatures_2/original_2_20.png,original_2_20.png,genuine,0,writer_2,writer_2_sample_20,.png
/kaggle/input/datasets/matteocarnebella/cedar-signatures/signatures/signatures_2/forgeries_2_12.png,forgeries_2_12.png,forged,1,writer_2,writer_2_sample_12,.png
/kaggle/input/datasets/matteocarnebella/cedar-signatures/signatures/signatures_2/forgeries_2_17.png,forgeries_2_17.png,forged,1,writer_2,writer_2_sample_17,.png
/kaggle/input/datasets/matteocarnebella/cedar-signatures/signatures/signatures_2/forgeries_2_22.png,forgeries_2_22.png,forged,1,writer_2,writer_2_sample_22,.png
/kaggle/input/datasets/matteocarnebella/cedar-signatures/signatures/signatures_2/forgeries_2_2.png,forgeries_2_2.png,forged,1,writer_2,writer_2_sample_2,.png
/kaggle/input/datasets/matteocarnebella/cedar-signatures/signatures/signatures_2/forgeries_2_23.png,forgeries_2_23.png,forged,1,writer_2,writer_2_sample_23,.png
/kaggle/input/datasets/matteocarnebella/cedar-signatures/signatures/signatures_2/original_2_2.png,original_2_2.png,genuine,0,writer_2,writer_2_sample_2,.png
/kaggle/input/datasets/matteocarnebella/cedar-signatures/signatures/signatures_2/forgeries_2_1.png,forgeries_2_1.png,forged,1,writer_2,writer_2_sample_1,.png
/kaggle/input/datasets/matteocarnebella/cedar-signatures/signatures/signatures_2/original_2_12.png,original_2_12.png,genuine,0,writer_2,writer_2_sample_12,.png
/kaggle/input/datasets/matteocarnebella/cedar-signatures/signatures/signatures_2/forgeries_2_9.png,forgeries_2_9.png,forged,1,writer_2,writer_2_sample_9,.png
/kaggle/input/datasets/matteocarnebella/cedar-signatures/signatures/signatures_2/forgeries_2_4.png,forgeries_2_4.png,forged,1,writer_2,writer_2_sample_4,.png
/kaggle/input/datasets/matteocarnebella/cedar-signatures/signatures/signatures_2/forgeries_2_18.png,forgeries_2_18.png,forged,1,writer_2,writer_2_sample_18,.png
/kaggle/input/datasets/matteocarnebella/cedar-signatures/signatures/signatures_2/forgeries_2_7.png,forgeries_2_7.png,forged,1,writer_2,writer_2_sample_7,.png
/kaggle/input/datasets/matteocarnebella/cedar-signatures/signatures/signatures_2/original_2_23.png,original_2_23.png,genuine,0,writer_2,writer_2_sample_23,.png
/kaggle/input/datasets/matteocarnebella/cedar-signatures/signatures/signatures_2/original_2_17.png,original_2_17.png,genuine,0,writer_2,writer_2_sample_17,.png
/kaggle/input/datasets/matteocarnebella/cedar-signatures/signatures/signatures_2/original_2_8.png,original_2_8.png,genuine,0,writer_2,writer_2_sample_8,.png
/kaggle/input/datasets/matteocarnebella/cedar-signatures/signatures/signatures_2/original_2_7.png,original_2_7.png,genuine,0,writer_2,writer_2_sample_7,.png
/kaggle/input/datasets/matteocarnebella/cedar-signatures/signatures/signatures_2/forgeries_2_6.png,forgeries_2_6.png,forged,1,writer_2,writer_2_sample_6,.png
/kaggle/input/datasets/matteocarnebella/cedar-signatures/signatures/signatures_2/forgeries_2_21.png,forgeries_2_21.png,forged,1,writer_2,writer_2_sample_21,.png
/kaggle/input/datasets/matteocarnebella/cedar-signatures/signatures/signatures_2/original_2_18.png,original_2_18.png,genuine,0,writer_2,writer_2_sample_18,.png
/kaggle/input/datasets/matteocarnebella/cedar-signatures/signatures/signatures_2/original_2_11.png,original_2_11.png,genuine,0,writer_2,writer_2_sample_11,.png
/kaggle/input/datasets/matteocarnebella/cedar-signatures/signatures/signatures_2/forgeries_2_19.png,forgeries_2_19.png,forged,1,writer_2,writer_2_sample_19,.png
/kaggle/input/datasets/matteocarnebella/cedar-signatures/signatures/signatures_2/original_2_6.png,original_2_6.png,genuine,0,writer_2,writer_2_sample_6,.png
/kaggle/input/datasets/matteocarnebella/cedar-signatures/signatures/signatures_2/original_2_24.png,original_2_24.png,genuine,0,writer_2,writer_2_sample_24,.png
/kaggle/input/datasets/matteocarnebella/cedar-signatures/signatures/signatures_2/forgeries_2_15.png,forgeries_2_15.png,forged,1,writer_2,writer_2_sample_15,.png
/kaggle/input/datasets/matteocarnebella/cedar-signatures/signatures/signatures_55/original_55_19.png,original_55_19.png,genuine,0,writer_55,writer_55_sample_19,.png
/kaggle/input/datasets/matteocarnebella/cedar-signatures/signatures/signatures_55/forgeries_55_2.png,forgeries_55_2.png,forged,1,writer_55,writer_55_sample_2,.png
/kaggle/input/datasets/matteocarnebella/cedar-signatures/signatures/signatures_55/forgeries_55_20.png,forgeries_55_20.png,forged,1,writer_55,writer_55_sample_20,.png
/kaggle/input/datasets/matteocarnebella/cedar-signatures/signatures/signatures_55/original_55_7.png,original_55_7.png,genuine,0,writer_55,writer_55_sample_7,.png
/kaggle/input/datasets/matteocarnebella/cedar-signatures/signatures/signatures_55/original_55_11.png,original_55_11.png,genuine,0,writer_55,writer_55_sample_11,.png
/kaggle/input/datasets/matteocarnebella/cedar-signatures/signatures/signatures_55/forgeries_55_12.png,forgeries_55_12.png,forged,1,writer_55,writer_55_sample_12,.png
/kaggle/input/datasets/matteocarnebella/cedar-signatures/signatures/signatures_55/forgeries_55_18.png,forgeries_55_18.png,forged,1,writer_55,writer_55_sample_18,.png
/kaggle/input/datasets/matteocarnebella/cedar-signatures/signatures/signatures_55/forgeries_55_16.png,forgeries_55_16.png,forged,1,writer_55,writer_55_sample_16,.png
/kaggle/input/datasets/matteocarnebella/cedar-signatures/signatures/signatures_55/original_55_13.png,original_55_13.png,genuine,0,writer_55,writer_55_sample_13,.png
/kaggle/input/datasets/matteocarnebella/cedar-signatures/signatures/signatures_55/original_55_21.png,original_55_21.png,genuine,0,writer_55,writer_55_sample_21,.png
/kaggle/input/datasets/matteocarnebella/cedar-signatures/signatures/signatures_55/original_55_1.png,original_55_1.png,genuine,0,writer_55,writer_55_sample_1,.png
/kaggle/input/datasets/matteocarnebella/cedar-signatures/signatures/signatures_55/original_55_2.png,original_55_2.png,genuine,0,writer_55,writer_55_sample_2,.png
/kaggle/input/datasets/matteocarnebella/cedar-signatures/signatures/signatures_55/forgeries_55_3.png,forgeries_55_3.png,forged,1,writer_55,writer_55_sample_3,.png
/kaggle/input/datasets/matteocarnebella/cedar-signatures/signatures/signatures_55/forgeries_55_23.png,forgeries_55_23.png,forged,1,writer_55,writer_55_sample_23,.png
/kaggle/input/datasets/matteocarnebella/cedar-signatures/signatures/signatures_55/original_55_22.png,original_55_22.png,genuine,0,writer_55,writer_55_sample_22,.png
/kaggle/input/datasets/matteocarnebella/cedar-signatures/signatures/signatures_55/original_55_15.png,original_55_15.png,genuine,0,writer_55,writer_55_sample_15,.png
/kaggle/input/datasets/matteocarnebella/cedar-signatures/signatures/signatures_55/original_55_6.png,original_55_6.png,genuine,0,writer_55,writer_55_sample_6,.png
/kaggle/input/datasets/matteocarnebella/cedar-signatures/signatures/signatures_55/forgeries_55_14.png,forgeries_55_14.png,forged,1,writer_55,writer_55_sample_14,.png
/kaggle/input/datasets/matteocarnebella/cedar-signatures/signatures/signatures_55/original_55_24.png,original_55_24.png,genuine,0,writer_55,writer_55_sample_24,.png
/kaggle/input/datasets/matteocarnebella/cedar-signatures/signatures/signatures_55/forgeries_55_13.png,forgeries_55_13.png,forged,1,writer_55,writer_55_sample_13,.png
/kaggle/input/datasets/matteocarnebella/cedar-signatures/signatures/signatures_55/original_55_20.png,original_55_20.png,genuine,0,writer_55,writer_55_sample_20,.png
/kaggle/input/datasets/matteocarnebella/cedar-signatures/signatures/signatures_55/forgeries_55_15.png,forgeries_55_15.png,forged,1,writer_55,writer_55_sample_15,.png
/kaggle/input/datasets/matteocarnebella/cedar-signatures/signatures/signatures_55/original_55_3.png,original_55_3.png,genuine,0,writer_55,writer_55_sample_3,.png
/kaggle/input/datasets/matteocarnebella/cedar-signatures/signatures/signatures_55/forgeries_55_19.png,forgeries_55_19.png,forged,1,writer_55,writer_55_sample_19,.png
/kaggle/input/datasets/matteocarnebella/cedar-signatures/signatures/signatures_55/original_55_16.png,original_55_16.png,genuine,0,writer_55,writer_55_sample_16,.png
/kaggle/input/datasets/matteocarnebella/cedar-signatures/signatures/signatures_55/forgeries_55_8.png,forgeries_55_8.png,forged,1,writer_55,writer_55_sample_8,.png
/kaggle/input/datasets/matteocarnebella/cedar-signatures/signatures/signatures_55/original_55_5.png,original_55_5.png,genuine,0,writer_55,writer_55_sample_5,.png
/kaggle/input/datasets/matteocarnebella/cedar-signatures/signatures/signatures_55/forgeries_55_6.png,forgeries_55_6.png,forged,1,writer_55,writer_55_sample_6,.png
/kaggle/input/datasets/matteocarnebella/cedar-signatures/signatures/signatures_55/forgeries_55_17.png,forgeries_55_17.png,forged,1,writer_55,writer_55_sample_17,.png
/kaggle/input/datasets/matteocarnebella/cedar-signatures/signatures/signatures_55/original_55_8.png,original_55_8.png,genuine,0,writer_55,writer_55_sample_8,.png
/kaggle/input/datasets/matteocarnebella/cedar-signatures/signatures/signatures_55/forgeries_55_5.png,forgeries_55_5.png,forged,1,writer_55,writer_55_sample_5,.png
/kaggle/input/datasets/matteocarnebella/cedar-signatures/signatures/signatures_55/original_55_10.png,original_55_10.png,genuine,0,writer_55,writer_55_sample_10,.png
/kaggle/input/datasets/matteocarnebella/cedar-signatures/signatures/signatures_55/original_55_9.png,original_55_9.png,genuine,0,writer_55,writer_55_sample_9,.png
/kaggle/input/datasets/matteocarnebella/cedar-signatures/signatures/signatures_55/original_55_17.png,original_55_17.png,genuine,0,writer_55,writer_55_sample_17,.png
/kaggle/input/datasets/matteocarnebella/cedar-signatures/signatures/signatures_55/forgeries_55_22.png,forgeries_55_22.png,forged,1,writer_55,writer_55_sample_22,.png
/kaggle/input/datasets/matteocarnebella/cedar-signatures/signatures/signatures_55/original_55_14.png,original_55_14.png,genuine,0,writer_55,writer_55_sample_14,.png
/kaggle/input/datasets/matteocarnebella/cedar-signatures/signatures/signatures_55/original_55_4.png,original_55_4.png,genuine,0,writer_55,writer_55_sample_4,.png
/kaggle/input/datasets/matteocarnebella/cedar-signatures/signatures/signatures_55/forgeries_55_4.png,forgeries_55_4.png,forged,1,writer_55,writer_55_sample_4,.png
/kaggle/input/datasets/matteocarnebella/cedar-signatures/signatures/signatures_55/forgeries_55_21.png,forgeries_55_21.png,forged,1,writer_55,writer_55_sample_21,.png
/kaggle/input/datasets/matteocarnebella/cedar-signatures/signatures/signatures_55/forgeries_55_11.png,forgeries_55_11.png,forged,1,writer_55,writer_55_sample_11,.png
/kaggle/input/datasets/matteocarnebella/cedar-signatures/signatures/signatures_55/original_55_23.png,original_55_23.png,genuine,0,writer_55,writer_55_sample_23,.png
/kaggle/input/datasets/matteocarnebella/cedar-signatures/signatures/signatures_55/forgeries_55_9.png,forgeries_55_9.png,forged,1,writer_55,writer_55_sample_9,.png
/kaggle/input/datasets/matteocarnebella/cedar-signatures/signatures/signatures_55/forgeries_55_10.png,forgeries_55_10.png,forged,1,writer_55,writer_55_sample_10,.png
/kaggle/input/datasets/matteocarnebella/cedar-signatures/signatures/signatures_55/forgeries_55_24.png,forgeries_55_24.png,forged,1,writer_55,writer_55_sample_24,.png
/kaggle/input/datasets/matteocarnebella/cedar-signatures/signatures/signatures_55/forgeries_55_1.png,forgeries_55_1.png,forged,1,writer_55,writer_55_sample_1,.png
/kaggle/input/datasets/matteocarnebella/cedar-signatures/signatures/signatures_55/original_55_12.png,original_55_12.png,genuine,0,writer_55,writer_55_sample_12,.png
/kaggle/input/datasets/matteocarnebella/cedar-signatures/signatures/signatures_55/forgeries_55_7.png,forgeries_55_7.png,forged,1,writer_55,writer_55_sample_7,.png
/kaggle/input/datasets/matteocarnebella/cedar-signatures/signatures/signatures_55/original_55_18.png,original_55_18.png,genuine,0,writer_55,writer_55_sample_18,.png
/kaggle/input/datasets/matteocarnebella/cedar-signatures/signatures/signatures_10/forgeries_10_3.png,forgeries_10_3.png,forged,1,writer_10,writer_10_sample_3,.png
/kaggle/input/datasets/matteocarnebella/cedar-signatures/signatures/signatures_10/forgeries_10_16.png,forgeries_10_16.png,forged,1,writer_10,writer_10_sample_16,.png
/kaggle/input/datasets/matteocarnebella/cedar-signatures/signatures/signatures_10/original_10_15.png,original_10_15.png,genuine,0,writer_10,writer_10_sample_15,.png
/kaggle/input/datasets/matteocarnebella/cedar-signatures/signatures/signatures_10/forgeries_10_7.png,forgeries_10_7.png,forged,1,writer_10,writer_10_sample_7,.png
/kaggle/input/datasets/matteocarnebella/cedar-signatures/signatures/signatures_10/original_10_14.png,original_10_14.png,genuine,0,writer_10,writer_10_sample_14,.png
/kaggle/input/datasets/matteocarnebella/cedar-signatures/signatures/signatures_10/original_10_3.png,original_10_3.png,genuine,0,writer_10,writer_10_sample_3,.png
/kaggle/input/datasets/matteocarnebella/cedar-signatures/signatures/signatures_10/forgeries_10_4.png,forgeries_10_4.png,forged,1,writer_10,writer_10_sample_4,.png
/kaggle/input/datasets/matteocarnebella/cedar-signatures/signatures/signatures_10/forgeries_10_9.png,forgeries_10_9.png,forged,1,writer_10,writer_10_sample_9,.png
/kaggle/input/datasets/matteocarnebella/cedar-signatures/signatures/signatures_10/forgeries_10_5.png,forgeries_10_5.png,forged,1,writer_10,writer_10_sample_5,.png
/kaggle/input/datasets/matteocarnebella/cedar-signatures/signatures/signatures_10/original_10_20.png,original_10_20.png,genuine,0,writer_10,writer_10_sample_20,.png
/kaggle/input/datasets/matteocarnebella/cedar-signatures/signatures/signatures_10/forgeries_10_19.png,forgeries_10_19.png,forged,1,writer_10,writer_10_sample_19,.png
/kaggle/input/datasets/matteocarnebella/cedar-signatures/signatures/signatures_10/original_10_13.png,original_10_13.png,genuine,0,writer_10,writer_10_sample_13,.png
/kaggle/input/datasets/matteocarnebella/cedar-signatures/signatures/signatures_10/original_10_10.png,original_10_10.png,genuine,0,writer_10,writer_10_sample_10,.png
/kaggle/input/datasets/matteocarnebella/cedar-signatures/signatures/signatures_10/forgeries_10_11.png,forgeries_10_11.png,forged,1,writer_10,writer_10_sample_11,.png
/kaggle/input/datasets/matteocarnebella/cedar-signatures/signatures/signatures_10/forgeries_10_2.png,forgeries_10_2.png,forged,1,writer_10,writer_10_sample_2,.png
/kaggle/input/datasets/matteocarnebella/cedar-signatures/signatures/signatures_10/original_10_4.png,original_10_4.png,genuine,0,writer_10,writer_10_sample_4,.png
/kaggle/input/datasets/matteocarnebella/cedar-signatures/signatures/signatures_10/original_10_9.png,original_10_9.png,genuine,0,writer_10,writer_10_sample_9,.png
/kaggle/input/datasets/matteocarnebella/cedar-signatures/signatures/signatures_10/forgeries_10_6.png,forgeries_10_6.png,forged,1,writer_10,writer_10_sample_6,.png
/kaggle/input/datasets/matteocarnebella/cedar-signatures/signatures/signatures_10/original_10_22.png,original_10_22.png,genuine,0,writer_10,writer_10_sample_22,.png
/kaggle/input/datasets/matteocarnebella/cedar-signatures/signatures/signatures_10/original_10_1.png,original_10_1.png,genuine,0,writer_10,writer_10_sample_1,.png
/kaggle/input/datasets/matteocarnebella/cedar-signatures/signatures/signatures_10/original_10_11.png,original_10_11.png,genuine,0,writer_10,writer_10_sample_11,.png
/kaggle/input/datasets/matteocarnebella/cedar-signatures/signatures/signatures_10/original_10_5.png,original_10_5.png,genuine,0,writer_10,writer_10_sample_5,.png
/kaggle/input/datasets/matteocarnebella/cedar-signatures/signatures/signatures_10/original_10_12.png,original_10_12.png,genuine,0,writer_10,writer_10_sample_12,.png
/kaggle/input/datasets/matteocarnebella/cedar-signatures/signatures/signatures_10/original_10_21.png,original_10_21.png,genuine,0,writer_10,writer_10_sample_21,.png
/kaggle/input/datasets/matteocarnebella/cedar-signatures/signatures/signatures_10/original_10_6.png,original_10_6.png,genuine,0,writer_10,writer_10_sample_6,.png
/kaggle/input/datasets/matteocarnebella/cedar-signatures/signatures/signatures_10/forgeries_10_20.png,forgeries_10_20.png,forged,1,writer_10,writer_10_sample_20,.png
/kaggle/input/datasets/matteocarnebella/cedar-signatures/signatures/signatures_10/forgeries_10_13.png,forgeries_10_13.png,forged,1,writer_10,writer_10_sample_13,.png
/kaggle/input/datasets/matteocarnebella/cedar-signatures/signatures/signatures_10/original_10_23.png,original_10_23.png,genuine,0,writer_10,writer_10_sample_23,.png
/kaggle/input/datasets/matteocarnebella/cedar-signatures/signatures/signatures_10/forgeries_10_18.png,forgeries_10_18.png,forged,1,writer_10,writer_10_sample_18,.png
/kaggle/input/datasets/matteocarnebella/cedar-signatures/signatures/signatures_10/original_10_16.png,original_10_16.png,genuine,0,writer_10,writer_10_sample_16,.png
/kaggle/input/datasets/matteocarnebella/cedar-signatures/signatures/signatures_10/forgeries_10_15.png,forgeries_10_15.png,forged,1,writer_10,writer_10_sample_15,.png
/kaggle/input/datasets/matteocarnebella/cedar-signatures/signatures/signatures_10/original_10_7.png,original_10_7.png,genuine,0,writer_10,writer_10_sample_7,.png
/kaggle/input/datasets/matteocarnebella/cedar-signatures/signatures/signatures_10/original_10_18.png,original_10_18.png,genuine,0,writer_10,writer_10_sample_18,.png
/kaggle/input/datasets/matteocarnebella/cedar-signatures/signatures/signatures_10/forgeries_10_24.png,forgeries_10_24.png,forged,1,writer_10,writer_10_sample_24,.png
/kaggle/input/datasets/matteocarnebella/cedar-signatures/signatures/signatures_10/forgeries_10_1.png,forgeries_10_1.png,forged,1,writer_10,writer_10_sample_1,.png
/kaggle/input/datasets/matteocarnebella/cedar-signatures/signatures/signatures_10/forgeries_10_10.png,forgeries_10_10.png,forged,1,writer_10,writer_10_sample_10,.png
/kaggle/input/datasets/matteocarnebella/cedar-signatures/signatures/signatures_10/forgeries_10_23.png,forgeries_10_23.png,forged,1,writer_10,writer_10_sample_23,.png
/kaggle/input/datasets/matteocarnebella/cedar-signatures/signatures/signatures_10/forgeries_10_21.png,forgeries_10_21.png,forged,1,writer_10,writer_10_sample_21,.png
/kaggle/input/datasets/matteocarnebella/cedar-signatures/signatures/signatures_10/original_10_19.png,original_10_19.png,genuine,0,writer_10,writer_10_sample_19,.png
/kaggle/input/datasets/matteocarnebella/cedar-signatures/signatures/signatures_10/forgeries_10_14.png,forgeries_10_14.png,forged,1,writer_10,writer_10_sample_14,.png
/kaggle/input/datasets/matteocarnebella/cedar-signatures/signatures/signatures_10/forgeries_10_8.png,forgeries_10_8.png,forged,1,writer_10,writer_10_sample_8,.png
/kaggle/input/datasets/matteocarnebella/cedar-signatures/signatures/signatures_10/original_10_17.png,original_10_17.png,genuine,0,writer_10,writer_10_sample_17,.png
/kaggle/input/datasets/matteocarnebella/cedar-signatures/signatures/signatures_10/original_10_8.png,original_10_8.png,genuine,0,writer_10,writer_10_sample_8,.png
/kaggle/input/datasets/matteocarnebella/cedar-signatures/signatures/signatures_10/original_10_2.png,original_10_2.png,genuine,0,writer_10,writer_10_sample_2,.png
/kaggle/input/datasets/matteocarnebella/cedar-signatures/signatures/signatures_10/forgeries_10_17.png,forgeries_10_17.png,forged,1,writer_10,writer_10_sample_17,.png
/kaggle/input/datasets/matteocarnebella/cedar-signatures/signatures/signatures_10/forgeries_10_12.png,forgeries_10_12.png,forged,1,writer_10,writer_10_sample_12,.png
/kaggle/input/datasets/matteocarnebella/cedar-signatures/signatures/signatures_10/forgeries_10_22.png,forgeries_10_22.png,forged,1,writer_10,writer_10_sample_22,.png
/kaggle/input/datasets/matteocarnebella/cedar-signatures/signatures/signatures_10/original_10_24.png,original_10_24.png,genuine,0,writer_10,writer_10_sample_24,.png
/kaggle/input/datasets/matteocarnebella/cedar-signatures/signatures/signatures_18/original_18_19.png,original_18_19.png,genuine,0,writer_18,writer_18_sample_19,.png
/kaggle/input/datasets/matteocarnebella/cedar-signatures/signatures/signatures_18/forgeries_18_20.png,forgeries_18_20.png,forged,1,writer_18,writer_18_sample_20,.png
/kaggle/input/datasets/matteocarnebella/cedar-signatures/signatures/signatures_18/original_18_6.png,original_18_6.png,genuine,0,writer_18,writer_18_sample_6,.png
/kaggle/input/datasets/matteocarnebella/cedar-signatures/signatures/signatures_18/original_18_22.png,original_18_22.png,genuine,0,writer_18,writer_18_sample_22,.png
/kaggle/input/datasets/matteocarnebella/cedar-signatures/signatures/signatures_18/forgeries_18_16.png,forgeries_18_16.png,forged,1,writer_18,writer_18_sample_16,.png
/kaggle/input/datasets/matteocarnebella/cedar-signatures/signatures/signatures_18/original_18_2.png,original_18_2.png,genuine,0,writer_18,writer_18_sample_2,.png
/kaggle/input/datasets/matteocarnebella/cedar-signatures/signatures/signatures_18/original_18_13.png,original_18_13.png,genuine,0,writer_18,writer_18_sample_13,.png
/kaggle/input/datasets/matteocarnebella/cedar-signatures/signatures/signatures_18/forgeries_18_17.png,forgeries_18_17.png,forged,1,writer_18,writer_18_sample_17,.png
/kaggle/input/datasets/matteocarnebella/cedar-signatures/signatures/signatures_18/original_18_17.png,original_18_17.png,genuine,0,writer_18,writer_18_sample_17,.png
/kaggle/input/datasets/matteocarnebella/cedar-signatures/signatures/signatures_18/forgeries_18_9.png,forgeries_18_9.png,forged,1,writer_18,writer_18_sample_9,.png
/kaggle/input/datasets/matteocarnebella/cedar-signatures/signatures/signatures_18/forgeries_18_4.png,forgeries_18_4.png,forged,1,writer_18,writer_18_sample_4,.png
/kaggle/input/datasets/matteocarnebella/cedar-signatures/signatures/signatures_18/original_18_4.png,original_18_4.png,genuine,0,writer_18,writer_18_sample_4,.png
/kaggle/input/datasets/matteocarnebella/cedar-signatures/signatures/signatures_18/forgeries_18_8.png,forgeries_18_8.png,forged,1,writer_18,writer_18_sample_8,.png
/kaggle/input/datasets/matteocarnebella/cedar-signatures/signatures/signatures_18/forgeries_18_5.png,forgeries_18_5.png,forged,1,writer_18,writer_18_sample_5,.png
/kaggle/input/datasets/matteocarnebella/cedar-signatures/signatures/signatures_18/forgeries_18_11.png,forgeries_18_11.png,forged,1,writer_18,writer_18_sample_11,.png
/kaggle/input/datasets/matteocarnebella/cedar-signatures/signatures/signatures_18/forgeries_18_24.png,forgeries_18_24.png,forged,1,writer_18,writer_18_sample_24,.png
/kaggle/input/datasets/matteocarnebella/cedar-signatures/signatures/signatures_18/original_18_3.png,original_18_3.png,genuine,0,writer_18,writer_18_sample_3,.png
/kaggle/input/datasets/matteocarnebella/cedar-signatures/signatures/signatures_18/forgeries_18_23.png,forgeries_18_23.png,forged,1,writer_18,writer_18_sample_23,.png
/kaggle/input/datasets/matteocarnebella/cedar-signatures/signatures/signatures_18/original_18_14.png,original_18_14.png,genuine,0,writer_18,writer_18_sample_14,.png
/kaggle/input/datasets/matteocarnebella/cedar-signatures/signatures/signatures_18/forgeries_18_10.png,forgeries_18_10.png,forged,1,writer_18,writer_18_sample_10,.png
/kaggle/input/datasets/matteocarnebella/cedar-signatures/signatures/signatures_18/forgeries_18_7.png,forgeries_18_7.png,forged,1,writer_18,writer_18_sample_7,.png
/kaggle/input/datasets/matteocarnebella/cedar-signatures/signatures/signatures_18/forgeries_18_14.png,forgeries_18_14.png,forged,1,writer_18,writer_18_sample_14,.png
/kaggle/input/datasets/matteocarnebella/cedar-signatures/signatures/signatures_18/forgeries_18_2.png,forgeries_18_2.png,forged,1,writer_18,writer_18_sample_2,.png
/kaggle/input/datasets/matteocarnebella/cedar-signatures/signatures/signatures_18/forgeries_18_21.png,forgeries_18_21.png,forged,1,writer_18,writer_18_sample_21,.png
/kaggle/input/datasets/matteocarnebella/cedar-signatures/signatures/signatures_18/original_18_11.png,original_18_11.png,genuine,0,writer_18,writer_18_sample_11,.png
/kaggle/input/datasets/matteocarnebella/cedar-signatures/signatures/signatures_18/forgeries_18_22.png,forgeries_18_22.png,forged,1,writer_18,writer_18_sample_22,.png
/kaggle/input/datasets/matteocarnebella/cedar-signatures/signatures/signatures_18/original_18_5.png,original_18_5.png,genuine,0,writer_18,writer_18_sample_5,.png
/kaggle/input/datasets/matteocarnebella/cedar-signatures/signatures/signatures_18/original_18_16.png,original_18_16.png,genuine,0,writer_18,writer_18_sample_16,.png
/kaggle/input/datasets/matteocarnebella/cedar-signatures/signatures/signatures_18/forgeries_18_6.png,forgeries_18_6.png,forged,1,writer_18,writer_18_sample_6,.png
/kaggle/input/datasets/matteocarnebella/cedar-signatures/signatures/signatures_18/original_18_12.png,original_18_12.png,genuine,0,writer_18,writer_18_sample_12,.png
/kaggle/input/datasets/matteocarnebella/cedar-signatures/signatures/signatures_18/original_18_18.png,original_18_18.png,genuine,0,writer_18,writer_18_sample_18,.png
/kaggle/input/datasets/matteocarnebella/cedar-signatures/signatures/signatures_18/forgeries_18_19.png,forgeries_18_19.png,forged,1,writer_18,writer_18_sample_19,.png
/kaggle/input/datasets/matteocarnebella/cedar-signatures/signatures/signatures_18/original_18_7.png,original_18_7.png,genuine,0,writer_18,writer_18_sample_7,.png
/kaggle/input/datasets/matteocarnebella/cedar-signatures/signatures/signatures_18/original_18_15.png,original_18_15.png,genuine,0,writer_18,writer_18_sample_15,.png
/kaggle/input/datasets/matteocarnebella/cedar-signatures/signatures/signatures_18/original_18_8.png,original_18_8.png,genuine,0,writer_18,writer_18_sample_8,.png
/kaggle/input/datasets/matteocarnebella/cedar-signatures/signatures/signatures_18/original_18_24.png,original_18_24.png,genuine,0,writer_18,writer_18_sample_24,.png
/kaggle/input/datasets/matteocarnebella/cedar-signatures/signatures/signatures_18/original_18_10.png,original_18_10.png,genuine,0,writer_18,writer_18_sample_10,.png
/kaggle/input/datasets/matteocarnebella/cedar-signatures/signatures/signatures_18/forgeries_18_12.png,forgeries_18_12.png,forged,1,writer_18,writer_18_sample_12,.png
/kaggle/input/datasets/matteocarnebella/cedar-signatures/signatures/signatures_18/forgeries_18_18.png,forgeries_18_18.png,forged,1,writer_18,writer_18_sample_18,.png
/kaggle/input/datasets/matteocarnebella/cedar-signatures/signatures/signatures_18/forgeries_18_3.png,forgeries_18_3.png,forged,1,writer_18,writer_18_sample_3,.png
/kaggle/input/datasets/matteocarnebella/cedar-signatures/signatures/signatures_18/original_18_9.png,original_18_9.png,genuine,0,writer_18,writer_18_sample_9,.png
/kaggle/input/datasets/matteocarnebella/cedar-signatures/signatures/signatures_18/original_18_23.png,original_18_23.png,genuine,0,writer_18,writer_18_sample_23,.png
/kaggle/input/datasets/matteocarnebella/cedar-signatures/signatures/signatures_18/forgeries_18_13.png,forgeries_18_13.png,forged,1,writer_18,writer_18_sample_13,.png
/kaggle/input/datasets/matteocarnebella/cedar-signatures/signatures/signatures_18/forgeries_18_1.png,forgeries_18_1.png,forged,1,writer_18,writer_18_sample_1,.png
/kaggle/input/datasets/matteocarnebella/cedar-signatures/signatures/signatures_18/original_18_20.png,original_18_20.png,genuine,0,writer_18,writer_18_sample_20,.png
/kaggle/input/datasets/matteocarnebella/cedar-signatures/signatures/signatures_18/original_18_21.png,original_18_21.png,genuine,0,writer_18,writer_18_sample_21,.png
/kaggle/input/datasets/matteocarnebella/cedar-signatures/signatures/signatures_18/original_18_1.png,original_18_1.png,genuine,0,writer_18,writer_18_sample_1,.png
/kaggle/input/datasets/matteocarnebella/cedar-signatures/signatures/signatures_18/forgeries_18_15.png,forgeries_18_15.png,forged,1,writer_18,writer_18_sample_15,.png
/kaggle/input/datasets/matteocarnebella/cedar-signatures/signatures/signatures_19/original_19_15.png,original_19_15.png,genuine,0,writer_19,writer_19_sample_15,.png
/kaggle/input/datasets/matteocarnebella/cedar-signatures/signatures/signatures_19/original_19_7.png,original_19_7.png,genuine,0,writer_19,writer_19_sample_7,.png
/kaggle/input/datasets/matteocarnebella/cedar-signatures/signatures/signatures_19/original_19_21.png,original_19_21.png,genuine,0,writer_19,writer_19_sample_21,.png
/kaggle/input/datasets/matteocarnebella/cedar-signatures/signatures/signatures_19/forgeries_19_9.png,forgeries_19_9.png,forged,1,writer_19,writer_19_sample_9,.png
/kaggle/input/datasets/matteocarnebella/cedar-signatures/signatures/signatures_19/original_19_11.png,original_19_11.png,genuine,0,writer_19,writer_19_sample_11,.png
/kaggle/input/datasets/matteocarnebella/cedar-signatures/signatures/signatures_19/original_19_2.png,original_19_2.png,genuine,0,writer_19,writer_19_sample_2,.png
/kaggle/input/datasets/matteocarnebella/cedar-signatures/signatures/signatures_19/forgeries_19_4.png,forgeries_19_4.png,forged,1,writer_19,writer_19_sample_4,.png
/kaggle/input/datasets/matteocarnebella/cedar-signatures/signatures/signatures_19/original_19_10.png,original_19_10.png,genuine,0,writer_19,writer_19_sample_10,.png
/kaggle/input/datasets/matteocarnebella/cedar-signatures/signatures/signatures_19/original_19_22.png,original_19_22.png,genuine,0,writer_19,writer_19_sample_22,.png
/kaggle/input/datasets/matteocarnebella/cedar-signatures/signatures/signatures_19/original_19_20.png,original_19_20.png,genuine,0,writer_19,writer_19_sample_20,.png
/kaggle/input/datasets/matteocarnebella/cedar-signatures/signatures/signatures_19/original_19_14.png,original_19_14.png,genuine,0,writer_19,writer_19_sample_14,.png
/kaggle/input/datasets/matteocarnebella/cedar-signatures/signatures/signatures_19/forgeries_19_3.png,forgeries_19_3.png,forged,1,writer_19,writer_19_sample_3,.png
/kaggle/input/datasets/matteocarnebella/cedar-signatures/signatures/signatures_19/forgeries_19_7.png,forgeries_19_7.png,forged,1,writer_19,writer_19_sample_7,.png
/kaggle/input/datasets/matteocarnebella/cedar-signatures/signatures/signatures_19/original_19_6.png,original_19_6.png,genuine,0,writer_19,writer_19_sample_6,.png
/kaggle/input/datasets/matteocarnebella/cedar-signatures/signatures/signatures_19/forgeries_19_14.png,forgeries_19_14.png,forged,1,writer_19,writer_19_sample_14,.png
/kaggle/input/datasets/matteocarnebella/cedar-signatures/signatures/signatures_19/original_19_13.png,original_19_13.png,genuine,0,writer_19,writer_19_sample_13,.png
/kaggle/input/datasets/matteocarnebella/cedar-signatures/signatures/signatures_19/forgeries_19_6.png,forgeries_19_6.png,forged,1,writer_19,writer_19_sample_6,.png
/kaggle/input/datasets/matteocarnebella/cedar-signatures/signatures/signatures_19/forgeries_19_15.png,forgeries_19_15.png,forged,1,writer_19,writer_19_sample_15,.png
/kaggle/input/datasets/matteocarnebella/cedar-signatures/signatures/signatures_19/forgeries_19_18.png,forgeries_19_18.png,forged,1,writer_19,writer_19_sample_18,.png
/kaggle/input/datasets/matteocarnebella/cedar-signatures/signatures/signatures_19/original_19_16.png,original_19_16.png,genuine,0,writer_19,writer_19_sample_16,.png
/kaggle/input/datasets/matteocarnebella/cedar-signatures/signatures/signatures_19/forgeries_19_5.png,forgeries_19_5.png,forged,1,writer_19,writer_19_sample_5,.png
/kaggle/input/datasets/matteocarnebella/cedar-signatures/signatures/signatures_19/original_19_5.png,original_19_5.png,genuine,0,writer_19,writer_19_sample_5,.png
/kaggle/input/datasets/matteocarnebella/cedar-signatures/signatures/signatures_19/forgeries_19_22.png,forgeries_19_22.png,forged,1,writer_19,writer_19_sample_22,.png
/kaggle/input/datasets/matteocarnebella/cedar-signatures/signatures/signatures_19/forgeries_19_19.png,forgeries_19_19.png,forged,1,writer_19,writer_19_sample_19,.png
/kaggle/input/datasets/matteocarnebella/cedar-signatures/signatures/signatures_19/forgeries_19_11.png,forgeries_19_11.png,forged,1,writer_19,writer_19_sample_11,.png
/kaggle/input/datasets/matteocarnebella/cedar-signatures/signatures/signatures_19/original_19_19.png,original_19_19.png,genuine,0,writer_19,writer_19_sample_19,.png
/kaggle/input/datasets/matteocarnebella/cedar-signatures/signatures/signatures_19/original_19_4.png,original_19_4.png,genuine,0,writer_19,writer_19_sample_4,.png
/kaggle/input/datasets/matteocarnebella/cedar-signatures/signatures/signatures_19/original_19_24.png,original_19_24.png,genuine,0,writer_19,writer_19_sample_24,.png
/kaggle/input/datasets/matteocarnebella/cedar-signatures/signatures/signatures_19/forgeries_19_23.png,forgeries_19_23.png,forged,1,writer_19,writer_19_sample_23,.png
/kaggle/input/datasets/matteocarnebella/cedar-signatures/signatures/signatures_19/forgeries_19_13.png,forgeries_19_13.png,forged,1,writer_19,writer_19_sample_13,.png
/kaggle/input/datasets/matteocarnebella/cedar-signatures/signatures/signatures_19/original_19_9.png,original_19_9.png,genuine,0,writer_19,writer_19_sample_9,.png
/kaggle/input/datasets/matteocarnebella/cedar-signatures/signatures/signatures_19/forgeries_19_8.png,forgeries_19_8.png,forged,1,writer_19,writer_19_sample_8,.png
/kaggle/input/datasets/matteocarnebella/cedar-signatures/signatures/signatures_19/forgeries_19_10.png,forgeries_19_10.png,forged,1,writer_19,writer_19_sample_10,.png
/kaggle/input/datasets/matteocarnebella/cedar-signatures/signatures/signatures_19/forgeries_19_21.png,forgeries_19_21.png,forged,1,writer_19,writer_19_sample_21,.png
/kaggle/input/datasets/matteocarnebella/cedar-signatures/signatures/signatures_19/forgeries_19_17.png,forgeries_19_17.png,forged,1,writer_19,writer_19_sample_17,.png
/kaggle/input/datasets/matteocarnebella/cedar-signatures/signatures/signatures_19/original_19_23.png,original_19_23.png,genuine,0,writer_19,writer_19_sample_23,.png
/kaggle/input/datasets/matteocarnebella/cedar-signatures/signatures/signatures_19/original_19_3.png,original_19_3.png,genuine,0,writer_19,writer_19_sample_3,.png
/kaggle/input/datasets/matteocarnebella/cedar-signatures/signatures/signatures_19/forgeries_19_2.png,forgeries_19_2.png,forged,1,writer_19,writer_19_sample_2,.png
/kaggle/input/datasets/matteocarnebella/cedar-signatures/signatures/signatures_19/forgeries_19_24.png,forgeries_19_24.png,forged,1,writer_19,writer_19_sample_24,.png
/kaggle/input/datasets/matteocarnebella/cedar-signatures/signatures/signatures_19/original_19_1.png,original_19_1.png,genuine,0,writer_19,writer_19_sample_1,.png
/kaggle/input/datasets/matteocarnebella/cedar-signatures/signatures/signatures_19/original_19_18.png,original_19_18.png,genuine,0,writer_19,writer_19_sample_18,.png
/kaggle/input/datasets/matteocarnebella/cedar-signatures/signatures/signatures_19/original_19_8.png,original_19_8.png,genuine,0,writer_19,writer_19_sample_8,.png
/kaggle/input/datasets/matteocarnebella/cedar-signatures/signatures/signatures_19/original_19_12.png,original_19_12.png,genuine,0,writer_19,writer_19_sample_12,.png
/kaggle/input/datasets/matteocarnebella/cedar-signatures/signatures/signatures_19/forgeries_19_1.png,forgeries_19_1.png,forged,1,writer_19,writer_19_sample_1,.png
/kaggle/input/datasets/matteocarnebella/cedar-signatures/signatures/signatures_19/original_19_17.png,original_19_17.png,genuine,0,writer_19,writer_19_sample_17,.png
/kaggle/input/datasets/matteocarnebella/cedar-signatures/signatures/signatures_19/forgeries_19_16.png,forgeries_19_16.png,forged,1,writer_19,writer_19_sample_16,.png
/kaggle/input/datasets/matteocarnebella/cedar-signatures/signatures/signatures_19/forgeries_19_12.png,forgeries_19_12.png,forged,1,writer_19,writer_19_sample_12,.png
/kaggle/input/datasets/matteocarnebella/cedar-signatures/signatures/signatures_19/forgeries_19_20.png,forgeries_19_20.png,forged,1,writer_19,writer_19_sample_20,.png
/kaggle/input/datasets/matteocarnebella/cedar-signatures/signatures/signatures_29/forgeries_29_19.png,forgeries_29_19.png,forged,1,writer_29,writer_29_sample_19,.png
/kaggle/input/datasets/matteocarnebella/cedar-signatures/signatures/signatures_29/forgeries_29_13.png,forgeries_29_13.png,forged,1,writer_29,writer_29_sample_13,.png
/kaggle/input/datasets/matteocarnebella/cedar-signatures/signatures/signatures_29/forgeries_29_23.png,forgeries_29_23.png,forged,1,writer_29,writer_29_sample_23,.png
/kaggle/input/datasets/matteocarnebella/cedar-signatures/signatures/signatures_29/original_29_8.png,original_29_8.png,genuine,0,writer_29,writer_29_sample_8,.png
/kaggle/input/datasets/matteocarnebella/cedar-signatures/signatures/signatures_29/forgeries_29_16.png,forgeries_29_16.png,forged,1,writer_29,writer_29_sample_16,.png
/kaggle/input/datasets/matteocarnebella/cedar-signatures/signatures/signatures_29/original_29_5.png,original_29_5.png,genuine,0,writer_29,writer_29_sample_5,.png
/kaggle/input/datasets/matteocarnebella/cedar-signatures/signatures/signatures_29/original_29_17.png,original_29_17.png,genuine,0,writer_29,writer_29_sample_17,.png
/kaggle/input/datasets/matteocarnebella/cedar-signatures/signatures/signatures_29/forgeries_29_2.png,forgeries_29_2.png,forged,1,writer_29,writer_29_sample_2,.png
/kaggle/input/datasets/matteocarnebella/cedar-signatures/signatures/signatures_29/forgeries_29_15.png,forgeries_29_15.png,forged,1,writer_29,writer_29_sample_15,.png
/kaggle/input/datasets/matteocarnebella/cedar-signatures/signatures/signatures_29/forgeries_29_12.png,forgeries_29_12.png,forged,1,writer_29,writer_29_sample_12,.png
/kaggle/input/datasets/matteocarnebella/cedar-signatures/signatures/signatures_29/original_29_23.png,original_29_23.png,genuine,0,writer_29,writer_29_sample_23,.png
/kaggle/input/datasets/matteocarnebella/cedar-signatures/signatures/signatures_29/forgeries_29_6.png,forgeries_29_6.png,forged,1,writer_29,writer_29_sample_6,.png
/kaggle/input/datasets/matteocarnebella/cedar-signatures/signatures/signatures_29/original_29_4.png,original_29_4.png,genuine,0,writer_29,writer_29_sample_4,.png
/kaggle/input/datasets/matteocarnebella/cedar-signatures/signatures/signatures_29/original_29_1.png,original_29_1.png,genuine,0,writer_29,writer_29_sample_1,.png
/kaggle/input/datasets/matteocarnebella/cedar-signatures/signatures/signatures_29/forgeries_29_1.png,forgeries_29_1.png,forged,1,writer_29,writer_29_sample_1,.png
/kaggle/input/datasets/matteocarnebella/cedar-signatures/signatures/signatures_29/forgeries_29_7.png,forgeries_29_7.png,forged,1,writer_29,writer_29_sample_7,.png
/kaggle/input/datasets/matteocarnebella/cedar-signatures/signatures/signatures_29/original_29_19.png,original_29_19.png,genuine,0,writer_29,writer_29_sample_19,.png
/kaggle/input/datasets/matteocarnebella/cedar-signatures/signatures/signatures_29/forgeries_29_3.png,forgeries_29_3.png,forged,1,writer_29,writer_29_sample_3,.png
/kaggle/input/datasets/matteocarnebella/cedar-signatures/signatures/signatures_29/forgeries_29_10.png,forgeries_29_10.png,forged,1,writer_29,writer_29_sample_10,.png
/kaggle/input/datasets/matteocarnebella/cedar-signatures/signatures/signatures_29/forgeries_29_22.png,forgeries_29_22.png,forged,1,writer_29,writer_29_sample_22,.png
/kaggle/input/datasets/matteocarnebella/cedar-signatures/signatures/signatures_29/forgeries_29_9.png,forgeries_29_9.png,forged,1,writer_29,writer_29_sample_9,.png
/kaggle/input/datasets/matteocarnebella/cedar-signatures/signatures/signatures_29/forgeries_29_18.png,forgeries_29_18.png,forged,1,writer_29,writer_29_sample_18,.png
/kaggle/input/datasets/matteocarnebella/cedar-signatures/signatures/signatures_29/forgeries_29_24.png,forgeries_29_24.png,forged,1,writer_29,writer_29_sample_24,.png
/kaggle/input/datasets/matteocarnebella/cedar-signatures/signatures/signatures_29/original_29_2.png,original_29_2.png,genuine,0,writer_29,writer_29_sample_2,.png
/kaggle/input/datasets/matteocarnebella/cedar-signatures/signatures/signatures_29/forgeries_29_11.png,forgeries_29_11.png,forged,1,writer_29,writer_29_sample_11,.png
/kaggle/input/datasets/matteocarnebella/cedar-signatures/signatures/signatures_29/original_29_7.png,original_29_7.png,genuine,0,writer_29,writer_29_sample_7,.png
/kaggle/input/datasets/matteocarnebella/cedar-signatures/signatures/signatures_29/forgeries_29_17.png,forgeries_29_17.png,forged,1,writer_29,writer_29_sample_17,.png
/kaggle/input/datasets/matteocarnebella/cedar-signatures/signatures/signatures_29/original_29_6.png,original_29_6.png,genuine,0,writer_29,writer_29_sample_6,.png
/kaggle/input/datasets/matteocarnebella/cedar-signatures/signatures/signatures_29/original_29_3.png,original_29_3.png,genuine,0,writer_29,writer_29_sample_3,.png
/kaggle/input/datasets/matteocarnebella/cedar-signatures/signatures/signatures_29/original_29_12.png,original_29_12.png,genuine,0,writer_29,writer_29_sample_12,.png
/kaggle/input/datasets/matteocarnebella/cedar-signatures/signatures/signatures_29/original_29_18.png,original_29_18.png,genuine,0,writer_29,writer_29_sample_18,.png
/kaggle/input/datasets/matteocarnebella/cedar-signatures/signatures/signatures_29/original_29_10.png,original_29_10.png,genuine,0,writer_29,writer_29_sample_10,.png
/kaggle/input/datasets/matteocarnebella/cedar-signatures/signatures/signatures_29/original_29_22.png,original_29_22.png,genuine,0,writer_29,writer_29_sample_22,.png
/kaggle/input/datasets/matteocarnebella/cedar-signatures/signatures/signatures_29/original_29_15.png,original_29_15.png,genuine,0,writer_29,writer_29_sample_15,.png
/kaggle/input/datasets/matteocarnebella/cedar-signatures/signatures/signatures_29/forgeries_29_4.png,forgeries_29_4.png,forged,1,writer_29,writer_29_sample_4,.png
/kaggle/input/datasets/matteocarnebella/cedar-signatures/signatures/signatures_29/original_29_20.png,original_29_20.png,genuine,0,writer_29,writer_29_sample_20,.png
/kaggle/input/datasets/matteocarnebella/cedar-signatures/signatures/signatures_29/original_29_21.png,original_29_21.png,genuine,0,writer_29,writer_29_sample_21,.png
/kaggle/input/datasets/matteocarnebella/cedar-signatures/signatures/signatures_29/forgeries_29_8.png,forgeries_29_8.png,forged,1,writer_29,writer_29_sample_8,.png
/kaggle/input/datasets/matteocarnebella/cedar-signatures/signatures/signatures_29/forgeries_29_21.png,forgeries_29_21.png,forged,1,writer_29,writer_29_sample_21,.png
/kaggle/input/datasets/matteocarnebella/cedar-signatures/signatures/signatures_29/original_29_11.png,original_29_11.png,genuine,0,writer_29,writer_29_sample_11,.png
/kaggle/input/datasets/matteocarnebella/cedar-signatures/signatures/signatures_29/original_29_24.png,original_29_24.png,genuine,0,writer_29,writer_29_sample_24,.png
/kaggle/input/datasets/matteocarnebella/cedar-signatures/signatures/signatures_29/forgeries_29_5.png,forgeries_29_5.png,forged,1,writer_29,writer_29_sample_5,.png
/kaggle/input/datasets/matteocarnebella/cedar-signatures/signatures/signatures_29/original_29_14.png,original_29_14.png,genuine,0,writer_29,writer_29_sample_14,.png
/kaggle/input/datasets/matteocarnebella/cedar-signatures/signatures/signatures_29/forgeries_29_14.png,forgeries_29_14.png,forged,1,writer_29,writer_29_sample_14,.png
/kaggle/input/datasets/matteocarnebella/cedar-signatures/signatures/signatures_29/original_29_16.png,original_29_16.png,genuine,0,writer_29,writer_29_sample_16,.png
/kaggle/input/datasets/matteocarnebella/cedar-signatures/signatures/signatures_29/forgeries_29_20.png,forgeries_29_20.png,forged,1,writer_29,writer_29_sample_20,.png
/kaggle/input/datasets/matteocarnebella/cedar-signatures/signatures/signatures_29/original_29_13.png,original_29_13.png,genuine,0,writer_29,writer_29_sample_13,.png
/kaggle/input/datasets/matteocarnebella/cedar-signatures/signatures/signatures_29/original_29_9.png,original_29_9.png,genuine,0,writer_29,writer_29_sample_9,.png
/kaggle/input/datasets/matteocarnebella/cedar-signatures/signatures/signatures_50/original_50_21.png,original_50_21.png,genuine,0,writer_50,writer_50_sample_21,.png
/kaggle/input/datasets/matteocarnebella/cedar-signatures/signatures/signatures_50/forgeries_50_3.png,forgeries_50_3.png,forged,1,writer_50,writer_50_sample_3,.png
/kaggle/input/datasets/matteocarnebella/cedar-signatures/signatures/signatures_50/forgeries_50_12.png,forgeries_50_12.png,forged,1,writer_50,writer_50_sample_12,.png
/kaggle/input/datasets/matteocarnebella/cedar-signatures/signatures/signatures_50/forgeries_50_24.png,forgeries_50_24.png,forged,1,writer_50,writer_50_sample_24,.png
/kaggle/input/datasets/matteocarnebella/cedar-signatures/signatures/signatures_50/forgeries_50_11.png,forgeries_50_11.png,forged,1,writer_50,writer_50_sample_11,.png
/kaggle/input/datasets/matteocarnebella/cedar-signatures/signatures/signatures_50/original_50_12.png,original_50_12.png,genuine,0,writer_50,writer_50_sample_12,.png
/kaggle/input/datasets/matteocarnebella/cedar-signatures/signatures/signatures_50/original_50_8.png,original_50_8.png,genuine,0,writer_50,writer_50_sample_8,.png
/kaggle/input/datasets/matteocarnebella/cedar-signatures/signatures/signatures_50/original_50_22.png,original_50_22.png,genuine,0,writer_50,writer_50_sample_22,.png
/kaggle/input/datasets/matteocarnebella/cedar-signatures/signatures/signatures_50/original_50_16.png,original_50_16.png,genuine,0,writer_50,writer_50_sample_16,.png
/kaggle/input/datasets/matteocarnebella/cedar-signatures/signatures/signatures_50/original_50_9.png,original_50_9.png,genuine,0,writer_50,writer_50_sample_9,.png
/kaggle/input/datasets/matteocarnebella/cedar-signatures/signatures/signatures_50/forgeries_50_15.png,forgeries_50_15.png,forged,1,writer_50,writer_50_sample_15,.png
/kaggle/input/datasets/matteocarnebella/cedar-signatures/signatures/signatures_50/forgeries_50_2.png,forgeries_50_2.png,forged,1,writer_50,writer_50_sample_2,.png
/kaggle/input/datasets/matteocarnebella/cedar-signatures/signatures/signatures_50/forgeries_50_20.png,forgeries_50_20.png,forged,1,writer_50,writer_50_sample_20,.png
/kaggle/input/datasets/matteocarnebella/cedar-signatures/signatures/signatures_50/original_50_4.png,original_50_4.png,genuine,0,writer_50,writer_50_sample_4,.png
/kaggle/input/datasets/matteocarnebella/cedar-signatures/signatures/signatures_50/forgeries_50_5.png,forgeries_50_5.png,forged,1,writer_50,writer_50_sample_5,.png
/kaggle/input/datasets/matteocarnebella/cedar-signatures/signatures/signatures_50/original_50_15.png,original_50_15.png,genuine,0,writer_50,writer_50_sample_15,.png
/kaggle/input/datasets/matteocarnebella/cedar-signatures/signatures/signatures_50/original_50_14.png,original_50_14.png,genuine,0,writer_50,writer_50_sample_14,.png
/kaggle/input/datasets/matteocarnebella/cedar-signatures/signatures/signatures_50/original_50_17.png,original_50_17.png,genuine,0,writer_50,writer_50_sample_17,.png
/kaggle/input/datasets/matteocarnebella/cedar-signatures/signatures/signatures_50/forgeries_50_19.png,forgeries_50_19.png,forged,1,writer_50,writer_50_sample_19,.png
/kaggle/input/datasets/matteocarnebella/cedar-signatures/signatures/signatures_50/forgeries_50_9.png,forgeries_50_9.png,forged,1,writer_50,writer_50_sample_9,.png
/kaggle/input/datasets/matteocarnebella/cedar-signatures/signatures/signatures_50/original_50_6.png,original_50_6.png,genuine,0,writer_50,writer_50_sample_6,.png
/kaggle/input/datasets/matteocarnebella/cedar-signatures/signatures/signatures_50/original_50_10.png,original_50_10.png,genuine,0,writer_50,writer_50_sample_10,.png
/kaggle/input/datasets/matteocarnebella/cedar-signatures/signatures/signatures_50/forgeries_50_4.png,forgeries_50_4.png,forged,1,writer_50,writer_50_sample_4,.png
/kaggle/input/datasets/matteocarnebella/cedar-signatures/signatures/signatures_50/original_50_3.png,original_50_3.png,genuine,0,writer_50,writer_50_sample_3,.png
/kaggle/input/datasets/matteocarnebella/cedar-signatures/signatures/signatures_50/forgeries_50_14.png,forgeries_50_14.png,forged,1,writer_50,writer_50_sample_14,.png
/kaggle/input/datasets/matteocarnebella/cedar-signatures/signatures/signatures_50/original_50_18.png,original_50_18.png,genuine,0,writer_50,writer_50_sample_18,.png
/kaggle/input/datasets/matteocarnebella/cedar-signatures/signatures/signatures_50/original_50_11.png,original_50_11.png,genuine,0,writer_50,writer_50_sample_11,.png
/kaggle/input/datasets/matteocarnebella/cedar-signatures/signatures/signatures_50/original_50_20.png,original_50_20.png,genuine,0,writer_50,writer_50_sample_20,.png
/kaggle/input/datasets/matteocarnebella/cedar-signatures/signatures/signatures_50/forgeries_50_23.png,forgeries_50_23.png,forged,1,writer_50,writer_50_sample_23,.png
/kaggle/input/datasets/matteocarnebella/cedar-signatures/signatures/signatures_50/original_50_5.png,original_50_5.png,genuine,0,writer_50,writer_50_sample_5,.png
/kaggle/input/datasets/matteocarnebella/cedar-signatures/signatures/signatures_50/forgeries_50_18.png,forgeries_50_18.png,forged,1,writer_50,writer_50_sample_18,.png
/kaggle/input/datasets/matteocarnebella/cedar-signatures/signatures/signatures_50/original_50_19.png,original_50_19.png,genuine,0,writer_50,writer_50_sample_19,.png
/kaggle/input/datasets/matteocarnebella/cedar-signatures/signatures/signatures_50/forgeries_50_17.png,forgeries_50_17.png,forged,1,writer_50,writer_50_sample_17,.png
/kaggle/input/datasets/matteocarnebella/cedar-signatures/signatures/signatures_50/forgeries_50_7.png,forgeries_50_7.png,forged,1,writer_50,writer_50_sample_7,.png
/kaggle/input/datasets/matteocarnebella/cedar-signatures/signatures/signatures_50/forgeries_50_13.png,forgeries_50_13.png,forged,1,writer_50,writer_50_sample_13,.png
/kaggle/input/datasets/matteocarnebella/cedar-signatures/signatures/signatures_50/forgeries_50_1.png,forgeries_50_1.png,forged,1,writer_50,writer_50_sample_1,.png
/kaggle/input/datasets/matteocarnebella/cedar-signatures/signatures/signatures_50/original_50_7.png,original_50_7.png,genuine,0,writer_50,writer_50_sample_7,.png
/kaggle/input/datasets/matteocarnebella/cedar-signatures/signatures/signatures_50/original_50_1.png,original_50_1.png,genuine,0,writer_50,writer_50_sample_1,.png
/kaggle/input/datasets/matteocarnebella/cedar-signatures/signatures/signatures_50/original_50_24.png,original_50_24.png,genuine,0,writer_50,writer_50_sample_24,.png
/kaggle/input/datasets/matteocarnebella/cedar-signatures/signatures/signatures_50/original_50_2.png,original_50_2.png,genuine,0,writer_50,writer_50_sample_2,.png
/kaggle/input/datasets/matteocarnebella/cedar-signatures/signatures/signatures_50/original_50_13.png,original_50_13.png,genuine,0,writer_50,writer_50_sample_13,.png
/kaggle/input/datasets/matteocarnebella/cedar-signatures/signatures/signatures_50/original_50_23.png,original_50_23.png,genuine,0,writer_50,writer_50_sample_23,.png
/kaggle/input/datasets/matteocarnebella/cedar-signatures/signatures/signatures_50/forgeries_50_8.png,forgeries_50_8.png,forged,1,writer_50,writer_50_sample_8,.png
/kaggle/input/datasets/matteocarnebella/cedar-signatures/signatures/signatures_50/forgeries_50_16.png,forgeries_50_16.png,forged,1,writer_50,writer_50_sample_16,.png
/kaggle/input/datasets/matteocarnebella/cedar-signatures/signatures/signatures_50/forgeries_50_21.png,forgeries_50_21.png,forged,1,writer_50,writer_50_sample_21,.png
/kaggle/input/datasets/matteocarnebella/cedar-signatures/signatures/signatures_50/forgeries_50_10.png,forgeries_50_10.png,forged,1,writer_50,writer_50_sample_10,.png
/kaggle/input/datasets/matteocarnebella/cedar-signatures/signatures/signatures_50/forgeries_50_22.png,forgeries_50_22.png,forged,1,writer_50,writer_50_sample_22,.png
/kaggle/input/datasets/matteocarnebella/cedar-signatures/signatures/signatures_50/forgeries_50_6.png,forgeries_50_6.png,forged,1,writer_50,writer_50_sample_6,.png
/kaggle/input/datasets/matteocarnebella/cedar-signatures/signatures/signatures_5/original_5_19.png,original_5_19.png,genuine,0,writer_5,writer_5_sample_19,.png
/kaggle/input/datasets/matteocarnebella/cedar-signatures/signatures/signatures_5/forgeries_5_20.png,forgeries_5_20.png,forged,1,writer_5,writer_5_sample_20,.png
/kaggle/input/datasets/matteocarnebella/cedar-signatures/signatures/signatures_5/forgeries_5_17.png,forgeries_5_17.png,forged,1,writer_5,writer_5_sample_17,.png
/kaggle/input/datasets/matteocarnebella/cedar-signatures/signatures/signatures_5/forgeries_5_23.png,forgeries_5_23.png,forged,1,writer_5,writer_5_sample_23,.png
/kaggle/input/datasets/matteocarnebella/cedar-signatures/signatures/signatures_5/forgeries_5_3.png,forgeries_5_3.png,forged,1,writer_5,writer_5_sample_3,.png
/kaggle/input/datasets/matteocarnebella/cedar-signatures/signatures/signatures_5/forgeries_5_1.png,forgeries_5_1.png,forged,1,writer_5,writer_5_sample_1,.png
/kaggle/input/datasets/matteocarnebella/cedar-signatures/signatures/signatures_5/forgeries_5_8.png,forgeries_5_8.png,forged,1,writer_5,writer_5_sample_8,.png
/kaggle/input/datasets/matteocarnebella/cedar-signatures/signatures/signatures_5/original_5_6.png,original_5_6.png,genuine,0,writer_5,writer_5_sample_6,.png
/kaggle/input/datasets/matteocarnebella/cedar-signatures/signatures/signatures_5/original_5_7.png,original_5_7.png,genuine,0,writer_5,writer_5_sample_7,.png
/kaggle/input/datasets/matteocarnebella/cedar-signatures/signatures/signatures_5/forgeries_5_12.png,forgeries_5_12.png,forged,1,writer_5,writer_5_sample_12,.png
/kaggle/input/datasets/matteocarnebella/cedar-signatures/signatures/signatures_5/original_5_14.png,original_5_14.png,genuine,0,writer_5,writer_5_sample_14,.png
/kaggle/input/datasets/matteocarnebella/cedar-signatures/signatures/signatures_5/original_5_24.png,original_5_24.png,genuine,0,writer_5,writer_5_sample_24,.png
/kaggle/input/datasets/matteocarnebella/cedar-signatures/signatures/signatures_5/original_5_16.png,original_5_16.png,genuine,0,writer_5,writer_5_sample_16,.png
/kaggle/input/datasets/matteocarnebella/cedar-signatures/signatures/signatures_5/forgeries_5_16.png,forgeries_5_16.png,forged,1,writer_5,writer_5_sample_16,.png
/kaggle/input/datasets/matteocarnebella/cedar-signatures/signatures/signatures_5/original_5_18.png,original_5_18.png,genuine,0,writer_5,writer_5_sample_18,.png
/kaggle/input/datasets/matteocarnebella/cedar-signatures/signatures/signatures_5/original_5_11.png,original_5_11.png,genuine,0,writer_5,writer_5_sample_11,.png
/kaggle/input/datasets/matteocarnebella/cedar-signatures/signatures/signatures_5/original_5_15.png,original_5_15.png,genuine,0,writer_5,writer_5_sample_15,.png
/kaggle/input/datasets/matteocarnebella/cedar-signatures/signatures/signatures_5/forgeries_5_6.png,forgeries_5_6.png,forged,1,writer_5,writer_5_sample_6,.png
/kaggle/input/datasets/matteocarnebella/cedar-signatures/signatures/signatures_5/original_5_20.png,original_5_20.png,genuine,0,writer_5,writer_5_sample_20,.png
/kaggle/input/datasets/matteocarnebella/cedar-signatures/signatures/signatures_5/forgeries_5_9.png,forgeries_5_9.png,forged,1,writer_5,writer_5_sample_9,.png
/kaggle/input/datasets/matteocarnebella/cedar-signatures/signatures/signatures_5/forgeries_5_24.png,forgeries_5_24.png,forged,1,writer_5,writer_5_sample_24,.png
/kaggle/input/datasets/matteocarnebella/cedar-signatures/signatures/signatures_5/forgeries_5_19.png,forgeries_5_19.png,forged,1,writer_5,writer_5_sample_19,.png
/kaggle/input/datasets/matteocarnebella/cedar-signatures/signatures/signatures_5/forgeries_5_7.png,forgeries_5_7.png,forged,1,writer_5,writer_5_sample_7,.png
/kaggle/input/datasets/matteocarnebella/cedar-signatures/signatures/signatures_5/forgeries_5_18.png,forgeries_5_18.png,forged,1,writer_5,writer_5_sample_18,.png
/kaggle/input/datasets/matteocarnebella/cedar-signatures/signatures/signatures_5/forgeries_5_14.png,forgeries_5_14.png,forged,1,writer_5,writer_5_sample_14,.png
/kaggle/input/datasets/matteocarnebella/cedar-signatures/signatures/signatures_5/original_5_12.png,original_5_12.png,genuine,0,writer_5,writer_5_sample_12,.png
/kaggle/input/datasets/matteocarnebella/cedar-signatures/signatures/signatures_5/original_5_23.png,original_5_23.png,genuine,0,writer_5,writer_5_sample_23,.png
/kaggle/input/datasets/matteocarnebella/cedar-signatures/signatures/signatures_5/forgeries_5_21.png,forgeries_5_21.png,forged,1,writer_5,writer_5_sample_21,.png
/kaggle/input/datasets/matteocarnebella/cedar-signatures/signatures/signatures_5/original_5_8.png,original_5_8.png,genuine,0,writer_5,writer_5_sample_8,.png
/kaggle/input/datasets/matteocarnebella/cedar-signatures/signatures/signatures_5/forgeries_5_22.png,forgeries_5_22.png,forged,1,writer_5,writer_5_sample_22,.png
/kaggle/input/datasets/matteocarnebella/cedar-signatures/signatures/signatures_5/forgeries_5_2.png,forgeries_5_2.png,forged,1,writer_5,writer_5_sample_2,.png
/kaggle/input/datasets/matteocarnebella/cedar-signatures/signatures/signatures_5/forgeries_5_11.png,forgeries_5_11.png,forged,1,writer_5,writer_5_sample_11,.png
/kaggle/input/datasets/matteocarnebella/cedar-signatures/signatures/signatures_5/forgeries_5_13.png,forgeries_5_13.png,forged,1,writer_5,writer_5_sample_13,.png
/kaggle/input/datasets/matteocarnebella/cedar-signatures/signatures/signatures_5/original_5_4.png,original_5_4.png,genuine,0,writer_5,writer_5_sample_4,.png
/kaggle/input/datasets/matteocarnebella/cedar-signatures/signatures/signatures_5/forgeries_5_15.png,forgeries_5_15.png,forged,1,writer_5,writer_5_sample_15,.png
/kaggle/input/datasets/matteocarnebella/cedar-signatures/signatures/signatures_5/original_5_5.png,original_5_5.png,genuine,0,writer_5,writer_5_sample_5,.png
/kaggle/input/datasets/matteocarnebella/cedar-signatures/signatures/signatures_5/original_5_17.png,original_5_17.png,genuine,0,writer_5,writer_5_sample_17,.png
/kaggle/input/datasets/matteocarnebella/cedar-signatures/signatures/signatures_5/original_5_13.png,original_5_13.png,genuine,0,writer_5,writer_5_sample_13,.png
/kaggle/input/datasets/matteocarnebella/cedar-signatures/signatures/signatures_5/original_5_9.png,original_5_9.png,genuine,0,writer_5,writer_5_sample_9,.png
/kaggle/input/datasets/matteocarnebella/cedar-signatures/signatures/signatures_5/forgeries_5_10.png,forgeries_5_10.png,forged,1,writer_5,writer_5_sample_10,.png
/kaggle/input/datasets/matteocarnebella/cedar-signatures/signatures/signatures_5/forgeries_5_5.png,forgeries_5_5.png,forged,1,writer_5,writer_5_sample_5,.png
/kaggle/input/datasets/matteocarnebella/cedar-signatures/signatures/signatures_5/original_5_2.png,original_5_2.png,genuine,0,writer_5,writer_5_sample_2,.png
/kaggle/input/datasets/matteocarnebella/cedar-signatures/signatures/signatures_5/original_5_21.png,original_5_21.png,genuine,0,writer_5,writer_5_sample_21,.png
/kaggle/input/datasets/matteocarnebella/cedar-signatures/signatures/signatures_5/forgeries_5_4.png,forgeries_5_4.png,forged,1,writer_5,writer_5_sample_4,.png
/kaggle/input/datasets/matteocarnebella/cedar-signatures/signatures/signatures_5/original_5_1.png,original_5_1.png,genuine,0,writer_5,writer_5_sample_1,.png
/kaggle/input/datasets/matteocarnebella/cedar-signatures/signatures/signatures_5/original_5_10.png,original_5_10.png,genuine,0,writer_5,writer_5_sample_10,.png
/kaggle/input/datasets/matteocarnebella/cedar-signatures/signatures/signatures_5/original_5_3.png,original_5_3.png,genuine,0,writer_5,writer_5_sample_3,.png
/kaggle/input/datasets/matteocarnebella/cedar-signatures/signatures/signatures_5/original_5_22.png,original_5_22.png,genuine,0,writer_5,writer_5_sample_22,.png
/kaggle/input/datasets/matteocarnebella/cedar-signatures/signatures/signatures_51/forgeries_51_20.png,forgeries_51_20.png,forged,1,writer_51,writer_51_sample_20,.png
/kaggle/input/datasets/matteocarnebella/cedar-signatures/signatures/signatures_51/original_51_8.png,original_51_8.png,genuine,0,writer_51,writer_51_sample_8,.png
/kaggle/input/datasets/matteocarnebella/cedar-signatures/signatures/signatures_51/forgeries_51_12.png,forgeries_51_12.png,forged,1,writer_51,writer_51_sample_12,.png
/kaggle/input/datasets/matteocarnebella/cedar-signatures/signatures/signatures_51/forgeries_51_22.png,forgeries_51_22.png,forged,1,writer_51,writer_51_sample_22,.png
/kaggle/input/datasets/matteocarnebella/cedar-signatures/signatures/signatures_51/forgeries_51_4.png,forgeries_51_4.png,forged,1,writer_51,writer_51_sample_4,.png
/kaggle/input/datasets/matteocarnebella/cedar-signatures/signatures/signatures_51/original_51_12.png,original_51_12.png,genuine,0,writer_51,writer_51_sample_12,.png
/kaggle/input/datasets/matteocarnebella/cedar-signatures/signatures/signatures_51/forgeries_51_8.png,forgeries_51_8.png,forged,1,writer_51,writer_51_sample_8,.png
/kaggle/input/datasets/matteocarnebella/cedar-signatures/signatures/signatures_51/forgeries_51_3.png,forgeries_51_3.png,forged,1,writer_51,writer_51_sample_3,.png
/kaggle/input/datasets/matteocarnebella/cedar-signatures/signatures/signatures_51/original_51_24.png,original_51_24.png,genuine,0,writer_51,writer_51_sample_24,.png
/kaggle/input/datasets/matteocarnebella/cedar-signatures/signatures/signatures_51/original_51_20.png,original_51_20.png,genuine,0,writer_51,writer_51_sample_20,.png
/kaggle/input/datasets/matteocarnebella/cedar-signatures/signatures/signatures_51/original_51_16.png,original_51_16.png,genuine,0,writer_51,writer_51_sample_16,.png
/kaggle/input/datasets/matteocarnebella/cedar-signatures/signatures/signatures_51/original_51_23.png,original_51_23.png,genuine,0,writer_51,writer_51_sample_23,.png
/kaggle/input/datasets/matteocarnebella/cedar-signatures/signatures/signatures_51/original_51_10.png,original_51_10.png,genuine,0,writer_51,writer_51_sample_10,.png
/kaggle/input/datasets/matteocarnebella/cedar-signatures/signatures/signatures_51/forgeries_51_15.png,forgeries_51_15.png,forged,1,writer_51,writer_51_sample_15,.png
/kaggle/input/datasets/matteocarnebella/cedar-signatures/signatures/signatures_51/original_51_22.png,original_51_22.png,genuine,0,writer_51,writer_51_sample_22,.png
/kaggle/input/datasets/matteocarnebella/cedar-signatures/signatures/signatures_51/forgeries_51_23.png,forgeries_51_23.png,forged,1,writer_51,writer_51_sample_23,.png
/kaggle/input/datasets/matteocarnebella/cedar-signatures/signatures/signatures_51/forgeries_51_2.png,forgeries_51_2.png,forged,1,writer_51,writer_51_sample_2,.png
/kaggle/input/datasets/matteocarnebella/cedar-signatures/signatures/signatures_51/original_51_17.png,original_51_17.png,genuine,0,writer_51,writer_51_sample_17,.png
/kaggle/input/datasets/matteocarnebella/cedar-signatures/signatures/signatures_51/forgeries_51_5.png,forgeries_51_5.png,forged,1,writer_51,writer_51_sample_5,.png
/kaggle/input/datasets/matteocarnebella/cedar-signatures/signatures/signatures_51/original_51_9.png,original_51_9.png,genuine,0,writer_51,writer_51_sample_9,.png
/kaggle/input/datasets/matteocarnebella/cedar-signatures/signatures/signatures_51/original_51_13.png,original_51_13.png,genuine,0,writer_51,writer_51_sample_13,.png
/kaggle/input/datasets/matteocarnebella/cedar-signatures/signatures/signatures_51/forgeries_51_14.png,forgeries_51_14.png,forged,1,writer_51,writer_51_sample_14,.png
/kaggle/input/datasets/matteocarnebella/cedar-signatures/signatures/signatures_51/forgeries_51_17.png,forgeries_51_17.png,forged,1,writer_51,writer_51_sample_17,.png
/kaggle/input/datasets/matteocarnebella/cedar-signatures/signatures/signatures_51/forgeries_51_6.png,forgeries_51_6.png,forged,1,writer_51,writer_51_sample_6,.png
/kaggle/input/datasets/matteocarnebella/cedar-signatures/signatures/signatures_51/forgeries_51_1.png,forgeries_51_1.png,forged,1,writer_51,writer_51_sample_1,.png
/kaggle/input/datasets/matteocarnebella/cedar-signatures/signatures/signatures_51/forgeries_51_21.png,forgeries_51_21.png,forged,1,writer_51,writer_51_sample_21,.png
/kaggle/input/datasets/matteocarnebella/cedar-signatures/signatures/signatures_51/forgeries_51_18.png,forgeries_51_18.png,forged,1,writer_51,writer_51_sample_18,.png
/kaggle/input/datasets/matteocarnebella/cedar-signatures/signatures/signatures_51/original_51_11.png,original_51_11.png,genuine,0,writer_51,writer_51_sample_11,.png
/kaggle/input/datasets/matteocarnebella/cedar-signatures/signatures/signatures_51/original_51_4.png,original_51_4.png,genuine,0,writer_51,writer_51_sample_4,.png
/kaggle/input/datasets/matteocarnebella/cedar-signatures/signatures/signatures_51/original_51_2.png,original_51_2.png,genuine,0,writer_51,writer_51_sample_2,.png
/kaggle/input/datasets/matteocarnebella/cedar-signatures/signatures/signatures_51/original_51_1.png,original_51_1.png,genuine,0,writer_51,writer_51_sample_1,.png
/kaggle/input/datasets/matteocarnebella/cedar-signatures/signatures/signatures_51/original_51_14.png,original_51_14.png,genuine,0,writer_51,writer_51_sample_14,.png
/kaggle/input/datasets/matteocarnebella/cedar-signatures/signatures/signatures_51/forgeries_51_10.png,forgeries_51_10.png,forged,1,writer_51,writer_51_sample_10,.png
/kaggle/input/datasets/matteocarnebella/cedar-signatures/signatures/signatures_51/original_51_6.png,original_51_6.png,genuine,0,writer_51,writer_51_sample_6,.png
/kaggle/input/datasets/matteocarnebella/cedar-signatures/signatures/signatures_51/forgeries_51_9.png,forgeries_51_9.png,forged,1,writer_51,writer_51_sample_9,.png
/kaggle/input/datasets/matteocarnebella/cedar-signatures/signatures/signatures_51/original_51_3.png,original_51_3.png,genuine,0,writer_51,writer_51_sample_3,.png
/kaggle/input/datasets/matteocarnebella/cedar-signatures/signatures/signatures_51/original_51_19.png,original_51_19.png,genuine,0,writer_51,writer_51_sample_19,.png
/kaggle/input/datasets/matteocarnebella/cedar-signatures/signatures/signatures_51/forgeries_51_24.png,forgeries_51_24.png,forged,1,writer_51,writer_51_sample_24,.png
/kaggle/input/datasets/matteocarnebella/cedar-signatures/signatures/signatures_51/original_51_15.png,original_51_15.png,genuine,0,writer_51,writer_51_sample_15,.png
/kaggle/input/datasets/matteocarnebella/cedar-signatures/signatures/signatures_51/original_51_7.png,original_51_7.png,genuine,0,writer_51,writer_51_sample_7,.png
/kaggle/input/datasets/matteocarnebella/cedar-signatures/signatures/signatures_51/forgeries_51_16.png,forgeries_51_16.png,forged,1,writer_51,writer_51_sample_16,.png
/kaggle/input/datasets/matteocarnebella/cedar-signatures/signatures/signatures_51/original_51_21.png,original_51_21.png,genuine,0,writer_51,writer_51_sample_21,.png
/kaggle/input/datasets/matteocarnebella/cedar-signatures/signatures/signatures_51/original_51_18.png,original_51_18.png,genuine,0,writer_51,writer_51_sample_18,.png
/kaggle/input/datasets/matteocarnebella/cedar-signatures/signatures/signatures_51/forgeries_51_19.png,forgeries_51_19.png,forged,1,writer_51,writer_51_sample_19,.png
/kaggle/input/datasets/matteocarnebella/cedar-signatures/signatures/signatures_51/original_51_5.png,original_51_5.png,genuine,0,writer_51,writer_51_sample_5,.png
/kaggle/input/datasets/matteocarnebella/cedar-signatures/signatures/signatures_51/forgeries_51_13.png,forgeries_51_13.png,forged,1,writer_51,writer_51_sample_13,.png
/kaggle/input/datasets/matteocarnebella/cedar-signatures/signatures/signatures_51/forgeries_51_7.png,forgeries_51_7.png,forged,1,writer_51,writer_51_sample_7,.png
/kaggle/input/datasets/matteocarnebella/cedar-signatures/signatures/signatures_51/forgeries_51_11.png,forgeries_51_11.png,forged,1,writer_51,writer_51_sample_11,.png
/kaggle/input/datasets/matteocarnebella/cedar-signatures/signatures/signatures_34/forgeries_34_11.png,forgeries_34_11.png,forged,1,writer_34,writer_34_sample_11,.png
/kaggle/input/datasets/matteocarnebella/cedar-signatures/signatures/signatures_34/original_34_13.png,original_34_13.png,genuine,0,writer_34,writer_34_sample_13,.png
/kaggle/input/datasets/matteocarnebella/cedar-signatures/signatures/signatures_34/original_34_20.png,original_34_20.png,genuine,0,writer_34,writer_34_sample_20,.png
/kaggle/input/datasets/matteocarnebella/cedar-signatures/signatures/signatures_34/original_34_9.png,original_34_9.png,genuine,0,writer_34,writer_34_sample_9,.png
/kaggle/input/datasets/matteocarnebella/cedar-signatures/signatures/signatures_34/forgeries_34_1.png,forgeries_34_1.png,forged,1,writer_34,writer_34_sample_1,.png
/kaggle/input/datasets/matteocarnebella/cedar-signatures/signatures/signatures_34/original_34_17.png,original_34_17.png,genuine,0,writer_34,writer_34_sample_17,.png
/kaggle/input/datasets/matteocarnebella/cedar-signatures/signatures/signatures_34/forgeries_34_22.png,forgeries_34_22.png,forged,1,writer_34,writer_34_sample_22,.png
/kaggle/input/datasets/matteocarnebella/cedar-signatures/signatures/signatures_34/original_34_12.png,original_34_12.png,genuine,0,writer_34,writer_34_sample_12,.png
/kaggle/input/datasets/matteocarnebella/cedar-signatures/signatures/signatures_34/original_34_4.png,original_34_4.png,genuine,0,writer_34,writer_34_sample_4,.png
/kaggle/input/datasets/matteocarnebella/cedar-signatures/signatures/signatures_34/original_34_10.png,original_34_10.png,genuine,0,writer_34,writer_34_sample_10,.png
/kaggle/input/datasets/matteocarnebella/cedar-signatures/signatures/signatures_34/forgeries_34_12.png,forgeries_34_12.png,forged,1,writer_34,writer_34_sample_12,.png
/kaggle/input/datasets/matteocarnebella/cedar-signatures/signatures/signatures_34/original_34_18.png,original_34_18.png,genuine,0,writer_34,writer_34_sample_18,.png
/kaggle/input/datasets/matteocarnebella/cedar-signatures/signatures/signatures_34/original_34_19.png,original_34_19.png,genuine,0,writer_34,writer_34_sample_19,.png
/kaggle/input/datasets/matteocarnebella/cedar-signatures/signatures/signatures_34/forgeries_34_15.png,forgeries_34_15.png,forged,1,writer_34,writer_34_sample_15,.png
/kaggle/input/datasets/matteocarnebella/cedar-signatures/signatures/signatures_34/forgeries_34_5.png,forgeries_34_5.png,forged,1,writer_34,writer_34_sample_5,.png
/kaggle/input/datasets/matteocarnebella/cedar-signatures/signatures/signatures_34/forgeries_34_24.png,forgeries_34_24.png,forged,1,writer_34,writer_34_sample_24,.png
/kaggle/input/datasets/matteocarnebella/cedar-signatures/signatures/signatures_34/original_34_7.png,original_34_7.png,genuine,0,writer_34,writer_34_sample_7,.png
/kaggle/input/datasets/matteocarnebella/cedar-signatures/signatures/signatures_34/forgeries_34_13.png,forgeries_34_13.png,forged,1,writer_34,writer_34_sample_13,.png
/kaggle/input/datasets/matteocarnebella/cedar-signatures/signatures/signatures_34/forgeries_34_21.png,forgeries_34_21.png,forged,1,writer_34,writer_34_sample_21,.png
/kaggle/input/datasets/matteocarnebella/cedar-signatures/signatures/signatures_34/original_34_16.png,original_34_16.png,genuine,0,writer_34,writer_34_sample_16,.png
/kaggle/input/datasets/matteocarnebella/cedar-signatures/signatures/signatures_34/original_34_5.png,original_34_5.png,genuine,0,writer_34,writer_34_sample_5,.png
/kaggle/input/datasets/matteocarnebella/cedar-signatures/signatures/signatures_34/original_34_11.png,original_34_11.png,genuine,0,writer_34,writer_34_sample_11,.png
/kaggle/input/datasets/matteocarnebella/cedar-signatures/signatures/signatures_34/original_34_8.png,original_34_8.png,genuine,0,writer_34,writer_34_sample_8,.png
/kaggle/input/datasets/matteocarnebella/cedar-signatures/signatures/signatures_34/forgeries_34_19.png,forgeries_34_19.png,forged,1,writer_34,writer_34_sample_19,.png
/kaggle/input/datasets/matteocarnebella/cedar-signatures/signatures/signatures_34/original_34_1.png,original_34_1.png,genuine,0,writer_34,writer_34_sample_1,.png
/kaggle/input/datasets/matteocarnebella/cedar-signatures/signatures/signatures_34/forgeries_34_16.png,forgeries_34_16.png,forged,1,writer_34,writer_34_sample_16,.png
/kaggle/input/datasets/matteocarnebella/cedar-signatures/signatures/signatures_34/forgeries_34_20.png,forgeries_34_20.png,forged,1,writer_34,writer_34_sample_20,.png
/kaggle/input/datasets/matteocarnebella/cedar-signatures/signatures/signatures_34/original_34_14.png,original_34_14.png,genuine,0,writer_34,writer_34_sample_14,.png
/kaggle/input/datasets/matteocarnebella/cedar-signatures/signatures/signatures_34/forgeries_34_7.png,forgeries_34_7.png,forged,1,writer_34,writer_34_sample_7,.png
/kaggle/input/datasets/matteocarnebella/cedar-signatures/signatures/signatures_34/forgeries_34_6.png,forgeries_34_6.png,forged,1,writer_34,writer_34_sample_6,.png
/kaggle/input/datasets/matteocarnebella/cedar-signatures/signatures/signatures_34/forgeries_34_18.png,forgeries_34_18.png,forged,1,writer_34,writer_34_sample_18,.png
/kaggle/input/datasets/matteocarnebella/cedar-signatures/signatures/signatures_34/original_34_6.png,original_34_6.png,genuine,0,writer_34,writer_34_sample_6,.png
/kaggle/input/datasets/matteocarnebella/cedar-signatures/signatures/signatures_34/original_34_22.png,original_34_22.png,genuine,0,writer_34,writer_34_sample_22,.png
/kaggle/input/datasets/matteocarnebella/cedar-signatures/signatures/signatures_34/original_34_24.png,original_34_24.png,genuine,0,writer_34,writer_34_sample_24,.png
/kaggle/input/datasets/matteocarnebella/cedar-signatures/signatures/signatures_34/original_34_21.png,original_34_21.png,genuine,0,writer_34,writer_34_sample_21,.png
/kaggle/input/datasets/matteocarnebella/cedar-signatures/signatures/signatures_34/original_34_2.png,original_34_2.png,genuine,0,writer_34,writer_34_sample_2,.png
/kaggle/input/datasets/matteocarnebella/cedar-signatures/signatures/signatures_34/forgeries_34_9.png,forgeries_34_9.png,forged,1,writer_34,writer_34_sample_9,.png
/kaggle/input/datasets/matteocarnebella/cedar-signatures/signatures/signatures_34/forgeries_34_8.png,forgeries_34_8.png,forged,1,writer_34,writer_34_sample_8,.png
/kaggle/input/datasets/matteocarnebella/cedar-signatures/signatures/signatures_34/forgeries_34_23.png,forgeries_34_23.png,forged,1,writer_34,writer_34_sample_23,.png
/kaggle/input/datasets/matteocarnebella/cedar-signatures/signatures/signatures_34/forgeries_34_4.png,forgeries_34_4.png,forged,1,writer_34,writer_34_sample_4,.png
/kaggle/input/datasets/matteocarnebella/cedar-signatures/signatures/signatures_34/forgeries_34_2.png,forgeries_34_2.png,forged,1,writer_34,writer_34_sample_2,.png
/kaggle/input/datasets/matteocarnebella/cedar-signatures/signatures/signatures_34/forgeries_34_17.png,forgeries_34_17.png,forged,1,writer_34,writer_34_sample_17,.png
/kaggle/input/datasets/matteocarnebella/cedar-signatures/signatures/signatures_34/forgeries_34_10.png,forgeries_34_10.png,forged,1,writer_34,writer_34_sample_10,.png
/kaggle/input/datasets/matteocarnebella/cedar-signatures/signatures/signatures_34/forgeries_34_14.png,forgeries_34_14.png,forged,1,writer_34,writer_34_sample_14,.png
/kaggle/input/datasets/matteocarnebella/cedar-signatures/signatures/signatures_34/forgeries_34_3.png,forgeries_34_3.png,forged,1,writer_34,writer_34_sample_3,.png
/kaggle/input/datasets/matteocarnebella/cedar-signatures/signatures/signatures_34/original_34_15.png,original_34_15.png,genuine,0,writer_34,writer_34_sample_15,.png
/kaggle/input/datasets/matteocarnebella/cedar-signatures/signatures/signatures_34/original_34_3.png,original_34_3.png,genuine,0,writer_34,writer_34_sample_3,.png
/kaggle/input/datasets/matteocarnebella/cedar-signatures/signatures/signatures_34/original_34_23.png,original_34_23.png,genuine,0,writer_34,writer_34_sample_23,.png
/kaggle/input/datasets/matteocarnebella/cedar-signatures/signatures/signatures_45/original_45_13.png,original_45_13.png,genuine,0,writer_45,writer_45_sample_13,.png
/kaggle/input/datasets/matteocarnebella/cedar-signatures/signatures/signatures_45/forgeries_45_24.png,forgeries_45_24.png,forged,1,writer_45,writer_45_sample_24,.png
/kaggle/input/datasets/matteocarnebella/cedar-signatures/signatures/signatures_45/forgeries_45_14.png,forgeries_45_14.png,forged,1,writer_45,writer_45_sample_14,.png
/kaggle/input/datasets/matteocarnebella/cedar-signatures/signatures/signatures_45/forgeries_45_15.png,forgeries_45_15.png,forged,1,writer_45,writer_45_sample_15,.png
/kaggle/input/datasets/matteocarnebella/cedar-signatures/signatures/signatures_45/original_45_14.png,original_45_14.png,genuine,0,writer_45,writer_45_sample_14,.png
/kaggle/input/datasets/matteocarnebella/cedar-signatures/signatures/signatures_45/forgeries_45_12.png,forgeries_45_12.png,forged,1,writer_45,writer_45_sample_12,.png
/kaggle/input/datasets/matteocarnebella/cedar-signatures/signatures/signatures_45/forgeries_45_13.png,forgeries_45_13.png,forged,1,writer_45,writer_45_sample_13,.png
/kaggle/input/datasets/matteocarnebella/cedar-signatures/signatures/signatures_45/original_45_10.png,original_45_10.png,genuine,0,writer_45,writer_45_sample_10,.png
/kaggle/input/datasets/matteocarnebella/cedar-signatures/signatures/signatures_45/forgeries_45_1.png,forgeries_45_1.png,forged,1,writer_45,writer_45_sample_1,.png
/kaggle/input/datasets/matteocarnebella/cedar-signatures/signatures/signatures_45/original_45_7.png,original_45_7.png,genuine,0,writer_45,writer_45_sample_7,.png
/kaggle/input/datasets/matteocarnebella/cedar-signatures/signatures/signatures_45/original_45_1.png,original_45_1.png,genuine,0,writer_45,writer_45_sample_1,.png
/kaggle/input/datasets/matteocarnebella/cedar-signatures/signatures/signatures_45/original_45_2.png,original_45_2.png,genuine,0,writer_45,writer_45_sample_2,.png
/kaggle/input/datasets/matteocarnebella/cedar-signatures/signatures/signatures_45/original_45_12.png,original_45_12.png,genuine,0,writer_45,writer_45_sample_12,.png
/kaggle/input/datasets/matteocarnebella/cedar-signatures/signatures/signatures_45/original_45_3.png,original_45_3.png,genuine,0,writer_45,writer_45_sample_3,.png
/kaggle/input/datasets/matteocarnebella/cedar-signatures/signatures/signatures_45/forgeries_45_11.png,forgeries_45_11.png,forged,1,writer_45,writer_45_sample_11,.png
/kaggle/input/datasets/matteocarnebella/cedar-signatures/signatures/signatures_45/forgeries_45_7.png,forgeries_45_7.png,forged,1,writer_45,writer_45_sample_7,.png
/kaggle/input/datasets/matteocarnebella/cedar-signatures/signatures/signatures_45/forgeries_45_21.png,forgeries_45_21.png,forged,1,writer_45,writer_45_sample_21,.png
/kaggle/input/datasets/matteocarnebella/cedar-signatures/signatures/signatures_45/original_45_20.png,original_45_20.png,genuine,0,writer_45,writer_45_sample_20,.png
/kaggle/input/datasets/matteocarnebella/cedar-signatures/signatures/signatures_45/forgeries_45_5.png,forgeries_45_5.png,forged,1,writer_45,writer_45_sample_5,.png
/kaggle/input/datasets/matteocarnebella/cedar-signatures/signatures/signatures_45/forgeries_45_17.png,forgeries_45_17.png,forged,1,writer_45,writer_45_sample_17,.png
/kaggle/input/datasets/matteocarnebella/cedar-signatures/signatures/signatures_45/original_45_6.png,original_45_6.png,genuine,0,writer_45,writer_45_sample_6,.png
/kaggle/input/datasets/matteocarnebella/cedar-signatures/signatures/signatures_45/original_45_4.png,original_45_4.png,genuine,0,writer_45,writer_45_sample_4,.png
/kaggle/input/datasets/matteocarnebella/cedar-signatures/signatures/signatures_45/original_45_11.png,original_45_11.png,genuine,0,writer_45,writer_45_sample_11,.png
/kaggle/input/datasets/matteocarnebella/cedar-signatures/signatures/signatures_45/original_45_15.png,original_45_15.png,genuine,0,writer_45,writer_45_sample_15,.png
/kaggle/input/datasets/matteocarnebella/cedar-signatures/signatures/signatures_45/original_45_18.png,original_45_18.png,genuine,0,writer_45,writer_45_sample_18,.png
/kaggle/input/datasets/matteocarnebella/cedar-signatures/signatures/signatures_45/forgeries_45_6.png,forgeries_45_6.png,forged,1,writer_45,writer_45_sample_6,.png
/kaggle/input/datasets/matteocarnebella/cedar-signatures/signatures/signatures_45/forgeries_45_18.png,forgeries_45_18.png,forged,1,writer_45,writer_45_sample_18,.png
/kaggle/input/datasets/matteocarnebella/cedar-signatures/signatures/signatures_45/forgeries_45_23.png,forgeries_45_23.png,forged,1,writer_45,writer_45_sample_23,.png
/kaggle/input/datasets/matteocarnebella/cedar-signatures/signatures/signatures_45/original_45_21.png,original_45_21.png,genuine,0,writer_45,writer_45_sample_21,.png
/kaggle/input/datasets/matteocarnebella/cedar-signatures/signatures/signatures_45/original_45_9.png,original_45_9.png,genuine,0,writer_45,writer_45_sample_9,.png
/kaggle/input/datasets/matteocarnebella/cedar-signatures/signatures/signatures_45/forgeries_45_9.png,forgeries_45_9.png,forged,1,writer_45,writer_45_sample_9,.png
/kaggle/input/datasets/matteocarnebella/cedar-signatures/signatures/signatures_45/forgeries_45_2.png,forgeries_45_2.png,forged,1,writer_45,writer_45_sample_2,.png
/kaggle/input/datasets/matteocarnebella/cedar-signatures/signatures/signatures_45/forgeries_45_4.png,forgeries_45_4.png,forged,1,writer_45,writer_45_sample_4,.png
/kaggle/input/datasets/matteocarnebella/cedar-signatures/signatures/signatures_45/original_45_8.png,original_45_8.png,genuine,0,writer_45,writer_45_sample_8,.png
/kaggle/input/datasets/matteocarnebella/cedar-signatures/signatures/signatures_45/forgeries_45_16.png,forgeries_45_16.png,forged,1,writer_45,writer_45_sample_16,.png
/kaggle/input/datasets/matteocarnebella/cedar-signatures/signatures/signatures_45/forgeries_45_3.png,forgeries_45_3.png,forged,1,writer_45,writer_45_sample_3,.png
/kaggle/input/datasets/matteocarnebella/cedar-signatures/signatures/signatures_45/original_45_23.png,original_45_23.png,genuine,0,writer_45,writer_45_sample_23,.png
/kaggle/input/datasets/matteocarnebella/cedar-signatures/signatures/signatures_45/original_45_19.png,original_45_19.png,genuine,0,writer_45,writer_45_sample_19,.png
/kaggle/input/datasets/matteocarnebella/cedar-signatures/signatures/signatures_45/forgeries_45_8.png,forgeries_45_8.png,forged,1,writer_45,writer_45_sample_8,.png
/kaggle/input/datasets/matteocarnebella/cedar-signatures/signatures/signatures_45/forgeries_45_22.png,forgeries_45_22.png,forged,1,writer_45,writer_45_sample_22,.png
/kaggle/input/datasets/matteocarnebella/cedar-signatures/signatures/signatures_45/forgeries_45_19.png,forgeries_45_19.png,forged,1,writer_45,writer_45_sample_19,.png
/kaggle/input/datasets/matteocarnebella/cedar-signatures/signatures/signatures_45/forgeries_45_10.png,forgeries_45_10.png,forged,1,writer_45,writer_45_sample_10,.png
/kaggle/input/datasets/matteocarnebella/cedar-signatures/signatures/signatures_45/original_45_22.png,original_45_22.png,genuine,0,writer_45,writer_45_sample_22,.png
/kaggle/input/datasets/matteocarnebella/cedar-signatures/signatures/signatures_45/original_45_17.png,original_45_17.png,genuine,0,writer_45,writer_45_sample_17,.png
/kaggle/input/datasets/matteocarnebella/cedar-signatures/signatures/signatures_45/original_45_16.png,original_45_16.png,genuine,0,writer_45,writer_45_sample_16,.png
/kaggle/input/datasets/matteocarnebella/cedar-signatures/signatures/signatures_45/forgeries_45_20.png,forgeries_45_20.png,forged,1,writer_45,writer_45_sample_20,.png
/kaggle/input/datasets/matteocarnebella/cedar-signatures/signatures/signatures_45/original_45_24.png,original_45_24.png,genuine,0,writer_45,writer_45_sample_24,.png
/kaggle/input/datasets/matteocarnebella/cedar-signatures/signatures/signatures_45/original_45_5.png,original_45_5.png,genuine,0,writer_45,writer_45_sample_5,.png
/kaggle/input/datasets/matteocarnebella/cedar-signatures/signatures/signatures_8/original_8_11.png,original_8_11.png,genuine,0,writer_8,writer_8_sample_11,.png
/kaggle/input/datasets/matteocarnebella/cedar-signatures/signatures/signatures_8/forgeries_8_17.png,forgeries_8_17.png,forged,1,writer_8,writer_8_sample_17,.png
/kaggle/input/datasets/matteocarnebella/cedar-signatures/signatures/signatures_8/original_8_18.png,original_8_18.png,genuine,0,writer_8,writer_8_sample_18,.png
/kaggle/input/datasets/matteocarnebella/cedar-signatures/signatures/signatures_8/forgeries_8_23.png,forgeries_8_23.png,forged,1,writer_8,writer_8_sample_23,.png
/kaggle/input/datasets/matteocarnebella/cedar-signatures/signatures/signatures_8/forgeries_8_24.png,forgeries_8_24.png,forged,1,writer_8,writer_8_sample_24,.png
/kaggle/input/datasets/matteocarnebella/cedar-signatures/signatures/signatures_8/forgeries_8_10.png,forgeries_8_10.png,forged,1,writer_8,writer_8_sample_10,.png
/kaggle/input/datasets/matteocarnebella/cedar-signatures/signatures/signatures_8/forgeries_8_1.png,forgeries_8_1.png,forged,1,writer_8,writer_8_sample_1,.png
/kaggle/input/datasets/matteocarnebella/cedar-signatures/signatures/signatures_8/original_8_1.png,original_8_1.png,genuine,0,writer_8,writer_8_sample_1,.png
/kaggle/input/datasets/matteocarnebella/cedar-signatures/signatures/signatures_8/forgeries_8_11.png,forgeries_8_11.png,forged,1,writer_8,writer_8_sample_11,.png
/kaggle/input/datasets/matteocarnebella/cedar-signatures/signatures/signatures_8/original_8_14.png,original_8_14.png,genuine,0,writer_8,writer_8_sample_14,.png
/kaggle/input/datasets/matteocarnebella/cedar-signatures/signatures/signatures_8/forgeries_8_3.png,forgeries_8_3.png,forged,1,writer_8,writer_8_sample_3,.png
/kaggle/input/datasets/matteocarnebella/cedar-signatures/signatures/signatures_8/forgeries_8_15.png,forgeries_8_15.png,forged,1,writer_8,writer_8_sample_15,.png
/kaggle/input/datasets/matteocarnebella/cedar-signatures/signatures/signatures_8/original_8_6.png,original_8_6.png,genuine,0,writer_8,writer_8_sample_6,.png
/kaggle/input/datasets/matteocarnebella/cedar-signatures/signatures/signatures_8/forgeries_8_4.png,forgeries_8_4.png,forged,1,writer_8,writer_8_sample_4,.png
/kaggle/input/datasets/matteocarnebella/cedar-signatures/signatures/signatures_8/forgeries_8_12.png,forgeries_8_12.png,forged,1,writer_8,writer_8_sample_12,.png
/kaggle/input/datasets/matteocarnebella/cedar-signatures/signatures/signatures_8/forgeries_8_5.png,forgeries_8_5.png,forged,1,writer_8,writer_8_sample_5,.png
/kaggle/input/datasets/matteocarnebella/cedar-signatures/signatures/signatures_8/forgeries_8_14.png,forgeries_8_14.png,forged,1,writer_8,writer_8_sample_14,.png
/kaggle/input/datasets/matteocarnebella/cedar-signatures/signatures/signatures_8/original_8_7.png,original_8_7.png,genuine,0,writer_8,writer_8_sample_7,.png
/kaggle/input/datasets/matteocarnebella/cedar-signatures/signatures/signatures_8/original_8_16.png,original_8_16.png,genuine,0,writer_8,writer_8_sample_16,.png
/kaggle/input/datasets/matteocarnebella/cedar-signatures/signatures/signatures_8/forgeries_8_20.png,forgeries_8_20.png,forged,1,writer_8,writer_8_sample_20,.png
/kaggle/input/datasets/matteocarnebella/cedar-signatures/signatures/signatures_8/original_8_20.png,original_8_20.png,genuine,0,writer_8,writer_8_sample_20,.png
/kaggle/input/datasets/matteocarnebella/cedar-signatures/signatures/signatures_8/forgeries_8_19.png,forgeries_8_19.png,forged,1,writer_8,writer_8_sample_19,.png
/kaggle/input/datasets/matteocarnebella/cedar-signatures/signatures/signatures_8/forgeries_8_22.png,forgeries_8_22.png,forged,1,writer_8,writer_8_sample_22,.png
/kaggle/input/datasets/matteocarnebella/cedar-signatures/signatures/signatures_8/original_8_12.png,original_8_12.png,genuine,0,writer_8,writer_8_sample_12,.png
/kaggle/input/datasets/matteocarnebella/cedar-signatures/signatures/signatures_8/original_8_17.png,original_8_17.png,genuine,0,writer_8,writer_8_sample_17,.png
/kaggle/input/datasets/matteocarnebella/cedar-signatures/signatures/signatures_8/original_8_5.png,original_8_5.png,genuine,0,writer_8,writer_8_sample_5,.png
/kaggle/input/datasets/matteocarnebella/cedar-signatures/signatures/signatures_8/original_8_15.png,original_8_15.png,genuine,0,writer_8,writer_8_sample_15,.png
/kaggle/input/datasets/matteocarnebella/cedar-signatures/signatures/signatures_8/forgeries_8_16.png,forgeries_8_16.png,forged,1,writer_8,writer_8_sample_16,.png
/kaggle/input/datasets/matteocarnebella/cedar-signatures/signatures/signatures_8/forgeries_8_18.png,forgeries_8_18.png,forged,1,writer_8,writer_8_sample_18,.png
/kaggle/input/datasets/matteocarnebella/cedar-signatures/signatures/signatures_8/original_8_22.png,original_8_22.png,genuine,0,writer_8,writer_8_sample_22,.png
/kaggle/input/datasets/matteocarnebella/cedar-signatures/signatures/signatures_8/original_8_9.png,original_8_9.png,genuine,0,writer_8,writer_8_sample_9,.png
/kaggle/input/datasets/matteocarnebella/cedar-signatures/signatures/signatures_8/forgeries_8_7.png,forgeries_8_7.png,forged,1,writer_8,writer_8_sample_7,.png
/kaggle/input/datasets/matteocarnebella/cedar-signatures/signatures/signatures_8/forgeries_8_8.png,forgeries_8_8.png,forged,1,writer_8,writer_8_sample_8,.png
/kaggle/input/datasets/matteocarnebella/cedar-signatures/signatures/signatures_8/original_8_10.png,original_8_10.png,genuine,0,writer_8,writer_8_sample_10,.png
/kaggle/input/datasets/matteocarnebella/cedar-signatures/signatures/signatures_8/original_8_8.png,original_8_8.png,genuine,0,writer_8,writer_8_sample_8,.png
/kaggle/input/datasets/matteocarnebella/cedar-signatures/signatures/signatures_8/original_8_24.png,original_8_24.png,genuine,0,writer_8,writer_8_sample_24,.png
/kaggle/input/datasets/matteocarnebella/cedar-signatures/signatures/signatures_8/forgeries_8_2.png,forgeries_8_2.png,forged,1,writer_8,writer_8_sample_2,.png
/kaggle/input/datasets/matteocarnebella/cedar-signatures/signatures/signatures_8/forgeries_8_21.png,forgeries_8_21.png,forged,1,writer_8,writer_8_sample_21,.png
/kaggle/input/datasets/matteocarnebella/cedar-signatures/signatures/signatures_8/original_8_3.png,original_8_3.png,genuine,0,writer_8,writer_8_sample_3,.png
/kaggle/input/datasets/matteocarnebella/cedar-signatures/signatures/signatures_8/forgeries_8_9.png,forgeries_8_9.png,forged,1,writer_8,writer_8_sample_9,.png
/kaggle/input/datasets/matteocarnebella/cedar-signatures/signatures/signatures_8/forgeries_8_6.png,forgeries_8_6.png,forged,1,writer_8,writer_8_sample_6,.png
/kaggle/input/datasets/matteocarnebella/cedar-signatures/signatures/signatures_8/original_8_13.png,original_8_13.png,genuine,0,writer_8,writer_8_sample_13,.png
/kaggle/input/datasets/matteocarnebella/cedar-signatures/signatures/signatures_8/forgeries_8_13.png,forgeries_8_13.png,forged,1,writer_8,writer_8_sample_13,.png
/kaggle/input/datasets/matteocarnebella/cedar-signatures/signatures/signatures_8/original_8_19.png,original_8_19.png,genuine,0,writer_8,writer_8_sample_19,.png
/kaggle/input/datasets/matteocarnebella/cedar-signatures/signatures/signatures_8/original_8_21.png,original_8_21.png,genuine,0,writer_8,writer_8_sample_21,.png
/kaggle/input/datasets/matteocarnebella/cedar-signatures/signatures/signatures_8/original_8_23.png,original_8_23.png,genuine,0,writer_8,writer_8_sample_23,.png
/kaggle/input/datasets/matteocarnebella/cedar-signatures/signatures/signatures_8/original_8_2.png,original_8_2.png,genuine,0,writer_8,writer_8_sample_2,.png
/kaggle/input/datasets/matteocarnebella/cedar-signatures/signatures/signatures_8/original_8_4.png,original_8_4.png,genuine,0,writer_8,writer_8_sample_4,.png
